key,value,timestamp,run_uuid,step,is_nan
val_pr_auc_mood/theme---slow,0.04530889830540493,1780302780671,906cef2b2f4f465eb47f298a50065e54,0,f
val_roc_auc_mood/theme---slow,0.7420947472785195,1780302780671,906cef2b2f4f465eb47f298a50065e54,0,f
val_roc_auc_mood/theme---movie,0.7676229498365148,1780302780671,906cef2b2f4f465eb47f298a50065e54,0,f
val_pr_auc_mood/theme---movie,0.1087753588885959,1780302780671,906cef2b2f4f465eb47f298a50065e54,0,f
val_roc_auc_mood/theme---motivational,0.8653429925766927,1780302780671,906cef2b2f4f465eb47f298a50065e54,0,f
val_pr_auc_mood/theme---motivational,0.1725436477204125,1780302780671,906cef2b2f4f465eb47f298a50065e54,0,f
val_roc_auc_mood/theme---melodic,0.5814995821832822,1780302780671,906cef2b2f4f465eb47f298a50065e54,0,f
val_pr_auc_mood/theme---melodic,0.12441460367084706,1780302780671,906cef2b2f4f465eb47f298a50065e54,0,f
val_roc_auc_mood/theme---melancholic,0.6932946221756842,1780302780671,906cef2b2f4f465eb47f298a50065e54,0,f
val_pr_auc_mood/theme---melancholic,0.05742756240974385,1780302780671,906cef2b2f4f465eb47f298a50065e54,0,f
val_roc_auc_mood/theme---meditative,0.7785913023007467,1780302780671,906cef2b2f4f465eb47f298a50065e54,0,f
val_pr_auc_mood/theme---meditative,0.13205073765797654,1780302780671,906cef2b2f4f465eb47f298a50065e54,0,f
val_roc_auc_mood/theme---love,0.6987938193094023,1780302780671,906cef2b2f4f465eb47f298a50065e54,0,f
val_pr_auc_mood/theme---love,0.12094701014246179,1780302780671,906cef2b2f4f465eb47f298a50065e54,0,f
val_roc_auc_mood/theme---inspiring,0.628845953274927,1780302780671,906cef2b2f4f465eb47f298a50065e54,0,f
val_pr_auc_mood/theme---inspiring,0.07685881546447212,1780302780671,906cef2b2f4f465eb47f298a50065e54,0,f
val_roc_auc_mood/theme---hopeful,0.6713430105623414,1780302780671,906cef2b2f4f465eb47f298a50065e54,0,f
val_pr_auc_mood/theme---hopeful,0.018531438075320823,1780302780671,906cef2b2f4f465eb47f298a50065e54,0,f
val_roc_auc_mood/theme---holiday,0.5933217035154916,1780302780671,906cef2b2f4f465eb47f298a50065e54,0,f
val_pr_auc_mood/theme---holiday,0.016016427625995096,1780302780671,906cef2b2f4f465eb47f298a50065e54,0,f
val_roc_auc_mood/theme---heavy,0.9169138988719779,1780302780671,906cef2b2f4f465eb47f298a50065e54,0,f
val_pr_auc_mood/theme---heavy,0.13202035700989084,1780302780671,906cef2b2f4f465eb47f298a50065e54,0,f
val_roc_auc_mood/theme---happy,0.7195845053563947,1780302780671,906cef2b2f4f465eb47f298a50065e54,0,f
val_pr_auc_mood/theme---happy,0.23222296604017395,1780302780671,906cef2b2f4f465eb47f298a50065e54,0,f
val_roc_auc_mood/theme---groovy,0.7948106368170745,1780302780671,906cef2b2f4f465eb47f298a50065e54,0,f
val_pr_auc_mood/theme---groovy,0.047268275987473025,1780302780671,906cef2b2f4f465eb47f298a50065e54,0,f
val_roc_auc_mood/theme---game,0.6626670469361148,1780302780671,906cef2b2f4f465eb47f298a50065e54,0,f
val_pr_auc_mood/theme---game,0.019918453583461358,1780302780671,906cef2b2f4f465eb47f298a50065e54,0,f
val_roc_auc_mood/theme---funny,0.8015578080237468,1780302780671,906cef2b2f4f465eb47f298a50065e54,0,f
val_pr_auc_mood/theme---funny,0.02014227737021993,1780302780671,906cef2b2f4f465eb47f298a50065e54,0,f
val_pr_auc_mood/theme---nature,0.03248018355825902,1780302780671,906cef2b2f4f465eb47f298a50065e54,0,f
val_roc_auc_mood/theme---fun,0.6937478273089696,1780302780671,906cef2b2f4f465eb47f298a50065e54,0,f
val_pr_auc_mood/theme---fun,0.09328208791451786,1780302780671,906cef2b2f4f465eb47f298a50065e54,0,f
val_roc_auc_mood/theme---film,0.7382364035768967,1780302780671,906cef2b2f4f465eb47f298a50065e54,0,f
val_pr_auc_mood/theme---film,0.17954687375910713,1780302780671,906cef2b2f4f465eb47f298a50065e54,0,f
val_roc_auc_mood/theme---fast,0.876517682529335,1780302780671,906cef2b2f4f465eb47f298a50065e54,0,f
val_pr_auc_mood/theme---fast,0.07322455768647576,1780302780671,906cef2b2f4f465eb47f298a50065e54,0,f
stdev_train_loss,0.004373013250476993,1780302389054,906cef2b2f4f465eb47f298a50065e54,0,f
val_loss_avg,0.05218459173662116,1780302780671,906cef2b2f4f465eb47f298a50065e54,0,f
val_loss_std,0.01903098076715762,1780302780671,906cef2b2f4f465eb47f298a50065e54,0,f
val_pr_auc_mood/theme---action,0.1504143073328869,1780302780671,906cef2b2f4f465eb47f298a50065e54,0,f
val_roc_auc_mood/theme---action,0.7075430041002498,1780302780671,906cef2b2f4f465eb47f298a50065e54,0,f
val_pr_auc_mood/theme---adventure,0.04606407454837544,1780302780671,906cef2b2f4f465eb47f298a50065e54,0,f
val_roc_auc_mood/theme---adventure,0.5985137982318434,1780302780671,906cef2b2f4f465eb47f298a50065e54,0,f
avg_train_loss,0.049960767805695,1780302388581,906cef2b2f4f465eb47f298a50065e54,0,f
train_loss,0.049960767805695,1780302389482,906cef2b2f4f465eb47f298a50065e54,0,f
val_roc_auc_mood/theme---epic,0.8874910426739367,1780302780671,906cef2b2f4f465eb47f298a50065e54,0,f
val_pr_auc_mood/theme---epic,0.39211316301489735,1780302780671,906cef2b2f4f465eb47f298a50065e54,0,f
val_roc_auc_mood/theme---energetic,0.756883607891993,1780302780671,906cef2b2f4f465eb47f298a50065e54,0,f
val_pr_auc_mood/theme---energetic,0.18183702820410252,1780302780671,906cef2b2f4f465eb47f298a50065e54,0,f
val_roc_auc_mood/theme---emotional,0.6847125497513955,1780302780671,906cef2b2f4f465eb47f298a50065e54,0,f
val_pr_auc_mood/theme---emotional,0.1564067177577457,1780302780671,906cef2b2f4f465eb47f298a50065e54,0,f
val_roc_auc_mood/theme---dream,0.6796046575692218,1780302780671,906cef2b2f4f465eb47f298a50065e54,0,f
val_pr_auc_mood/theme---dream,0.14144544150344202,1780302780671,906cef2b2f4f465eb47f298a50065e54,0,f
val_roc_auc_mood/theme---dramatic,0.7144763956538029,1780302780671,906cef2b2f4f465eb47f298a50065e54,0,f
val_pr_auc_mood/theme---dramatic,0.021455103840224386,1780302780671,906cef2b2f4f465eb47f298a50065e54,0,f
val_roc_auc_mood/theme---drama,0.7161727729885057,1780302780671,906cef2b2f4f465eb47f298a50065e54,0,f
val_pr_auc_mood/theme---drama,0.06382693101830092,1780302780671,906cef2b2f4f465eb47f298a50065e54,0,f
val_roc_auc_mood/theme---documentary,0.62760073102226,1780302780671,906cef2b2f4f465eb47f298a50065e54,0,f
val_roc_auc_mood/theme---soft,0.7011814439303212,1780302780671,906cef2b2f4f465eb47f298a50065e54,0,f
val_pr_auc_mood/theme---documentary,0.043165214021037006,1780302780671,906cef2b2f4f465eb47f298a50065e54,0,f
val_roc_auc_mood/theme---deep,0.8143700718620063,1780302780671,906cef2b2f4f465eb47f298a50065e54,0,f
val_pr_auc_mood/theme---deep,0.2477907404134444,1780302780671,906cef2b2f4f465eb47f298a50065e54,0,f
val_roc_auc_mood/theme---dark,0.7485177009119881,1780302780671,906cef2b2f4f465eb47f298a50065e54,0,f
val_pr_auc_mood/theme---dark,0.15417503088865964,1780302780671,906cef2b2f4f465eb47f298a50065e54,0,f
val_roc_auc_mood/theme---corporate,0.7854027494065036,1780302780671,906cef2b2f4f465eb47f298a50065e54,0,f
val_pr_auc_mood/theme---corporate,0.14961637941984382,1780302780671,906cef2b2f4f465eb47f298a50065e54,0,f
val_roc_auc_mood/theme---cool,0.7375109279380542,1780302780671,906cef2b2f4f465eb47f298a50065e54,0,f
val_pr_auc_mood/theme---cool,0.02481949867316689,1780302780671,906cef2b2f4f465eb47f298a50065e54,0,f
val_roc_auc_mood/theme---commercial,0.7292949012402389,1780302780671,906cef2b2f4f465eb47f298a50065e54,0,f
val_pr_auc_mood/theme---commercial,0.07694342499011608,1780302780671,906cef2b2f4f465eb47f298a50065e54,0,f
val_roc_auc_mood/theme---christmas,0.7910117735761513,1780302780671,906cef2b2f4f465eb47f298a50065e54,0,f
val_pr_auc_mood/theme---christmas,0.060627681623195685,1780302780671,906cef2b2f4f465eb47f298a50065e54,0,f
val_roc_auc_mood/theme---children,0.7445747780513237,1780302780671,906cef2b2f4f465eb47f298a50065e54,0,f
val_pr_auc_mood/theme---children,0.11297610162960983,1780302780671,906cef2b2f4f465eb47f298a50065e54,0,f
val_roc_auc_mood/theme---calm,0.6303303240837044,1780302780671,906cef2b2f4f465eb47f298a50065e54,0,f
val_pr_auc_mood/theme---calm,0.04677551830036043,1780302780671,906cef2b2f4f465eb47f298a50065e54,0,f
val_roc_auc_mood/theme---ballad,0.8051042587680519,1780302780671,906cef2b2f4f465eb47f298a50065e54,0,f
val_pr_auc_mood/theme---ballad,0.080655630770757,1780302780671,906cef2b2f4f465eb47f298a50065e54,0,f
val_roc_auc_mood/theme---background,0.49182692307692305,1780302780671,906cef2b2f4f465eb47f298a50065e54,0,f
val_pr_auc_mood/theme---background,0.008448527362184743,1780302780671,906cef2b2f4f465eb47f298a50065e54,0,f
val_roc_auc_mood/theme---advertising,0.7992182919679499,1780302780671,906cef2b2f4f465eb47f298a50065e54,0,f
val_pr_auc_mood/theme---advertising,0.16476952352766572,1780302780671,906cef2b2f4f465eb47f298a50065e54,0,f
val_pr_auc_mood/theme---soft,0.056037376362124816,1780302780671,906cef2b2f4f465eb47f298a50065e54,0,f
val_roc_auc_mood/theme---nature,0.7023198369733024,1780302780671,906cef2b2f4f465eb47f298a50065e54,0,f
val_pr_auc_mood/theme---party,0.07761747045678274,1780302780671,906cef2b2f4f465eb47f298a50065e54,0,f
val_roc_auc_mood/theme---party,0.8169746919746919,1780302780671,906cef2b2f4f465eb47f298a50065e54,0,f
val_pr_auc_mood/theme---positive,0.04325306108294653,1780302780671,906cef2b2f4f465eb47f298a50065e54,0,f
val_roc_auc_mood/theme---positive,0.732573401551632,1780302780671,906cef2b2f4f465eb47f298a50065e54,0,f
val_pr_auc_mood/theme---powerful,0.02141162359533366,1780302780671,906cef2b2f4f465eb47f298a50065e54,0,f
val_roc_auc_mood/theme---powerful,0.6775533331444599,1780302780671,906cef2b2f4f465eb47f298a50065e54,0,f
val_pr_auc_mood/theme---relaxing,0.21319388498083927,1780302780671,906cef2b2f4f465eb47f298a50065e54,0,f
val_roc_auc_mood/theme---relaxing,0.7646008051674438,1780302780671,906cef2b2f4f465eb47f298a50065e54,0,f
val_pr_auc_mood/theme---retro,0.014069798984499726,1780302780671,906cef2b2f4f465eb47f298a50065e54,0,f
val_roc_auc_mood/theme---retro,0.5727978417779391,1780302780671,906cef2b2f4f465eb47f298a50065e54,0,f
val_pr_auc_mood/theme---romantic,0.08375938314546245,1780302780671,906cef2b2f4f465eb47f298a50065e54,0,f
val_roc_auc_mood/theme---romantic,0.7532274241336793,1780302780671,906cef2b2f4f465eb47f298a50065e54,0,f
val_pr_auc_mood/theme---sad,0.09175324756838295,1780302780671,906cef2b2f4f465eb47f298a50065e54,0,f
val_roc_auc_mood/theme---sad,0.7238951394511294,1780302780671,906cef2b2f4f465eb47f298a50065e54,0,f
val_pr_auc_mood/theme---sexy,0.06086049567113974,1780302780671,906cef2b2f4f465eb47f298a50065e54,0,f
val_roc_auc_mood/theme---sexy,0.7322780948278956,1780302780671,906cef2b2f4f465eb47f298a50065e54,0,f
val_macro_roc_auc,0.7295532978844808,1780302780671,906cef2b2f4f465eb47f298a50065e54,0,f
val_macro_pr_auc,0.09785341937457018,1780302780671,906cef2b2f4f465eb47f298a50065e54,0,f
val_roc_auc_mood/theme---uplifting,0.6668208430798358,1780302780671,906cef2b2f4f465eb47f298a50065e54,0,f
val_pr_auc_mood/theme---uplifting,0.06429485978018681,1780302780671,906cef2b2f4f465eb47f298a50065e54,0,f
val_roc_auc_mood/theme---upbeat,0.5787703327553464,1780302780671,906cef2b2f4f465eb47f298a50065e54,0,f
val_pr_auc_mood/theme---upbeat,0.04271125506574345,1780302780671,906cef2b2f4f465eb47f298a50065e54,0,f
val_roc_auc_mood/theme---travel,0.6050397777016483,1780302780671,906cef2b2f4f465eb47f298a50065e54,0,f
val_pr_auc_mood/theme---travel,0.01922604629999649,1780302780671,906cef2b2f4f465eb47f298a50065e54,0,f
val_roc_auc_mood/theme---trailer,0.9403003386170683,1780302780671,906cef2b2f4f465eb47f298a50065e54,0,f
val_pr_auc_mood/theme---trailer,0.22788717266380482,1780302780671,906cef2b2f4f465eb47f298a50065e54,0,f
val_roc_auc_mood/theme---summer,0.8522687229235331,1780302780671,906cef2b2f4f465eb47f298a50065e54,0,f
val_pr_auc_mood/theme---summer,0.22292615521427603,1780302780671,906cef2b2f4f465eb47f298a50065e54,0,f
val_roc_auc_mood/theme---sport,0.8964077968566475,1780302780671,906cef2b2f4f465eb47f298a50065e54,0,f
val_pr_auc_mood/theme---sport,0.13033777428025095,1780302780671,906cef2b2f4f465eb47f298a50065e54,0,f
val_roc_auc_mood/theme---space,0.7568106639763204,1780302780671,906cef2b2f4f465eb47f298a50065e54,0,f
val_pr_auc_mood/theme---space,0.05348496134623454,1780302780671,906cef2b2f4f465eb47f298a50065e54,0,f
val_roc_auc_mood/theme---soundscape,0.7062164394878149,1780302780671,906cef2b2f4f465eb47f298a50065e54,0,f
val_pr_auc_mood/theme---soundscape,0.029660346767099745,1780302780671,906cef2b2f4f465eb47f298a50065e54,0,f
val_roc_auc_mood/theme---movie,0.8024310494965899,1780303750197,906cef2b2f4f465eb47f298a50065e54,1,f
avg_train_loss,0.04917430344862151,1780303530989,906cef2b2f4f465eb47f298a50065e54,1,f
stdev_train_loss,0.004333486342462265,1780303531559,906cef2b2f4f465eb47f298a50065e54,1,f
val_loss_avg,0.05265425554007024,1780303750197,906cef2b2f4f465eb47f298a50065e54,1,f
val_loss_std,0.018475532518343378,1780303750197,906cef2b2f4f465eb47f298a50065e54,1,f
val_pr_auc_mood/theme---action,0.11245792995676872,1780303750197,906cef2b2f4f465eb47f298a50065e54,1,f
val_roc_auc_mood/theme---action,0.7554164543756217,1780303750197,906cef2b2f4f465eb47f298a50065e54,1,f
val_pr_auc_mood/theme---adventure,0.030584943072125767,1780303750197,906cef2b2f4f465eb47f298a50065e54,1,f
val_roc_auc_mood/theme---adventure,0.5753807595912859,1780303750197,906cef2b2f4f465eb47f298a50065e54,1,f
val_pr_auc_mood/theme---advertising,0.16316015715619236,1780303750197,906cef2b2f4f465eb47f298a50065e54,1,f
val_roc_auc_mood/theme---advertising,0.7941930260476284,1780303750197,906cef2b2f4f465eb47f298a50065e54,1,f
val_pr_auc_mood/theme---background,0.01489253908212958,1780303750197,906cef2b2f4f465eb47f298a50065e54,1,f
val_roc_auc_mood/theme---background,0.5705653183023872,1780303750197,906cef2b2f4f465eb47f298a50065e54,1,f
val_pr_auc_mood/theme---ballad,0.09642222798774037,1780303750197,906cef2b2f4f465eb47f298a50065e54,1,f
val_roc_auc_mood/theme---ballad,0.8057765988800472,1780303750197,906cef2b2f4f465eb47f298a50065e54,1,f
val_pr_auc_mood/theme---calm,0.04552286498458019,1780303750197,906cef2b2f4f465eb47f298a50065e54,1,f
val_roc_auc_mood/theme---calm,0.6263806839455839,1780303750197,906cef2b2f4f465eb47f298a50065e54,1,f
val_pr_auc_mood/theme---children,0.10300532850076906,1780303750197,906cef2b2f4f465eb47f298a50065e54,1,f
val_roc_auc_mood/theme---children,0.7542421801737257,1780303750197,906cef2b2f4f465eb47f298a50065e54,1,f
val_pr_auc_mood/theme---christmas,0.07410692410691307,1780303750197,906cef2b2f4f465eb47f298a50065e54,1,f
val_roc_auc_mood/theme---christmas,0.7966846943510034,1780303750197,906cef2b2f4f465eb47f298a50065e54,1,f
val_pr_auc_mood/theme---commercial,0.10119657429511629,1780303750197,906cef2b2f4f465eb47f298a50065e54,1,f
val_roc_auc_mood/theme---commercial,0.7484114224467922,1780303750197,906cef2b2f4f465eb47f298a50065e54,1,f
val_pr_auc_mood/theme---cool,0.024705359132628113,1780303750197,906cef2b2f4f465eb47f298a50065e54,1,f
val_roc_auc_mood/theme---cool,0.7790214812039465,1780303750197,906cef2b2f4f465eb47f298a50065e54,1,f
val_pr_auc_mood/theme---corporate,0.15384627125587563,1780303750197,906cef2b2f4f465eb47f298a50065e54,1,f
val_roc_auc_mood/theme---corporate,0.8018941276063234,1780303750197,906cef2b2f4f465eb47f298a50065e54,1,f
val_pr_auc_mood/theme---dark,0.10434976683115213,1780303750197,906cef2b2f4f465eb47f298a50065e54,1,f
val_roc_auc_mood/theme---dark,0.6898464179337884,1780303750197,906cef2b2f4f465eb47f298a50065e54,1,f
val_pr_auc_mood/theme---deep,0.26803058908884525,1780303750197,906cef2b2f4f465eb47f298a50065e54,1,f
val_roc_auc_mood/theme---deep,0.8240584368945986,1780303750197,906cef2b2f4f465eb47f298a50065e54,1,f
val_pr_auc_mood/theme---documentary,0.04058150196448079,1780303750197,906cef2b2f4f465eb47f298a50065e54,1,f
val_roc_auc_mood/theme---documentary,0.6139194770583204,1780303750197,906cef2b2f4f465eb47f298a50065e54,1,f
val_pr_auc_mood/theme---drama,0.05844934388906266,1780303750197,906cef2b2f4f465eb47f298a50065e54,1,f
val_roc_auc_mood/theme---drama,0.6894875478927203,1780303750197,906cef2b2f4f465eb47f298a50065e54,1,f
val_pr_auc_mood/theme---dramatic,0.024472537811909435,1780303750197,906cef2b2f4f465eb47f298a50065e54,1,f
val_roc_auc_mood/theme---dramatic,0.7087626451854627,1780303750197,906cef2b2f4f465eb47f298a50065e54,1,f
val_pr_auc_mood/theme---dream,0.12377919856192386,1780303750197,906cef2b2f4f465eb47f298a50065e54,1,f
val_roc_auc_mood/theme---dream,0.6490348242661237,1780303750197,906cef2b2f4f465eb47f298a50065e54,1,f
val_pr_auc_mood/theme---emotional,0.1504701549741001,1780303750197,906cef2b2f4f465eb47f298a50065e54,1,f
val_roc_auc_mood/theme---emotional,0.6437194326206536,1780303750197,906cef2b2f4f465eb47f298a50065e54,1,f
val_pr_auc_mood/theme---energetic,0.17722517321125658,1780303750197,906cef2b2f4f465eb47f298a50065e54,1,f
val_roc_auc_mood/theme---energetic,0.7580284206994662,1780303750197,906cef2b2f4f465eb47f298a50065e54,1,f
val_pr_auc_mood/theme---epic,0.42049542972293485,1780303750197,906cef2b2f4f465eb47f298a50065e54,1,f
val_roc_auc_mood/theme---epic,0.8922880511329473,1780303750197,906cef2b2f4f465eb47f298a50065e54,1,f
val_pr_auc_mood/theme---fast,0.03320854015423277,1780303750197,906cef2b2f4f465eb47f298a50065e54,1,f
val_roc_auc_mood/theme---fast,0.8509615384615385,1780303750197,906cef2b2f4f465eb47f298a50065e54,1,f
val_pr_auc_mood/theme---film,0.16512411214154465,1780303750197,906cef2b2f4f465eb47f298a50065e54,1,f
val_roc_auc_mood/theme---film,0.7320308281743477,1780303750197,906cef2b2f4f465eb47f298a50065e54,1,f
val_pr_auc_mood/theme---fun,0.08299975462620592,1780303750197,906cef2b2f4f465eb47f298a50065e54,1,f
val_roc_auc_mood/theme---fun,0.6603945237091443,1780303750197,906cef2b2f4f465eb47f298a50065e54,1,f
val_pr_auc_mood/theme---funny,0.020384722302660693,1780303750197,906cef2b2f4f465eb47f298a50065e54,1,f
val_roc_auc_mood/theme---funny,0.8120735874454941,1780303750197,906cef2b2f4f465eb47f298a50065e54,1,f
val_pr_auc_mood/theme---game,0.04943274102740546,1780303750197,906cef2b2f4f465eb47f298a50065e54,1,f
val_roc_auc_mood/theme---game,0.5281433344198174,1780303750197,906cef2b2f4f465eb47f298a50065e54,1,f
val_pr_auc_mood/theme---groovy,0.06739997847718265,1780303750197,906cef2b2f4f465eb47f298a50065e54,1,f
val_roc_auc_mood/theme---groovy,0.8266696148938637,1780303750197,906cef2b2f4f465eb47f298a50065e54,1,f
val_pr_auc_mood/theme---happy,0.27328990927652547,1780303750197,906cef2b2f4f465eb47f298a50065e54,1,f
val_roc_auc_mood/theme---happy,0.7685637231432162,1780303750197,906cef2b2f4f465eb47f298a50065e54,1,f
val_pr_auc_mood/theme---heavy,0.10415184232009553,1780303750197,906cef2b2f4f465eb47f298a50065e54,1,f
val_roc_auc_mood/theme---heavy,0.9150727224486842,1780303750197,906cef2b2f4f465eb47f298a50065e54,1,f
val_pr_auc_mood/theme---holiday,0.014080619283822284,1780303750197,906cef2b2f4f465eb47f298a50065e54,1,f
val_roc_auc_mood/theme---holiday,0.5704387728013957,1780303750197,906cef2b2f4f465eb47f298a50065e54,1,f
val_pr_auc_mood/theme---hopeful,0.024060884744973504,1780303750197,906cef2b2f4f465eb47f298a50065e54,1,f
val_roc_auc_mood/theme---hopeful,0.7034799669558034,1780303750197,906cef2b2f4f465eb47f298a50065e54,1,f
val_pr_auc_mood/theme---inspiring,0.07815284389202265,1780303750197,906cef2b2f4f465eb47f298a50065e54,1,f
val_roc_auc_mood/theme---inspiring,0.6409303696928854,1780303750197,906cef2b2f4f465eb47f298a50065e54,1,f
val_pr_auc_mood/theme---love,0.13494967310222586,1780303750197,906cef2b2f4f465eb47f298a50065e54,1,f
val_roc_auc_mood/theme---love,0.7483562831765386,1780303750197,906cef2b2f4f465eb47f298a50065e54,1,f
val_pr_auc_mood/theme---meditative,0.1495199472048055,1780303750197,906cef2b2f4f465eb47f298a50065e54,1,f
val_roc_auc_mood/theme---meditative,0.7914281961306788,1780303750197,906cef2b2f4f465eb47f298a50065e54,1,f
val_pr_auc_mood/theme---melancholic,0.05871508554744944,1780303750197,906cef2b2f4f465eb47f298a50065e54,1,f
val_roc_auc_mood/theme---melancholic,0.7007610428092682,1780303750197,906cef2b2f4f465eb47f298a50065e54,1,f
val_pr_auc_mood/theme---melodic,0.13867476863221267,1780303750197,906cef2b2f4f465eb47f298a50065e54,1,f
val_roc_auc_mood/theme---melodic,0.6119471841685448,1780303750197,906cef2b2f4f465eb47f298a50065e54,1,f
val_pr_auc_mood/theme---motivational,0.13655592913978212,1780303750197,906cef2b2f4f465eb47f298a50065e54,1,f
val_roc_auc_mood/theme---motivational,0.8416706913513997,1780303750197,906cef2b2f4f465eb47f298a50065e54,1,f
val_pr_auc_mood/theme---movie,0.15358895467579411,1780303750197,906cef2b2f4f465eb47f298a50065e54,1,f
val_pr_auc_mood/theme---nature,0.03403704546861068,1780303750197,906cef2b2f4f465eb47f298a50065e54,1,f
val_roc_auc_mood/theme---nature,0.714876186163315,1780303750197,906cef2b2f4f465eb47f298a50065e54,1,f
val_pr_auc_mood/theme---party,0.07848541033441803,1780303750197,906cef2b2f4f465eb47f298a50065e54,1,f
val_roc_auc_mood/theme---party,0.8216591101206486,1780303750197,906cef2b2f4f465eb47f298a50065e54,1,f
val_pr_auc_mood/theme---positive,0.046073492889984385,1780303750197,906cef2b2f4f465eb47f298a50065e54,1,f
val_roc_auc_mood/theme---positive,0.7407412051899412,1780303750197,906cef2b2f4f465eb47f298a50065e54,1,f
val_pr_auc_mood/theme---powerful,0.021453799491804256,1780303750197,906cef2b2f4f465eb47f298a50065e54,1,f
val_roc_auc_mood/theme---powerful,0.6500949089157719,1780303750197,906cef2b2f4f465eb47f298a50065e54,1,f
val_pr_auc_mood/theme---relaxing,0.24443487714118148,1780303750197,906cef2b2f4f465eb47f298a50065e54,1,f
val_roc_auc_mood/theme---relaxing,0.7610654382283051,1780303750197,906cef2b2f4f465eb47f298a50065e54,1,f
val_pr_auc_mood/theme---retro,0.011142473697880441,1780303750197,906cef2b2f4f465eb47f298a50065e54,1,f
val_roc_auc_mood/theme---retro,0.5441728652862174,1780303750197,906cef2b2f4f465eb47f298a50065e54,1,f
val_pr_auc_mood/theme---romantic,0.0982982325449723,1780303750197,906cef2b2f4f465eb47f298a50065e54,1,f
val_roc_auc_mood/theme---romantic,0.7330600489519498,1780303750197,906cef2b2f4f465eb47f298a50065e54,1,f
val_pr_auc_mood/theme---sad,0.08255080262271572,1780303750197,906cef2b2f4f465eb47f298a50065e54,1,f
val_roc_auc_mood/theme---sad,0.7254566943056293,1780303750197,906cef2b2f4f465eb47f298a50065e54,1,f
val_pr_auc_mood/theme---sexy,0.08048061537268633,1780303750197,906cef2b2f4f465eb47f298a50065e54,1,f
val_roc_auc_mood/theme---sexy,0.7186604931624853,1780303750197,906cef2b2f4f465eb47f298a50065e54,1,f
val_pr_auc_mood/theme---slow,0.04007476172763186,1780303750197,906cef2b2f4f465eb47f298a50065e54,1,f
val_roc_auc_mood/theme---slow,0.7391304347826086,1780303750197,906cef2b2f4f465eb47f298a50065e54,1,f
val_pr_auc_mood/theme---soft,0.05944077588072796,1780303750197,906cef2b2f4f465eb47f298a50065e54,1,f
val_roc_auc_mood/theme---soft,0.7093214139902014,1780303750197,906cef2b2f4f465eb47f298a50065e54,1,f
val_pr_auc_mood/theme---soundscape,0.030024775210174787,1780303750197,906cef2b2f4f465eb47f298a50065e54,1,f
val_roc_auc_mood/theme---soundscape,0.7439812356169233,1780303750197,906cef2b2f4f465eb47f298a50065e54,1,f
val_pr_auc_mood/theme---space,0.058019755862513525,1780303750197,906cef2b2f4f465eb47f298a50065e54,1,f
val_roc_auc_mood/theme---space,0.7794118926064759,1780303750197,906cef2b2f4f465eb47f298a50065e54,1,f
val_pr_auc_mood/theme---sport,0.08142323346480929,1780303750197,906cef2b2f4f465eb47f298a50065e54,1,f
val_roc_auc_mood/theme---sport,0.893799988813692,1780303750197,906cef2b2f4f465eb47f298a50065e54,1,f
val_pr_auc_mood/theme---summer,0.2048716289292112,1780303750197,906cef2b2f4f465eb47f298a50065e54,1,f
val_roc_auc_mood/theme---summer,0.8467875428263465,1780303750197,906cef2b2f4f465eb47f298a50065e54,1,f
val_pr_auc_mood/theme---trailer,0.15239215128741826,1780303750197,906cef2b2f4f465eb47f298a50065e54,1,f
val_roc_auc_mood/theme---trailer,0.9197530398148743,1780303750197,906cef2b2f4f465eb47f298a50065e54,1,f
val_pr_auc_mood/theme---travel,0.023263223239983512,1780303750197,906cef2b2f4f465eb47f298a50065e54,1,f
val_roc_auc_mood/theme---travel,0.6191781268862461,1780303750197,906cef2b2f4f465eb47f298a50065e54,1,f
val_pr_auc_mood/theme---upbeat,0.042269473221978424,1780303750197,906cef2b2f4f465eb47f298a50065e54,1,f
val_roc_auc_mood/theme---upbeat,0.5647520848815127,1780303750197,906cef2b2f4f465eb47f298a50065e54,1,f
val_pr_auc_mood/theme---uplifting,0.06311596955278129,1780303750197,906cef2b2f4f465eb47f298a50065e54,1,f
val_roc_auc_mood/theme---uplifting,0.6519275979707635,1780303750197,906cef2b2f4f465eb47f298a50065e54,1,f
val_macro_pr_auc,0.0968553146442309,1780303750197,906cef2b2f4f465eb47f298a50065e54,1,f
val_macro_roc_auc,0.7296481381857419,1780303750197,906cef2b2f4f465eb47f298a50065e54,1,f
train_loss,0.04917430344862151,1780303532006,906cef2b2f4f465eb47f298a50065e54,1,f
val_roc_auc_mood/theme---slow,0.7222756257014449,1780304632671,906cef2b2f4f465eb47f298a50065e54,2,f
train_loss,0.048339490348159174,1780304451947,906cef2b2f4f465eb47f298a50065e54,2,f
val_macro_roc_auc,0.7267748111242265,1780304632671,906cef2b2f4f465eb47f298a50065e54,2,f
val_macro_pr_auc,0.09513661926970664,1780304632671,906cef2b2f4f465eb47f298a50065e54,2,f
val_roc_auc_mood/theme---uplifting,0.6694860327953852,1780304632671,906cef2b2f4f465eb47f298a50065e54,2,f
val_pr_auc_mood/theme---uplifting,0.06420599139870169,1780304632671,906cef2b2f4f465eb47f298a50065e54,2,f
val_roc_auc_mood/theme---upbeat,0.6287104698208241,1780304632671,906cef2b2f4f465eb47f298a50065e54,2,f
val_pr_auc_mood/theme---upbeat,0.045839133542108924,1780304632671,906cef2b2f4f465eb47f298a50065e54,2,f
val_roc_auc_mood/theme---travel,0.6236996797120127,1780304632671,906cef2b2f4f465eb47f298a50065e54,2,f
val_pr_auc_mood/theme---travel,0.02523327122722542,1780304632671,906cef2b2f4f465eb47f298a50065e54,2,f
val_roc_auc_mood/theme---trailer,0.9325049735561586,1780304632671,906cef2b2f4f465eb47f298a50065e54,2,f
val_pr_auc_mood/theme---trailer,0.2136410790165901,1780304632671,906cef2b2f4f465eb47f298a50065e54,2,f
val_roc_auc_mood/theme---summer,0.8445932940678292,1780304632671,906cef2b2f4f465eb47f298a50065e54,2,f
val_pr_auc_mood/theme---summer,0.2775008522539465,1780304632671,906cef2b2f4f465eb47f298a50065e54,2,f
val_roc_auc_mood/theme---sport,0.8775658593881089,1780304632671,906cef2b2f4f465eb47f298a50065e54,2,f
val_pr_auc_mood/theme---sport,0.04775797715207921,1780304632671,906cef2b2f4f465eb47f298a50065e54,2,f
val_roc_auc_mood/theme---space,0.7972528316765091,1780304632671,906cef2b2f4f465eb47f298a50065e54,2,f
val_pr_auc_mood/theme---space,0.06565112711785388,1780304632671,906cef2b2f4f465eb47f298a50065e54,2,f
val_roc_auc_mood/theme---soundscape,0.7437304537676284,1780304632671,906cef2b2f4f465eb47f298a50065e54,2,f
val_pr_auc_mood/theme---soundscape,0.03446378600753244,1780304632671,906cef2b2f4f465eb47f298a50065e54,2,f
val_roc_auc_mood/theme---soft,0.6897412561241154,1780304632671,906cef2b2f4f465eb47f298a50065e54,2,f
val_pr_auc_mood/theme---soft,0.057358099864412475,1780304632671,906cef2b2f4f465eb47f298a50065e54,2,f
stdev_train_loss,0.00436980732872165,1780304451522,906cef2b2f4f465eb47f298a50065e54,2,f
avg_train_loss,0.048339490348159174,1780304451049,906cef2b2f4f465eb47f298a50065e54,2,f
val_loss_avg,0.0533557728533486,1780304632671,906cef2b2f4f465eb47f298a50065e54,2,f
val_loss_std,0.023494053017383217,1780304632671,906cef2b2f4f465eb47f298a50065e54,2,f
val_pr_auc_mood/theme---action,0.19979546196770923,1780304632671,906cef2b2f4f465eb47f298a50065e54,2,f
val_roc_auc_mood/theme---action,0.7744571414707524,1780304632671,906cef2b2f4f465eb47f298a50065e54,2,f
val_pr_auc_mood/theme---adventure,0.03988195794149712,1780304632671,906cef2b2f4f465eb47f298a50065e54,2,f
val_roc_auc_mood/theme---adventure,0.6141900079870004,1780304632671,906cef2b2f4f465eb47f298a50065e54,2,f
val_pr_auc_mood/theme---advertising,0.14500077624866023,1780304632671,906cef2b2f4f465eb47f298a50065e54,2,f
val_roc_auc_mood/theme---advertising,0.7909880231162233,1780304632671,906cef2b2f4f465eb47f298a50065e54,2,f
val_pr_auc_mood/theme---background,0.011189385982480312,1780304632671,906cef2b2f4f465eb47f298a50065e54,2,f
val_roc_auc_mood/theme---background,0.5405421087533157,1780304632671,906cef2b2f4f465eb47f298a50065e54,2,f
val_pr_auc_mood/theme---ballad,0.07292833359230792,1780304632671,906cef2b2f4f465eb47f298a50065e54,2,f
val_roc_auc_mood/theme---ballad,0.7815861700559977,1780304632671,906cef2b2f4f465eb47f298a50065e54,2,f
val_pr_auc_mood/theme---calm,0.03658270103755447,1780304632671,906cef2b2f4f465eb47f298a50065e54,2,f
val_roc_auc_mood/theme---calm,0.5674142987893664,1780304632671,906cef2b2f4f465eb47f298a50065e54,2,f
val_pr_auc_mood/theme---children,0.10079114987117016,1780304632671,906cef2b2f4f465eb47f298a50065e54,2,f
val_roc_auc_mood/theme---children,0.7503884529646776,1780304632671,906cef2b2f4f465eb47f298a50065e54,2,f
val_pr_auc_mood/theme---christmas,0.08882553983912798,1780304632671,906cef2b2f4f465eb47f298a50065e54,2,f
val_roc_auc_mood/theme---christmas,0.780927386614082,1780304632671,906cef2b2f4f465eb47f298a50065e54,2,f
val_pr_auc_mood/theme---commercial,0.08941885987327261,1780304632671,906cef2b2f4f465eb47f298a50065e54,2,f
val_roc_auc_mood/theme---commercial,0.7583524728219261,1780304632671,906cef2b2f4f465eb47f298a50065e54,2,f
val_pr_auc_mood/theme---cool,0.027862015845566798,1780304632671,906cef2b2f4f465eb47f298a50065e54,2,f
val_roc_auc_mood/theme---cool,0.7512957412264268,1780304632671,906cef2b2f4f465eb47f298a50065e54,2,f
val_pr_auc_mood/theme---corporate,0.1308391808430236,1780304632671,906cef2b2f4f465eb47f298a50065e54,2,f
val_roc_auc_mood/theme---corporate,0.792513204144353,1780304632671,906cef2b2f4f465eb47f298a50065e54,2,f
val_pr_auc_mood/theme---dark,0.09640828191474696,1780304632671,906cef2b2f4f465eb47f298a50065e54,2,f
val_roc_auc_mood/theme---dark,0.6668739642696517,1780304632671,906cef2b2f4f465eb47f298a50065e54,2,f
val_pr_auc_mood/theme---deep,0.2352823220496067,1780304632671,906cef2b2f4f465eb47f298a50065e54,2,f
val_roc_auc_mood/theme---deep,0.8075216343074111,1780304632671,906cef2b2f4f465eb47f298a50065e54,2,f
val_pr_auc_mood/theme---documentary,0.036149232011237695,1780304632671,906cef2b2f4f465eb47f298a50065e54,2,f
val_roc_auc_mood/theme---documentary,0.5678372304244923,1780304632671,906cef2b2f4f465eb47f298a50065e54,2,f
val_pr_auc_mood/theme---drama,0.059448603368273206,1780304632671,906cef2b2f4f465eb47f298a50065e54,2,f
val_roc_auc_mood/theme---drama,0.702439535440613,1780304632671,906cef2b2f4f465eb47f298a50065e54,2,f
val_pr_auc_mood/theme---dramatic,0.028150451035622234,1780304632671,906cef2b2f4f465eb47f298a50065e54,2,f
val_roc_auc_mood/theme---dramatic,0.6953915324091421,1780304632671,906cef2b2f4f465eb47f298a50065e54,2,f
val_pr_auc_mood/theme---dream,0.0944872883624892,1780304632671,906cef2b2f4f465eb47f298a50065e54,2,f
val_roc_auc_mood/theme---dream,0.6389443201440541,1780304632671,906cef2b2f4f465eb47f298a50065e54,2,f
val_pr_auc_mood/theme---emotional,0.1702018275030295,1780304632671,906cef2b2f4f465eb47f298a50065e54,2,f
val_roc_auc_mood/theme---emotional,0.6774536229586173,1780304632671,906cef2b2f4f465eb47f298a50065e54,2,f
val_pr_auc_mood/theme---energetic,0.2144444413857488,1780304632671,906cef2b2f4f465eb47f298a50065e54,2,f
val_roc_auc_mood/theme---energetic,0.774736434509372,1780304632671,906cef2b2f4f465eb47f298a50065e54,2,f
val_pr_auc_mood/theme---epic,0.44057213734127976,1780304632671,906cef2b2f4f465eb47f298a50065e54,2,f
val_roc_auc_mood/theme---epic,0.9066889604559794,1780304632671,906cef2b2f4f465eb47f298a50065e54,2,f
val_pr_auc_mood/theme---fast,0.056916963700101686,1780304632671,906cef2b2f4f465eb47f298a50065e54,2,f
val_roc_auc_mood/theme---fast,0.8652827574967406,1780304632671,906cef2b2f4f465eb47f298a50065e54,2,f
val_pr_auc_mood/theme---film,0.1641716185798625,1780304632671,906cef2b2f4f465eb47f298a50065e54,2,f
val_roc_auc_mood/theme---film,0.7340707539145419,1780304632671,906cef2b2f4f465eb47f298a50065e54,2,f
val_pr_auc_mood/theme---fun,0.097894573522259,1780304632671,906cef2b2f4f465eb47f298a50065e54,2,f
val_roc_auc_mood/theme---fun,0.7061027655120894,1780304632671,906cef2b2f4f465eb47f298a50065e54,2,f
val_pr_auc_mood/theme---funny,0.015962728113454155,1780304632671,906cef2b2f4f465eb47f298a50065e54,2,f
val_roc_auc_mood/theme---funny,0.7729327979566714,1780304632671,906cef2b2f4f465eb47f298a50065e54,2,f
val_pr_auc_mood/theme---game,0.030345378052524265,1780304632671,906cef2b2f4f465eb47f298a50065e54,2,f
val_roc_auc_mood/theme---game,0.6225146675358539,1780304632671,906cef2b2f4f465eb47f298a50065e54,2,f
val_pr_auc_mood/theme---groovy,0.05488878248514461,1780304632671,906cef2b2f4f465eb47f298a50065e54,2,f
val_roc_auc_mood/theme---groovy,0.8136817074585314,1780304632671,906cef2b2f4f465eb47f298a50065e54,2,f
val_pr_auc_mood/theme---happy,0.2933675809902126,1780304632671,906cef2b2f4f465eb47f298a50065e54,2,f
val_roc_auc_mood/theme---happy,0.7721935035011074,1780304632671,906cef2b2f4f465eb47f298a50065e54,2,f
val_pr_auc_mood/theme---heavy,0.09334139577811493,1780304632671,906cef2b2f4f465eb47f298a50065e54,2,f
val_roc_auc_mood/theme---heavy,0.9091471895929312,1780304632671,906cef2b2f4f465eb47f298a50065e54,2,f
val_pr_auc_mood/theme---holiday,0.013610025779937876,1780304632671,906cef2b2f4f465eb47f298a50065e54,2,f
val_roc_auc_mood/theme---holiday,0.5676172778641586,1780304632671,906cef2b2f4f465eb47f298a50065e54,2,f
val_pr_auc_mood/theme---hopeful,0.038277718360578535,1780304632671,906cef2b2f4f465eb47f298a50065e54,2,f
val_roc_auc_mood/theme---hopeful,0.6958458724257981,1780304632671,906cef2b2f4f465eb47f298a50065e54,2,f
val_pr_auc_mood/theme---inspiring,0.07459622674894843,1780304632671,906cef2b2f4f465eb47f298a50065e54,2,f
val_roc_auc_mood/theme---inspiring,0.6555901206636501,1780304632671,906cef2b2f4f465eb47f298a50065e54,2,f
val_pr_auc_mood/theme---love,0.11892175644481465,1780304632671,906cef2b2f4f465eb47f298a50065e54,2,f
val_roc_auc_mood/theme---love,0.6964970830924475,1780304632671,906cef2b2f4f465eb47f298a50065e54,2,f
val_pr_auc_mood/theme---meditative,0.10834179019715366,1780304632671,906cef2b2f4f465eb47f298a50065e54,2,f
val_roc_auc_mood/theme---meditative,0.7478390517928151,1780304632671,906cef2b2f4f465eb47f298a50065e54,2,f
val_pr_auc_mood/theme---melancholic,0.06655441384827004,1780304632671,906cef2b2f4f465eb47f298a50065e54,2,f
val_roc_auc_mood/theme---melancholic,0.7015616266496787,1780304632671,906cef2b2f4f465eb47f298a50065e54,2,f
val_pr_auc_mood/theme---melodic,0.13165272999764374,1780304632671,906cef2b2f4f465eb47f298a50065e54,2,f
val_roc_auc_mood/theme---melodic,0.6103479273758577,1780304632671,906cef2b2f4f465eb47f298a50065e54,2,f
val_pr_auc_mood/theme---motivational,0.1427930175900763,1780304632671,906cef2b2f4f465eb47f298a50065e54,2,f
val_roc_auc_mood/theme---motivational,0.8518093193810929,1780304632671,906cef2b2f4f465eb47f298a50065e54,2,f
val_pr_auc_mood/theme---movie,0.11199352675381276,1780304632671,906cef2b2f4f465eb47f298a50065e54,2,f
val_roc_auc_mood/theme---movie,0.792786255238607,1780304632671,906cef2b2f4f465eb47f298a50065e54,2,f
val_pr_auc_mood/theme---nature,0.03317218332648413,1780304632671,906cef2b2f4f465eb47f298a50065e54,2,f
val_roc_auc_mood/theme---nature,0.726917930878327,1780304632671,906cef2b2f4f465eb47f298a50065e54,2,f
val_pr_auc_mood/theme---party,0.09173126279714104,1780304632671,906cef2b2f4f465eb47f298a50065e54,2,f
val_roc_auc_mood/theme---party,0.8268206152821537,1780304632671,906cef2b2f4f465eb47f298a50065e54,2,f
val_pr_auc_mood/theme---positive,0.04300732181768844,1780304632671,906cef2b2f4f465eb47f298a50065e54,2,f
val_roc_auc_mood/theme---positive,0.7190676832530766,1780304632671,906cef2b2f4f465eb47f298a50065e54,2,f
val_pr_auc_mood/theme---powerful,0.02175174568098677,1780304632671,906cef2b2f4f465eb47f298a50065e54,2,f
val_roc_auc_mood/theme---powerful,0.6891123891548856,1780304632671,906cef2b2f4f465eb47f298a50065e54,2,f
val_pr_auc_mood/theme---relaxing,0.14127204965137524,1780304632671,906cef2b2f4f465eb47f298a50065e54,2,f
val_roc_auc_mood/theme---relaxing,0.7317893131578732,1780304632671,906cef2b2f4f465eb47f298a50065e54,2,f
val_pr_auc_mood/theme---retro,0.012339044811631252,1780304632671,906cef2b2f4f465eb47f298a50065e54,2,f
val_roc_auc_mood/theme---retro,0.5479017645799962,1780304632671,906cef2b2f4f465eb47f298a50065e54,2,f
val_pr_auc_mood/theme---romantic,0.05584152599414493,1780304632671,906cef2b2f4f465eb47f298a50065e54,2,f
val_roc_auc_mood/theme---romantic,0.660122103829662,1780304632671,906cef2b2f4f465eb47f298a50065e54,2,f
val_pr_auc_mood/theme---sad,0.0784919958658961,1780304632671,906cef2b2f4f465eb47f298a50065e54,2,f
val_roc_auc_mood/theme---sad,0.7007547204928484,1780304632671,906cef2b2f4f465eb47f298a50065e54,2,f
val_pr_auc_mood/theme---sexy,0.057968747192136245,1780304632671,906cef2b2f4f465eb47f298a50065e54,2,f
val_roc_auc_mood/theme---sexy,0.7109795054018162,1780304632671,906cef2b2f4f465eb47f298a50065e54,2,f
val_pr_auc_mood/theme---slow,0.028533309428322523,1780304632671,906cef2b2f4f465eb47f298a50065e54,2,f
val_pr_auc_mood/theme---fun,0.0898852158483797,1780305595691,906cef2b2f4f465eb47f298a50065e54,3,f
val_pr_auc_mood/theme---nature,0.03773621710124849,1780305595691,906cef2b2f4f465eb47f298a50065e54,3,f
val_pr_auc_mood/theme---positive,0.04223849417216746,1780305595691,906cef2b2f4f465eb47f298a50065e54,3,f
val_roc_auc_mood/theme---party,0.8028638028638029,1780305595691,906cef2b2f4f465eb47f298a50065e54,3,f
val_pr_auc_mood/theme---party,0.08003625099157002,1780305595691,906cef2b2f4f465eb47f298a50065e54,3,f
val_roc_auc_mood/theme---positive,0.7214252273943286,1780305595691,906cef2b2f4f465eb47f298a50065e54,3,f
val_pr_auc_mood/theme---powerful,0.019929967646028356,1780305595691,906cef2b2f4f465eb47f298a50065e54,3,f
val_roc_auc_mood/theme---powerful,0.6499702524293849,1780305595691,906cef2b2f4f465eb47f298a50065e54,3,f
val_pr_auc_mood/theme---relaxing,0.13643787013261682,1780305595691,906cef2b2f4f465eb47f298a50065e54,3,f
val_roc_auc_mood/theme---relaxing,0.7230302591071297,1780305595691,906cef2b2f4f465eb47f298a50065e54,3,f
val_pr_auc_mood/theme---retro,0.011041831895396018,1780305595691,906cef2b2f4f465eb47f298a50065e54,3,f
val_roc_auc_mood/theme---retro,0.5256191594088235,1780305595691,906cef2b2f4f465eb47f298a50065e54,3,f
val_pr_auc_mood/theme---romantic,0.06707276452492603,1780305595691,906cef2b2f4f465eb47f298a50065e54,3,f
val_roc_auc_mood/theme---romantic,0.6838481569406872,1780305595691,906cef2b2f4f465eb47f298a50065e54,3,f
val_pr_auc_mood/theme---sad,0.06956470157650411,1780305595691,906cef2b2f4f465eb47f298a50065e54,3,f
val_roc_auc_mood/theme---sad,0.6889918758200955,1780305595691,906cef2b2f4f465eb47f298a50065e54,3,f
val_pr_auc_mood/theme---sexy,0.04796852465273419,1780305595691,906cef2b2f4f465eb47f298a50065e54,3,f
val_roc_auc_mood/theme---sexy,0.6998671978751659,1780305595691,906cef2b2f4f465eb47f298a50065e54,3,f
val_pr_auc_mood/theme---slow,0.026033890064808576,1780305595691,906cef2b2f4f465eb47f298a50065e54,3,f
val_roc_auc_mood/theme---slow,0.6958937477667001,1780305595691,906cef2b2f4f465eb47f298a50065e54,3,f
val_pr_auc_mood/theme---soft,0.058558472021391236,1780305595691,906cef2b2f4f465eb47f298a50065e54,3,f
val_roc_auc_mood/theme---soft,0.7006200666848121,1780305595691,906cef2b2f4f465eb47f298a50065e54,3,f
val_pr_auc_mood/theme---soundscape,0.030248933186761213,1780305595691,906cef2b2f4f465eb47f298a50065e54,3,f
val_roc_auc_mood/theme---soundscape,0.7502729096595268,1780305595691,906cef2b2f4f465eb47f298a50065e54,3,f
val_pr_auc_mood/theme---space,0.05847719236761122,1780305595691,906cef2b2f4f465eb47f298a50065e54,3,f
val_roc_auc_mood/theme---space,0.7653803448165897,1780305595691,906cef2b2f4f465eb47f298a50065e54,3,f
val_pr_auc_mood/theme---sport,0.05325799057722774,1780305595691,906cef2b2f4f465eb47f298a50065e54,3,f
val_roc_auc_mood/theme---sport,0.8770415012025281,1780305595691,906cef2b2f4f465eb47f298a50065e54,3,f
val_pr_auc_mood/theme---summer,0.19203858777647065,1780305595691,906cef2b2f4f465eb47f298a50065e54,3,f
val_roc_auc_mood/theme---summer,0.8458429202164045,1780305595691,906cef2b2f4f465eb47f298a50065e54,3,f
val_pr_auc_mood/theme---trailer,0.1978772300965653,1780305595691,906cef2b2f4f465eb47f298a50065e54,3,f
val_roc_auc_mood/theme---trailer,0.9211346880532728,1780305595691,906cef2b2f4f465eb47f298a50065e54,3,f
val_pr_auc_mood/theme---travel,0.02602045287759451,1780305595691,906cef2b2f4f465eb47f298a50065e54,3,f
val_roc_auc_mood/theme---travel,0.5974648852346693,1780305595691,906cef2b2f4f465eb47f298a50065e54,3,f
val_pr_auc_mood/theme---upbeat,0.04317839768696886,1780305595691,906cef2b2f4f465eb47f298a50065e54,3,f
val_roc_auc_mood/theme---upbeat,0.6027196350425235,1780305595691,906cef2b2f4f465eb47f298a50065e54,3,f
val_pr_auc_mood/theme---uplifting,0.0682347722631462,1780305595691,906cef2b2f4f465eb47f298a50065e54,3,f
val_roc_auc_mood/theme---uplifting,0.6580121652064098,1780305595691,906cef2b2f4f465eb47f298a50065e54,3,f
val_macro_pr_auc,0.09352862327717652,1780305595691,906cef2b2f4f465eb47f298a50065e54,3,f
val_macro_roc_auc,0.7267049602289986,1780305595691,906cef2b2f4f465eb47f298a50065e54,3,f
val_loss_avg,0.0550299098876882,1780305595691,906cef2b2f4f465eb47f298a50065e54,3,f
val_loss_std,0.02376305732326727,1780305595691,906cef2b2f4f465eb47f298a50065e54,3,f
val_pr_auc_mood/theme---action,0.16913684115157424,1780305595691,906cef2b2f4f465eb47f298a50065e54,3,f
val_roc_auc_mood/theme---action,0.7588616347623554,1780305595691,906cef2b2f4f465eb47f298a50065e54,3,f
val_pr_auc_mood/theme---adventure,0.036490983399361764,1780305595691,906cef2b2f4f465eb47f298a50065e54,3,f
val_roc_auc_mood/theme---adventure,0.5956994133685863,1780305595691,906cef2b2f4f465eb47f298a50065e54,3,f
val_pr_auc_mood/theme---advertising,0.13788229850270037,1780305595691,906cef2b2f4f465eb47f298a50065e54,3,f
val_roc_auc_mood/theme---advertising,0.7471360637278168,1780305595691,906cef2b2f4f465eb47f298a50065e54,3,f
val_pr_auc_mood/theme---background,0.015450598684161097,1780305595691,906cef2b2f4f465eb47f298a50065e54,3,f
val_roc_auc_mood/theme---background,0.6163212864721487,1780305595691,906cef2b2f4f465eb47f298a50065e54,3,f
val_pr_auc_mood/theme---ballad,0.06941206931602004,1780305595691,906cef2b2f4f465eb47f298a50065e54,3,f
val_roc_auc_mood/theme---ballad,0.7995413351016798,1780305595691,906cef2b2f4f465eb47f298a50065e54,3,f
val_pr_auc_mood/theme---calm,0.048752435137281405,1780305595691,906cef2b2f4f465eb47f298a50065e54,3,f
val_roc_auc_mood/theme---calm,0.6084629945500687,1780305595691,906cef2b2f4f465eb47f298a50065e54,3,f
val_pr_auc_mood/theme---children,0.1098772452554333,1780305595691,906cef2b2f4f465eb47f298a50065e54,3,f
val_roc_auc_mood/theme---children,0.7694494577630129,1780305595691,906cef2b2f4f465eb47f298a50065e54,3,f
val_pr_auc_mood/theme---christmas,0.0984439628154553,1780305595691,906cef2b2f4f465eb47f298a50065e54,3,f
val_roc_auc_mood/theme---christmas,0.8038836851873333,1780305595691,906cef2b2f4f465eb47f298a50065e54,3,f
val_pr_auc_mood/theme---commercial,0.10375687849830498,1780305595691,906cef2b2f4f465eb47f298a50065e54,3,f
val_roc_auc_mood/theme---commercial,0.7473319552901546,1780305595691,906cef2b2f4f465eb47f298a50065e54,3,f
val_pr_auc_mood/theme---cool,0.02460341087653198,1780305595691,906cef2b2f4f465eb47f298a50065e54,3,f
val_roc_auc_mood/theme---cool,0.7485169226926439,1780305595691,906cef2b2f4f465eb47f298a50065e54,3,f
val_pr_auc_mood/theme---corporate,0.1778908736930146,1780305595691,906cef2b2f4f465eb47f298a50065e54,3,f
val_roc_auc_mood/theme---corporate,0.8381687185999006,1780305595691,906cef2b2f4f465eb47f298a50065e54,3,f
val_pr_auc_mood/theme---dark,0.11199309935173758,1780305595691,906cef2b2f4f465eb47f298a50065e54,3,f
val_roc_auc_mood/theme---dark,0.714763953492601,1780305595691,906cef2b2f4f465eb47f298a50065e54,3,f
val_pr_auc_mood/theme---deep,0.20585093708487595,1780305595691,906cef2b2f4f465eb47f298a50065e54,3,f
val_roc_auc_mood/theme---deep,0.7982467378686761,1780305595691,906cef2b2f4f465eb47f298a50065e54,3,f
val_pr_auc_mood/theme---documentary,0.044105279526262406,1780305595691,906cef2b2f4f465eb47f298a50065e54,3,f
val_roc_auc_mood/theme---documentary,0.6290923876893023,1780305595691,906cef2b2f4f465eb47f298a50065e54,3,f
val_pr_auc_mood/theme---drama,0.07167635061182515,1780305595691,906cef2b2f4f465eb47f298a50065e54,3,f
val_roc_auc_mood/theme---drama,0.7071988745210728,1780305595691,906cef2b2f4f465eb47f298a50065e54,3,f
val_pr_auc_mood/theme---dramatic,0.023095187137598974,1780305595691,906cef2b2f4f465eb47f298a50065e54,3,f
val_roc_auc_mood/theme---dramatic,0.7008476957662045,1780305595691,906cef2b2f4f465eb47f298a50065e54,3,f
val_pr_auc_mood/theme---dream,0.11409126552456209,1780305595691,906cef2b2f4f465eb47f298a50065e54,3,f
val_roc_auc_mood/theme---dream,0.6325075756048726,1780305595691,906cef2b2f4f465eb47f298a50065e54,3,f
val_pr_auc_mood/theme---emotional,0.1441630139752736,1780305595691,906cef2b2f4f465eb47f298a50065e54,3,f
val_roc_auc_mood/theme---emotional,0.6415915567968842,1780305595691,906cef2b2f4f465eb47f298a50065e54,3,f
val_pr_auc_mood/theme---energetic,0.1765724247773113,1780305595691,906cef2b2f4f465eb47f298a50065e54,3,f
val_roc_auc_mood/theme---energetic,0.7563472775221056,1780305595691,906cef2b2f4f465eb47f298a50065e54,3,f
val_pr_auc_mood/theme---epic,0.4307427715973763,1780305595691,906cef2b2f4f465eb47f298a50065e54,3,f
val_roc_auc_mood/theme---epic,0.9062688927509492,1780305595691,906cef2b2f4f465eb47f298a50065e54,3,f
val_pr_auc_mood/theme---fast,0.04004140193029245,1780305595691,906cef2b2f4f465eb47f298a50065e54,3,f
val_roc_auc_mood/theme---fast,0.8493012548891786,1780305595691,906cef2b2f4f465eb47f298a50065e54,3,f
val_pr_auc_mood/theme---film,0.16620945022285807,1780305595691,906cef2b2f4f465eb47f298a50065e54,3,f
val_roc_auc_mood/theme---film,0.7467881154725187,1780305595691,906cef2b2f4f465eb47f298a50065e54,3,f
val_roc_auc_mood/theme---nature,0.7436508099874437,1780305595691,906cef2b2f4f465eb47f298a50065e54,3,f
val_roc_auc_mood/theme---fun,0.6501771436601802,1780305595691,906cef2b2f4f465eb47f298a50065e54,3,f
val_pr_auc_mood/theme---funny,0.02005420976955025,1780305595691,906cef2b2f4f465eb47f298a50065e54,3,f
val_roc_auc_mood/theme---funny,0.7491744998101636,1780305595691,906cef2b2f4f465eb47f298a50065e54,3,f
val_pr_auc_mood/theme---game,0.04965964895818837,1780305595691,906cef2b2f4f465eb47f298a50065e54,3,f
val_roc_auc_mood/theme---game,0.5897469850065189,1780305595691,906cef2b2f4f465eb47f298a50065e54,3,f
val_pr_auc_mood/theme---groovy,0.05707657789109235,1780305595691,906cef2b2f4f465eb47f298a50065e54,3,f
val_roc_auc_mood/theme---groovy,0.8005161814174689,1780305595691,906cef2b2f4f465eb47f298a50065e54,3,f
val_pr_auc_mood/theme---happy,0.25990690291978275,1780305595691,906cef2b2f4f465eb47f298a50065e54,3,f
val_roc_auc_mood/theme---happy,0.7372927763480758,1780305595691,906cef2b2f4f465eb47f298a50065e54,3,f
val_pr_auc_mood/theme---heavy,0.12133819399196301,1780305595691,906cef2b2f4f465eb47f298a50065e54,3,f
val_roc_auc_mood/theme---heavy,0.9186907547215322,1780305595691,906cef2b2f4f465eb47f298a50065e54,3,f
avg_train_loss,0.047882824212586224,1780305378919,906cef2b2f4f465eb47f298a50065e54,3,f
stdev_train_loss,0.00436581413327173,1780305380011,906cef2b2f4f465eb47f298a50065e54,3,f
train_loss,0.047882824212586224,1780305380469,906cef2b2f4f465eb47f298a50065e54,3,f
val_pr_auc_mood/theme---holiday,0.01695576008548247,1780305595691,906cef2b2f4f465eb47f298a50065e54,3,f
val_roc_auc_mood/theme---holiday,0.6403997117827752,1780305595691,906cef2b2f4f465eb47f298a50065e54,3,f
val_pr_auc_mood/theme---hopeful,0.02872431200469933,1780305595691,906cef2b2f4f465eb47f298a50065e54,3,f
val_roc_auc_mood/theme---hopeful,0.7319215790405381,1780305595691,906cef2b2f4f465eb47f298a50065e54,3,f
val_pr_auc_mood/theme---inspiring,0.09256863799046815,1780305595691,906cef2b2f4f465eb47f298a50065e54,3,f
val_roc_auc_mood/theme---inspiring,0.6673415888450306,1780305595691,906cef2b2f4f465eb47f298a50065e54,3,f
val_pr_auc_mood/theme---love,0.11399591354829985,1780305595691,906cef2b2f4f465eb47f298a50065e54,3,f
val_roc_auc_mood/theme---love,0.6962434960845115,1780305595691,906cef2b2f4f465eb47f298a50065e54,3,f
val_pr_auc_mood/theme---meditative,0.15369382921952918,1780305595691,906cef2b2f4f465eb47f298a50065e54,3,f
val_roc_auc_mood/theme---meditative,0.7945022270518133,1780305595691,906cef2b2f4f465eb47f298a50065e54,3,f
val_pr_auc_mood/theme---melancholic,0.0548066793572454,1780305595691,906cef2b2f4f465eb47f298a50065e54,3,f
val_roc_auc_mood/theme---melancholic,0.6804193790105466,1780305595691,906cef2b2f4f465eb47f298a50065e54,3,f
val_pr_auc_mood/theme---melodic,0.14327361727798657,1780305595691,906cef2b2f4f465eb47f298a50065e54,3,f
val_roc_auc_mood/theme---melodic,0.6333634562305336,1780305595691,906cef2b2f4f465eb47f298a50065e54,3,f
val_pr_auc_mood/theme---motivational,0.13236226806349496,1780305595691,906cef2b2f4f465eb47f298a50065e54,3,f
val_roc_auc_mood/theme---motivational,0.827231911278061,1780305595691,906cef2b2f4f465eb47f298a50065e54,3,f
val_pr_auc_mood/theme---movie,0.11710981591417328,1780305595691,906cef2b2f4f465eb47f298a50065e54,3,f
val_roc_auc_mood/theme---movie,0.8084786869358077,1780305595691,906cef2b2f4f465eb47f298a50065e54,3,f
val_pr_auc_mood/theme---relaxing,0.2234109182121168,1780306574471,906cef2b2f4f465eb47f298a50065e54,4,f
val_roc_auc_mood/theme---powerful,0.6739552936510185,1780306574471,906cef2b2f4f465eb47f298a50065e54,4,f
val_pr_auc_mood/theme---powerful,0.020244420565162,1780306574471,906cef2b2f4f465eb47f298a50065e54,4,f
val_roc_auc_mood/theme---positive,0.697381621187801,1780306574471,906cef2b2f4f465eb47f298a50065e54,4,f
val_pr_auc_mood/theme---positive,0.0513187887465604,1780306574471,906cef2b2f4f465eb47f298a50065e54,4,f
val_roc_auc_mood/theme---party,0.8249618970772817,1780306574471,906cef2b2f4f465eb47f298a50065e54,4,f
val_pr_auc_mood/theme---party,0.0891511552462914,1780306574471,906cef2b2f4f465eb47f298a50065e54,4,f
val_roc_auc_mood/theme---nature,0.7104752886931105,1780306574471,906cef2b2f4f465eb47f298a50065e54,4,f
val_pr_auc_mood/theme---nature,0.03262369301462745,1780306574471,906cef2b2f4f465eb47f298a50065e54,4,f
val_roc_auc_mood/theme---movie,0.8191082313599148,1780306574471,906cef2b2f4f465eb47f298a50065e54,4,f
val_pr_auc_mood/theme---movie,0.11972496059867348,1780306574471,906cef2b2f4f465eb47f298a50065e54,4,f
val_roc_auc_mood/theme---motivational,0.8092227886593328,1780306574471,906cef2b2f4f465eb47f298a50065e54,4,f
val_pr_auc_mood/theme---motivational,0.15108407658871836,1780306574471,906cef2b2f4f465eb47f298a50065e54,4,f
val_roc_auc_mood/theme---melodic,0.56746078220354,1780306574471,906cef2b2f4f465eb47f298a50065e54,4,f
val_pr_auc_mood/theme---melodic,0.12890106717276606,1780306574471,906cef2b2f4f465eb47f298a50065e54,4,f
val_roc_auc_mood/theme---melancholic,0.698107888435713,1780306574471,906cef2b2f4f465eb47f298a50065e54,4,f
stdev_train_loss,0.0044236515936032185,1780306339318,906cef2b2f4f465eb47f298a50065e54,4,f
val_pr_auc_mood/theme---melancholic,0.061696532517368466,1780306574471,906cef2b2f4f465eb47f298a50065e54,4,f
val_roc_auc_mood/theme---meditative,0.7473579881303511,1780306574471,906cef2b2f4f465eb47f298a50065e54,4,f
avg_train_loss,0.047554443563268496,1780306338209,906cef2b2f4f465eb47f298a50065e54,4,f
val_pr_auc_mood/theme---meditative,0.12524057615064293,1780306574471,906cef2b2f4f465eb47f298a50065e54,4,f
val_roc_auc_mood/theme---love,0.6524806853418825,1780306574471,906cef2b2f4f465eb47f298a50065e54,4,f
val_pr_auc_mood/theme---love,0.09721588770054904,1780306574471,906cef2b2f4f465eb47f298a50065e54,4,f
val_roc_auc_mood/theme---inspiring,0.6655484820769552,1780306574471,906cef2b2f4f465eb47f298a50065e54,4,f
val_pr_auc_mood/theme---inspiring,0.0820914161832832,1780306574471,906cef2b2f4f465eb47f298a50065e54,4,f
val_roc_auc_mood/theme---hopeful,0.744512303062489,1780306574471,906cef2b2f4f465eb47f298a50065e54,4,f
val_pr_auc_mood/theme---hopeful,0.021606767341040133,1780306574471,906cef2b2f4f465eb47f298a50065e54,4,f
val_roc_auc_mood/theme---holiday,0.6049641624634988,1780306574471,906cef2b2f4f465eb47f298a50065e54,4,f
val_pr_auc_mood/theme---holiday,0.015525994860046499,1780306574471,906cef2b2f4f465eb47f298a50065e54,4,f
val_roc_auc_mood/theme---heavy,0.9262645022793603,1780306574471,906cef2b2f4f465eb47f298a50065e54,4,f
val_pr_auc_mood/theme---heavy,0.1130172004508876,1780306574471,906cef2b2f4f465eb47f298a50065e54,4,f
val_roc_auc_mood/theme---happy,0.768938521156263,1780306574471,906cef2b2f4f465eb47f298a50065e54,4,f
val_pr_auc_mood/theme---happy,0.2805486373100758,1780306574471,906cef2b2f4f465eb47f298a50065e54,4,f
val_roc_auc_mood/theme---groovy,0.823381858253103,1780306574471,906cef2b2f4f465eb47f298a50065e54,4,f
val_pr_auc_mood/theme---groovy,0.05956344408917101,1780306574471,906cef2b2f4f465eb47f298a50065e54,4,f
val_roc_auc_mood/theme---game,0.6375183344198175,1780306574471,906cef2b2f4f465eb47f298a50065e54,4,f
val_pr_auc_mood/theme---game,0.05255375845432764,1780306574471,906cef2b2f4f465eb47f298a50065e54,4,f
val_roc_auc_mood/theme---funny,0.794044893404052,1780306574471,906cef2b2f4f465eb47f298a50065e54,4,f
val_pr_auc_mood/theme---funny,0.020994782315713577,1780306574471,906cef2b2f4f465eb47f298a50065e54,4,f
val_roc_auc_mood/theme---fun,0.7375300478546756,1780306574471,906cef2b2f4f465eb47f298a50065e54,4,f
val_pr_auc_mood/theme---fun,0.10943134270292107,1780306574471,906cef2b2f4f465eb47f298a50065e54,4,f
val_roc_auc_mood/theme---film,0.7254450780689492,1780306574471,906cef2b2f4f465eb47f298a50065e54,4,f
val_pr_auc_mood/theme---film,0.1531050688335606,1780306574471,906cef2b2f4f465eb47f298a50065e54,4,f
val_roc_auc_mood/theme---fast,0.8716590612777053,1780306574471,906cef2b2f4f465eb47f298a50065e54,4,f
val_pr_auc_mood/theme---fast,0.06289708610798266,1780306574471,906cef2b2f4f465eb47f298a50065e54,4,f
val_roc_auc_mood/theme---epic,0.8985281157080611,1780306574471,906cef2b2f4f465eb47f298a50065e54,4,f
val_pr_auc_mood/theme---epic,0.42105586829195973,1780306574471,906cef2b2f4f465eb47f298a50065e54,4,f
val_roc_auc_mood/theme---energetic,0.7716976299248295,1780306574471,906cef2b2f4f465eb47f298a50065e54,4,f
val_pr_auc_mood/theme---energetic,0.1805983912836684,1780306574471,906cef2b2f4f465eb47f298a50065e54,4,f
val_roc_auc_mood/theme---emotional,0.6246937672020914,1780306574471,906cef2b2f4f465eb47f298a50065e54,4,f
val_pr_auc_mood/theme---emotional,0.13539240511737052,1780306574471,906cef2b2f4f465eb47f298a50065e54,4,f
val_roc_auc_mood/theme---dream,0.6841493485987651,1780306574471,906cef2b2f4f465eb47f298a50065e54,4,f
val_pr_auc_mood/theme---dream,0.10938132759600293,1780306574471,906cef2b2f4f465eb47f298a50065e54,4,f
val_roc_auc_mood/theme---dramatic,0.6811617959285625,1780306574471,906cef2b2f4f465eb47f298a50065e54,4,f
val_pr_auc_mood/theme---dramatic,0.022403048617663273,1780306574471,906cef2b2f4f465eb47f298a50065e54,4,f
val_roc_auc_mood/theme---drama,0.6987248563218391,1780306574471,906cef2b2f4f465eb47f298a50065e54,4,f
val_pr_auc_mood/theme---drama,0.06871280604756935,1780306574471,906cef2b2f4f465eb47f298a50065e54,4,f
val_roc_auc_mood/theme---documentary,0.629790703995651,1780306574471,906cef2b2f4f465eb47f298a50065e54,4,f
val_pr_auc_mood/theme---documentary,0.04791796515478421,1780306574471,906cef2b2f4f465eb47f298a50065e54,4,f
val_roc_auc_mood/theme---deep,0.8122231410413198,1780306574471,906cef2b2f4f465eb47f298a50065e54,4,f
val_pr_auc_mood/theme---deep,0.23466155852597698,1780306574471,906cef2b2f4f465eb47f298a50065e54,4,f
val_roc_auc_mood/theme---dark,0.5806702864949854,1780306574471,906cef2b2f4f465eb47f298a50065e54,4,f
val_pr_auc_mood/theme---dark,0.0846672086622589,1780306574471,906cef2b2f4f465eb47f298a50065e54,4,f
val_roc_auc_mood/theme---corporate,0.7278957102633467,1780306574471,906cef2b2f4f465eb47f298a50065e54,4,f
val_pr_auc_mood/theme---corporate,0.10502712135489438,1780306574471,906cef2b2f4f465eb47f298a50065e54,4,f
val_roc_auc_mood/theme---cool,0.7658611215186711,1780306574471,906cef2b2f4f465eb47f298a50065e54,4,f
val_pr_auc_mood/theme---cool,0.030349754652020878,1780306574471,906cef2b2f4f465eb47f298a50065e54,4,f
val_roc_auc_mood/theme---commercial,0.75013397642015,1780306574471,906cef2b2f4f465eb47f298a50065e54,4,f
val_pr_auc_mood/theme---commercial,0.09317391021494965,1780306574471,906cef2b2f4f465eb47f298a50065e54,4,f
val_roc_auc_mood/theme---christmas,0.7920956095580559,1780306574471,906cef2b2f4f465eb47f298a50065e54,4,f
val_pr_auc_mood/theme---christmas,0.10325443851167428,1780306574471,906cef2b2f4f465eb47f298a50065e54,4,f
val_roc_auc_mood/theme---children,0.6866707584472833,1780306574471,906cef2b2f4f465eb47f298a50065e54,4,f
val_pr_auc_mood/theme---children,0.08233818441984496,1780306574471,906cef2b2f4f465eb47f298a50065e54,4,f
val_roc_auc_mood/theme---calm,0.5861900403544535,1780306574471,906cef2b2f4f465eb47f298a50065e54,4,f
val_pr_auc_mood/theme---calm,0.04325863290334109,1780306574471,906cef2b2f4f465eb47f298a50065e54,4,f
val_roc_auc_mood/theme---ballad,0.7790418692897141,1780306574471,906cef2b2f4f465eb47f298a50065e54,4,f
val_pr_auc_mood/theme---ballad,0.07112921619733803,1780306574471,906cef2b2f4f465eb47f298a50065e54,4,f
val_roc_auc_mood/theme---background,0.5424900530503979,1780306574471,906cef2b2f4f465eb47f298a50065e54,4,f
val_pr_auc_mood/theme---background,0.010675663005710774,1780306574471,906cef2b2f4f465eb47f298a50065e54,4,f
val_roc_auc_mood/theme---advertising,0.7675907572331258,1780306574471,906cef2b2f4f465eb47f298a50065e54,4,f
val_pr_auc_mood/theme---advertising,0.13633977966827068,1780306574471,906cef2b2f4f465eb47f298a50065e54,4,f
val_roc_auc_mood/theme---adventure,0.6437728937728938,1780306574471,906cef2b2f4f465eb47f298a50065e54,4,f
val_pr_auc_mood/theme---adventure,0.055203312451719264,1780306574471,906cef2b2f4f465eb47f298a50065e54,4,f
val_roc_auc_mood/theme---action,0.7794308173811776,1780306574471,906cef2b2f4f465eb47f298a50065e54,4,f
val_pr_auc_mood/theme---action,0.19620456117063292,1780306574471,906cef2b2f4f465eb47f298a50065e54,4,f
val_loss_std,0.021682012825220316,1780306574471,906cef2b2f4f465eb47f298a50065e54,4,f
val_loss_avg,0.052950217819859376,1780306574471,906cef2b2f4f465eb47f298a50065e54,4,f
train_loss,0.047554443563268496,1780306339755,906cef2b2f4f465eb47f298a50065e54,4,f
val_roc_auc_mood/theme---soundscape,0.7272673629550953,1780306574471,906cef2b2f4f465eb47f298a50065e54,4,f
val_pr_auc_mood/theme---space,0.05707788315878973,1780306574471,906cef2b2f4f465eb47f298a50065e54,4,f
val_pr_auc_mood/theme---soundscape,0.02850896032365798,1780306574471,906cef2b2f4f465eb47f298a50065e54,4,f
val_roc_auc_mood/theme---soft,0.6793940528034839,1780306574471,906cef2b2f4f465eb47f298a50065e54,4,f
val_pr_auc_mood/theme---soft,0.05113362659471959,1780306574471,906cef2b2f4f465eb47f298a50065e54,4,f
val_roc_auc_mood/theme---slow,0.7352501547582501,1780306574471,906cef2b2f4f465eb47f298a50065e54,4,f
val_pr_auc_mood/theme---slow,0.028908911402087536,1780306574471,906cef2b2f4f465eb47f298a50065e54,4,f
val_roc_auc_mood/theme---sexy,0.6932773410861061,1780306574471,906cef2b2f4f465eb47f298a50065e54,4,f
val_pr_auc_mood/theme---sexy,0.04948118914882718,1780306574471,906cef2b2f4f465eb47f298a50065e54,4,f
val_roc_auc_mood/theme---sad,0.7366928166615484,1780306574471,906cef2b2f4f465eb47f298a50065e54,4,f
val_pr_auc_mood/theme---sad,0.08646960460953289,1780306574471,906cef2b2f4f465eb47f298a50065e54,4,f
val_roc_auc_mood/theme---romantic,0.6429590165442868,1780306574471,906cef2b2f4f465eb47f298a50065e54,4,f
val_pr_auc_mood/theme---romantic,0.05967259753114519,1780306574471,906cef2b2f4f465eb47f298a50065e54,4,f
val_roc_auc_mood/theme---trailer,0.9326597483588208,1780306574471,906cef2b2f4f465eb47f298a50065e54,4,f
val_pr_auc_mood/theme---travel,0.016960337189384157,1780306574471,906cef2b2f4f465eb47f298a50065e54,4,f
val_roc_auc_mood/theme---travel,0.5904935915213407,1780306574471,906cef2b2f4f465eb47f298a50065e54,4,f
val_pr_auc_mood/theme---upbeat,0.05634878725433652,1780306574471,906cef2b2f4f465eb47f298a50065e54,4,f
val_roc_auc_mood/theme---upbeat,0.6891421022211213,1780306574471,906cef2b2f4f465eb47f298a50065e54,4,f
val_pr_auc_mood/theme---uplifting,0.07124469302522168,1780306574471,906cef2b2f4f465eb47f298a50065e54,4,f
val_roc_auc_mood/theme---uplifting,0.6673530954106495,1780306574471,906cef2b2f4f465eb47f298a50065e54,4,f
val_macro_pr_auc,0.09482804472315003,1780306574471,906cef2b2f4f465eb47f298a50065e54,4,f
val_macro_roc_auc,0.7251354527653305,1780306574471,906cef2b2f4f465eb47f298a50065e54,4,f
val_roc_auc_mood/theme---retro,0.5417798846959487,1780306574471,906cef2b2f4f465eb47f298a50065e54,4,f
val_pr_auc_mood/theme---retro,0.011118194511047081,1780306574471,906cef2b2f4f465eb47f298a50065e54,4,f
val_roc_auc_mood/theme---relaxing,0.7639000604283883,1780306574471,906cef2b2f4f465eb47f298a50065e54,4,f
val_pr_auc_mood/theme---trailer,0.22207707945224162,1780306574471,906cef2b2f4f465eb47f298a50065e54,4,f
val_roc_auc_mood/theme---summer,0.8374508811048827,1780306574471,906cef2b2f4f465eb47f298a50065e54,4,f
val_pr_auc_mood/theme---summer,0.18206770055021837,1780306574471,906cef2b2f4f465eb47f298a50065e54,4,f
val_roc_auc_mood/theme---sport,0.8924995805134516,1780306574471,906cef2b2f4f465eb47f298a50065e54,4,f
val_pr_auc_mood/theme---sport,0.08560821073505503,1780306574471,906cef2b2f4f465eb47f298a50065e54,4,f
val_roc_auc_mood/theme---space,0.774332704232947,1780306574471,906cef2b2f4f465eb47f298a50065e54,4,f
val_pr_auc_mood/theme---retro,0.010863820609634913,1780307589367,906cef2b2f4f465eb47f298a50065e54,5,f
val_roc_auc_mood/theme---space,0.7746284104053784,1780307589367,906cef2b2f4f465eb47f298a50065e54,5,f
val_pr_auc_mood/theme---sport,0.03953675954296417,1780307589367,906cef2b2f4f465eb47f298a50065e54,5,f
val_roc_auc_mood/theme---sport,0.8428533475026567,1780307589367,906cef2b2f4f465eb47f298a50065e54,5,f
val_pr_auc_mood/theme---summer,0.20904655608997297,1780307589367,906cef2b2f4f465eb47f298a50065e54,5,f
val_roc_auc_mood/theme---summer,0.8518926505991987,1780307589367,906cef2b2f4f465eb47f298a50065e54,5,f
val_pr_auc_mood/theme---trailer,0.17773256622181635,1780307589367,906cef2b2f4f465eb47f298a50065e54,5,f
val_roc_auc_mood/theme---trailer,0.9101570020498223,1780307589367,906cef2b2f4f465eb47f298a50065e54,5,f
val_pr_auc_mood/theme---travel,0.023892225954168286,1780307589367,906cef2b2f4f465eb47f298a50065e54,5,f
val_roc_auc_mood/theme---travel,0.6401953267318119,1780307589367,906cef2b2f4f465eb47f298a50065e54,5,f
val_pr_auc_mood/theme---upbeat,0.048480051519638065,1780307589367,906cef2b2f4f465eb47f298a50065e54,5,f
val_roc_auc_mood/theme---upbeat,0.638092436627859,1780307589367,906cef2b2f4f465eb47f298a50065e54,5,f
val_pr_auc_mood/theme---uplifting,0.08403041277474264,1780307589367,906cef2b2f4f465eb47f298a50065e54,5,f
val_roc_auc_mood/theme---uplifting,0.6905070538164063,1780307589367,906cef2b2f4f465eb47f298a50065e54,5,f
val_macro_pr_auc,0.0946918057961312,1780307589367,906cef2b2f4f465eb47f298a50065e54,5,f
val_macro_roc_auc,0.7247693464393369,1780307589367,906cef2b2f4f465eb47f298a50065e54,5,f
avg_train_loss,0.046929288209339136,1780307340458,906cef2b2f4f465eb47f298a50065e54,5,f
stdev_train_loss,0.004350198961855265,1780307341583,906cef2b2f4f465eb47f298a50065e54,5,f
train_loss,0.046929288209339136,1780307342018,906cef2b2f4f465eb47f298a50065e54,5,f
val_loss_avg,0.05777739228625824,1780307589367,906cef2b2f4f465eb47f298a50065e54,5,f
val_loss_std,0.03280504039011492,1780307589367,906cef2b2f4f465eb47f298a50065e54,5,f
val_pr_auc_mood/theme---action,0.1160892749311622,1780307589367,906cef2b2f4f465eb47f298a50065e54,5,f
val_roc_auc_mood/theme---action,0.7483514083994469,1780307589367,906cef2b2f4f465eb47f298a50065e54,5,f
val_pr_auc_mood/theme---adventure,0.032064955642755924,1780307589367,906cef2b2f4f465eb47f298a50065e54,5,f
val_roc_auc_mood/theme---adventure,0.6194194276901044,1780307589367,906cef2b2f4f465eb47f298a50065e54,5,f
val_pr_auc_mood/theme---advertising,0.14264712418293302,1780307589367,906cef2b2f4f465eb47f298a50065e54,5,f
val_roc_auc_mood/theme---advertising,0.7538792261090483,1780307589367,906cef2b2f4f465eb47f298a50065e54,5,f
val_pr_auc_mood/theme---background,0.012137158773048681,1780307589367,906cef2b2f4f465eb47f298a50065e54,5,f
val_roc_auc_mood/theme---background,0.5681531830238726,1780307589367,906cef2b2f4f465eb47f298a50065e54,5,f
val_pr_auc_mood/theme---ballad,0.07348307959630551,1780307589367,906cef2b2f4f465eb47f298a50065e54,5,f
val_roc_auc_mood/theme---ballad,0.7869050250515768,1780307589367,906cef2b2f4f465eb47f298a50065e54,5,f
val_pr_auc_mood/theme---calm,0.05507675108256788,1780307589367,906cef2b2f4f465eb47f298a50065e54,5,f
val_roc_auc_mood/theme---calm,0.6322440404376586,1780307589367,906cef2b2f4f465eb47f298a50065e54,5,f
val_pr_auc_mood/theme---children,0.09732727478993117,1780307589367,906cef2b2f4f465eb47f298a50065e54,5,f
val_roc_auc_mood/theme---children,0.7488163878095361,1780307589367,906cef2b2f4f465eb47f298a50065e54,5,f
val_pr_auc_mood/theme---christmas,0.08278570646853914,1780307589367,906cef2b2f4f465eb47f298a50065e54,5,f
val_roc_auc_mood/theme---christmas,0.7741380060317828,1780307589367,906cef2b2f4f465eb47f298a50065e54,5,f
val_pr_auc_mood/theme---commercial,0.09755858316383877,1780307589367,906cef2b2f4f465eb47f298a50065e54,5,f
val_roc_auc_mood/theme---commercial,0.7714898177920686,1780307589367,906cef2b2f4f465eb47f298a50065e54,5,f
val_pr_auc_mood/theme---cool,0.024327122397179338,1780307589367,906cef2b2f4f465eb47f298a50065e54,5,f
val_roc_auc_mood/theme---cool,0.7765783064818284,1780307589367,906cef2b2f4f465eb47f298a50065e54,5,f
val_pr_auc_mood/theme---corporate,0.2129228478588194,1780307589367,906cef2b2f4f465eb47f298a50065e54,5,f
val_roc_auc_mood/theme---corporate,0.8575792708735899,1780307589367,906cef2b2f4f465eb47f298a50065e54,5,f
val_pr_auc_mood/theme---dark,0.10586432042538635,1780307589367,906cef2b2f4f465eb47f298a50065e54,5,f
val_roc_auc_mood/theme---dark,0.6758544358656372,1780307589367,906cef2b2f4f465eb47f298a50065e54,5,f
val_pr_auc_mood/theme---deep,0.20920126324533475,1780307589367,906cef2b2f4f465eb47f298a50065e54,5,f
val_roc_auc_mood/theme---deep,0.8157327711713391,1780307589367,906cef2b2f4f465eb47f298a50065e54,5,f
val_pr_auc_mood/theme---documentary,0.04432378231860691,1780307589367,906cef2b2f4f465eb47f298a50065e54,5,f
val_roc_auc_mood/theme---documentary,0.6422543241469381,1780307589367,906cef2b2f4f465eb47f298a50065e54,5,f
val_pr_auc_mood/theme---drama,0.06895868538837346,1780307589367,906cef2b2f4f465eb47f298a50065e54,5,f
val_roc_auc_mood/theme---drama,0.7411757662835248,1780307589367,906cef2b2f4f465eb47f298a50065e54,5,f
val_pr_auc_mood/theme---dramatic,0.023462861321974077,1780307589367,906cef2b2f4f465eb47f298a50065e54,5,f
val_roc_auc_mood/theme---dramatic,0.6608592481578619,1780307589367,906cef2b2f4f465eb47f298a50065e54,5,f
val_pr_auc_mood/theme---dream,0.15549583896657468,1780307589367,906cef2b2f4f465eb47f298a50065e54,5,f
val_roc_auc_mood/theme---dream,0.6830326607674373,1780307589367,906cef2b2f4f465eb47f298a50065e54,5,f
val_pr_auc_mood/theme---emotional,0.13809423591403577,1780307589367,906cef2b2f4f465eb47f298a50065e54,5,f
val_roc_auc_mood/theme---emotional,0.6063836274713078,1780307589367,906cef2b2f4f465eb47f298a50065e54,5,f
val_pr_auc_mood/theme---energetic,0.17843066235670113,1780307589367,906cef2b2f4f465eb47f298a50065e54,5,f
val_roc_auc_mood/theme---energetic,0.766885087009381,1780307589367,906cef2b2f4f465eb47f298a50065e54,5,f
val_pr_auc_mood/theme---epic,0.3647288666299178,1780307589367,906cef2b2f4f465eb47f298a50065e54,5,f
val_roc_auc_mood/theme---epic,0.8912354108838719,1780307589367,906cef2b2f4f465eb47f298a50065e54,5,f
val_pr_auc_mood/theme---fast,0.06183317761888403,1780307589367,906cef2b2f4f465eb47f298a50065e54,5,f
val_roc_auc_mood/theme---fast,0.8616056877444589,1780307589367,906cef2b2f4f465eb47f298a50065e54,5,f
val_pr_auc_mood/theme---film,0.160876885210343,1780307589367,906cef2b2f4f465eb47f298a50065e54,5,f
val_roc_auc_mood/theme---film,0.731564855289532,1780307589367,906cef2b2f4f465eb47f298a50065e54,5,f
val_pr_auc_mood/theme---fun,0.09599080900896045,1780307589367,906cef2b2f4f465eb47f298a50065e54,5,f
val_roc_auc_mood/theme---fun,0.7049208215915562,1780307589367,906cef2b2f4f465eb47f298a50065e54,5,f
val_pr_auc_mood/theme---funny,0.02034024636953373,1780307589367,906cef2b2f4f465eb47f298a50065e54,5,f
val_roc_auc_mood/theme---funny,0.7620143355154918,1780307589367,906cef2b2f4f465eb47f298a50065e54,5,f
val_pr_auc_mood/theme---game,0.04739578625938998,1780307589367,906cef2b2f4f465eb47f298a50065e54,5,f
val_roc_auc_mood/theme---game,0.6045265645371578,1780307589367,906cef2b2f4f465eb47f298a50065e54,5,f
val_pr_auc_mood/theme---groovy,0.05001910454781402,1780307589367,906cef2b2f4f465eb47f298a50065e54,5,f
val_roc_auc_mood/theme---groovy,0.7947925124695512,1780307589367,906cef2b2f4f465eb47f298a50065e54,5,f
val_pr_auc_mood/theme---happy,0.31303027345806883,1780307589367,906cef2b2f4f465eb47f298a50065e54,5,f
val_roc_auc_mood/theme---happy,0.7793041923514273,1780307589367,906cef2b2f4f465eb47f298a50065e54,5,f
val_pr_auc_mood/theme---heavy,0.10846647975132596,1780307589367,906cef2b2f4f465eb47f298a50065e54,5,f
val_roc_auc_mood/theme---heavy,0.9101280783424587,1780307589367,906cef2b2f4f465eb47f298a50065e54,5,f
val_pr_auc_mood/theme---holiday,0.011118929491447584,1780307589367,906cef2b2f4f465eb47f298a50065e54,5,f
val_roc_auc_mood/theme---holiday,0.5135993022109295,1780307589367,906cef2b2f4f465eb47f298a50065e54,5,f
val_pr_auc_mood/theme---hopeful,0.024361432795767506,1780307589367,906cef2b2f4f465eb47f298a50065e54,5,f
val_roc_auc_mood/theme---hopeful,0.6960745264648611,1780307589367,906cef2b2f4f465eb47f298a50065e54,5,f
val_pr_auc_mood/theme---inspiring,0.08989364957775028,1780307589367,906cef2b2f4f465eb47f298a50065e54,5,f
val_roc_auc_mood/theme---inspiring,0.6390028802028176,1780307589367,906cef2b2f4f465eb47f298a50065e54,5,f
val_pr_auc_mood/theme---love,0.10280967422910303,1780307589367,906cef2b2f4f465eb47f298a50065e54,5,f
val_roc_auc_mood/theme---love,0.6429140169233195,1780307589367,906cef2b2f4f465eb47f298a50065e54,5,f
val_pr_auc_mood/theme---meditative,0.13693942480399451,1780307589367,906cef2b2f4f465eb47f298a50065e54,5,f
val_roc_auc_mood/theme---meditative,0.7740928452868554,1780307589367,906cef2b2f4f465eb47f298a50065e54,5,f
val_pr_auc_mood/theme---melancholic,0.06223410100614979,1780307589367,906cef2b2f4f465eb47f298a50065e54,5,f
val_roc_auc_mood/theme---melancholic,0.6713737579356653,1780307589367,906cef2b2f4f465eb47f298a50065e54,5,f
val_pr_auc_mood/theme---melodic,0.12444399323755025,1780307589367,906cef2b2f4f465eb47f298a50065e54,5,f
val_roc_auc_mood/theme---melodic,0.5700919196779013,1780307589367,906cef2b2f4f465eb47f298a50065e54,5,f
val_pr_auc_mood/theme---motivational,0.1840484138969271,1780307589367,906cef2b2f4f465eb47f298a50065e54,5,f
val_roc_auc_mood/theme---motivational,0.8515338520704767,1780307589367,906cef2b2f4f465eb47f298a50065e54,5,f
val_pr_auc_mood/theme---movie,0.11848582100186099,1780307589367,906cef2b2f4f465eb47f298a50065e54,5,f
val_roc_auc_mood/theme---movie,0.7904545203750927,1780307589367,906cef2b2f4f465eb47f298a50065e54,5,f
val_pr_auc_mood/theme---nature,0.032540581034570026,1780307589367,906cef2b2f4f465eb47f298a50065e54,5,f
val_roc_auc_mood/theme---nature,0.7023363043165023,1780307589367,906cef2b2f4f465eb47f298a50065e54,5,f
val_pr_auc_mood/theme---party,0.10137262045763158,1780307589367,906cef2b2f4f465eb47f298a50065e54,5,f
val_roc_auc_mood/theme---party,0.8399260995414842,1780307589367,906cef2b2f4f465eb47f298a50065e54,5,f
val_pr_auc_mood/theme---positive,0.0445252172429282,1780307589367,906cef2b2f4f465eb47f298a50065e54,5,f
val_roc_auc_mood/theme---positive,0.7151927835741039,1780307589367,906cef2b2f4f465eb47f298a50065e54,5,f
val_pr_auc_mood/theme---powerful,0.020390285363357102,1780307589367,906cef2b2f4f465eb47f298a50065e54,5,f
val_roc_auc_mood/theme---powerful,0.6557837776581579,1780307589367,906cef2b2f4f465eb47f298a50065e54,5,f
val_pr_auc_mood/theme---relaxing,0.19635477181866098,1780307589367,906cef2b2f4f465eb47f298a50065e54,5,f
val_roc_auc_mood/theme---relaxing,0.7535976326770593,1780307589367,906cef2b2f4f465eb47f298a50065e54,5,f
val_roc_auc_mood/theme---retro,0.515489523414245,1780307589367,906cef2b2f4f465eb47f298a50065e54,5,f
val_pr_auc_mood/theme---romantic,0.08554626679371269,1780307589367,906cef2b2f4f465eb47f298a50065e54,5,f
val_roc_auc_mood/theme---romantic,0.6689992454774656,1780307589367,906cef2b2f4f465eb47f298a50065e54,5,f
val_pr_auc_mood/theme---sad,0.07980689066734169,1780307589367,906cef2b2f4f465eb47f298a50065e54,5,f
val_roc_auc_mood/theme---sad,0.7074327405380757,1780307589367,906cef2b2f4f465eb47f298a50065e54,5,f
val_pr_auc_mood/theme---sexy,0.036865888394631875,1780307589367,906cef2b2f4f465eb47f298a50065e54,5,f
val_roc_auc_mood/theme---sexy,0.7301389038440831,1780307589367,906cef2b2f4f465eb47f298a50065e54,5,f
val_pr_auc_mood/theme---slow,0.028067556886472812,1780307589367,906cef2b2f4f465eb47f298a50065e54,5,f
val_roc_auc_mood/theme---slow,0.7279475784737566,1780307589367,906cef2b2f4f465eb47f298a50065e54,5,f
val_pr_auc_mood/theme---soft,0.04988330776135816,1780307589367,906cef2b2f4f465eb47f298a50065e54,5,f
val_roc_auc_mood/theme---soft,0.6682260479041915,1780307589367,906cef2b2f4f465eb47f298a50065e54,5,f
val_pr_auc_mood/theme---soundscape,0.028094719744057826,1780307589367,906cef2b2f4f465eb47f298a50065e54,5,f
val_roc_auc_mood/theme---soundscape,0.7347244350032455,1780307589367,906cef2b2f4f465eb47f298a50065e54,5,f
val_pr_auc_mood/theme---space,0.05844202798682986,1780307589367,906cef2b2f4f465eb47f298a50065e54,5,f
avg_train_loss,0.04659394799067778,1780308300798,906cef2b2f4f465eb47f298a50065e54,6,f
stdev_train_loss,0.004625547719715222,1780308301977,906cef2b2f4f465eb47f298a50065e54,6,f
train_loss,0.04659394799067778,1780308302404,906cef2b2f4f465eb47f298a50065e54,6,f
val_loss_avg,0.05694188272914408,1780308539456,906cef2b2f4f465eb47f298a50065e54,6,f
val_loss_std,0.02581874432337657,1780308539456,906cef2b2f4f465eb47f298a50065e54,6,f
val_pr_auc_mood/theme---action,0.12649121537577135,1780308539456,906cef2b2f4f465eb47f298a50065e54,6,f
val_roc_auc_mood/theme---action,0.7464347235364048,1780308539456,906cef2b2f4f465eb47f298a50065e54,6,f
val_pr_auc_mood/theme---adventure,0.03070574316397289,1780308539456,906cef2b2f4f465eb47f298a50065e54,6,f
val_roc_auc_mood/theme---adventure,0.5748815720620232,1780308539456,906cef2b2f4f465eb47f298a50065e54,6,f
val_pr_auc_mood/theme---advertising,0.13461991106529514,1780308539456,906cef2b2f4f465eb47f298a50065e54,6,f
val_roc_auc_mood/theme---advertising,0.7357864075862904,1780308539456,906cef2b2f4f465eb47f298a50065e54,6,f
val_pr_auc_mood/theme---background,0.011822514543740226,1780308539456,906cef2b2f4f465eb47f298a50065e54,6,f
val_roc_auc_mood/theme---background,0.5681448938992042,1780308539456,906cef2b2f4f465eb47f298a50065e54,6,f
val_pr_auc_mood/theme---ballad,0.08696109145043651,1780308539456,906cef2b2f4f465eb47f298a50065e54,6,f
val_roc_auc_mood/theme---ballad,0.7905384246979075,1780308539456,906cef2b2f4f465eb47f298a50065e54,6,f
val_pr_auc_mood/theme---calm,0.054466263207257185,1780308539456,906cef2b2f4f465eb47f298a50065e54,6,f
val_roc_auc_mood/theme---calm,0.6486250364022133,1780308539456,906cef2b2f4f465eb47f298a50065e54,6,f
val_pr_auc_mood/theme---children,0.08972809282515731,1780308539456,906cef2b2f4f465eb47f298a50065e54,6,f
val_roc_auc_mood/theme---children,0.7548011873769328,1780308539456,906cef2b2f4f465eb47f298a50065e54,6,f
val_pr_auc_mood/theme---christmas,0.08971274219329713,1780308539456,906cef2b2f4f465eb47f298a50065e54,6,f
val_roc_auc_mood/theme---christmas,0.8024482368634729,1780308539456,906cef2b2f4f465eb47f298a50065e54,6,f
val_pr_auc_mood/theme---commercial,0.0851335932644969,1780308539456,906cef2b2f4f465eb47f298a50065e54,6,f
val_roc_auc_mood/theme---commercial,0.7611009033838615,1780308539456,906cef2b2f4f465eb47f298a50065e54,6,f
val_pr_auc_mood/theme---cool,0.027242178330043467,1780308539456,906cef2b2f4f465eb47f298a50065e54,6,f
val_roc_auc_mood/theme---cool,0.7645575746222054,1780308539456,906cef2b2f4f465eb47f298a50065e54,6,f
val_pr_auc_mood/theme---corporate,0.14534623779868922,1780308539456,906cef2b2f4f465eb47f298a50065e54,6,f
val_roc_auc_mood/theme---corporate,0.8122665120815621,1780308539456,906cef2b2f4f465eb47f298a50065e54,6,f
val_pr_auc_mood/theme---dark,0.10593046495179786,1780308539456,906cef2b2f4f465eb47f298a50065e54,6,f
val_roc_auc_mood/theme---dark,0.6830759085029596,1780308539456,906cef2b2f4f465eb47f298a50065e54,6,f
val_pr_auc_mood/theme---deep,0.19408234211336908,1780308539456,906cef2b2f4f465eb47f298a50065e54,6,f
val_roc_auc_mood/theme---deep,0.7961036893822042,1780308539456,906cef2b2f4f465eb47f298a50065e54,6,f
val_pr_auc_mood/theme---documentary,0.04536550208663254,1780308539456,906cef2b2f4f465eb47f298a50065e54,6,f
val_roc_auc_mood/theme---documentary,0.6324292789000192,1780308539456,906cef2b2f4f465eb47f298a50065e54,6,f
val_pr_auc_mood/theme---drama,0.07551618366497574,1780308539456,906cef2b2f4f465eb47f298a50065e54,6,f
val_roc_auc_mood/theme---drama,0.7074443247126437,1780308539456,906cef2b2f4f465eb47f298a50065e54,6,f
val_pr_auc_mood/theme---dramatic,0.02132320763533369,1780308539456,906cef2b2f4f465eb47f298a50065e54,6,f
val_roc_auc_mood/theme---dramatic,0.6362323591857125,1780308539456,906cef2b2f4f465eb47f298a50065e54,6,f
val_pr_auc_mood/theme---dream,0.11199554230256938,1780308539456,906cef2b2f4f465eb47f298a50065e54,6,f
val_roc_auc_mood/theme---dream,0.6334925722118079,1780308539456,906cef2b2f4f465eb47f298a50065e54,6,f
val_pr_auc_mood/theme---emotional,0.15439484515371774,1780308539456,906cef2b2f4f465eb47f298a50065e54,6,f
val_roc_auc_mood/theme---emotional,0.6652112223699349,1780308539456,906cef2b2f4f465eb47f298a50065e54,6,f
val_pr_auc_mood/theme---energetic,0.1866662497054964,1780308539456,906cef2b2f4f465eb47f298a50065e54,6,f
val_roc_auc_mood/theme---energetic,0.7680100579982372,1780308539456,906cef2b2f4f465eb47f298a50065e54,6,f
val_pr_auc_mood/theme---epic,0.42700204930711466,1780308539456,906cef2b2f4f465eb47f298a50065e54,6,f
val_roc_auc_mood/theme---epic,0.8945086443344399,1780308539456,906cef2b2f4f465eb47f298a50065e54,6,f
val_pr_auc_mood/theme---fast,0.045587999547014105,1780308539456,906cef2b2f4f465eb47f298a50065e54,6,f
val_roc_auc_mood/theme---fast,0.8582341916558018,1780308539456,906cef2b2f4f465eb47f298a50065e54,6,f
val_pr_auc_mood/theme---film,0.1648452406961807,1780308539456,906cef2b2f4f465eb47f298a50065e54,6,f
val_roc_auc_mood/theme---film,0.7298015547222284,1780308539456,906cef2b2f4f465eb47f298a50065e54,6,f
val_pr_auc_mood/theme---fun,0.08334893391784887,1780308539456,906cef2b2f4f465eb47f298a50065e54,6,f
val_roc_auc_mood/theme---fun,0.6541430906576134,1780308539456,906cef2b2f4f465eb47f298a50065e54,6,f
val_pr_auc_mood/theme---funny,0.015469405808153664,1780308539456,906cef2b2f4f465eb47f298a50065e54,6,f
val_roc_auc_mood/theme---funny,0.7457459415304256,1780308539456,906cef2b2f4f465eb47f298a50065e54,6,f
val_pr_auc_mood/theme---game,0.02045503666279907,1780308539456,906cef2b2f4f465eb47f298a50065e54,6,f
val_roc_auc_mood/theme---game,0.6381905964797914,1780308539456,906cef2b2f4f465eb47f298a50065e54,6,f
val_pr_auc_mood/theme---groovy,0.06429933868171547,1780308539456,906cef2b2f4f465eb47f298a50065e54,6,f
val_roc_auc_mood/theme---groovy,0.8224756408769286,1780308539456,906cef2b2f4f465eb47f298a50065e54,6,f
val_pr_auc_mood/theme---happy,0.26393260714235395,1780308539456,906cef2b2f4f465eb47f298a50065e54,6,f
val_roc_auc_mood/theme---happy,0.7164780208270992,1780308539456,906cef2b2f4f465eb47f298a50065e54,6,f
val_pr_auc_mood/theme---heavy,0.11483622914471901,1780308539456,906cef2b2f4f465eb47f298a50065e54,6,f
val_roc_auc_mood/theme---heavy,0.9040095837654872,1780308539456,906cef2b2f4f465eb47f298a50065e54,6,f
val_pr_auc_mood/theme---holiday,0.017860494915002207,1780308539456,906cef2b2f4f465eb47f298a50065e54,6,f
val_roc_auc_mood/theme---holiday,0.6283856043080891,1780308539456,906cef2b2f4f465eb47f298a50065e54,6,f
val_pr_auc_mood/theme---hopeful,0.025843688630241838,1780308539456,906cef2b2f4f465eb47f298a50065e54,6,f
val_roc_auc_mood/theme---hopeful,0.70157697527586,1780308539456,906cef2b2f4f465eb47f298a50065e54,6,f
val_pr_auc_mood/theme---inspiring,0.07031079253315274,1780308539456,906cef2b2f4f465eb47f298a50065e54,6,f
val_roc_auc_mood/theme---inspiring,0.6168497881967845,1780308539456,906cef2b2f4f465eb47f298a50065e54,6,f
val_pr_auc_mood/theme---love,0.09857450193050296,1780308539456,906cef2b2f4f465eb47f298a50065e54,6,f
val_roc_auc_mood/theme---love,0.6647750564986599,1780308539456,906cef2b2f4f465eb47f298a50065e54,6,f
val_pr_auc_mood/theme---meditative,0.12924422056114754,1780308539456,906cef2b2f4f465eb47f298a50065e54,6,f
val_roc_auc_mood/theme---meditative,0.7646643386824656,1780308539456,906cef2b2f4f465eb47f298a50065e54,6,f
val_pr_auc_mood/theme---melancholic,0.07401111848654837,1780308539456,906cef2b2f4f465eb47f298a50065e54,6,f
val_roc_auc_mood/theme---melancholic,0.7104913095159641,1780308539456,906cef2b2f4f465eb47f298a50065e54,6,f
val_pr_auc_mood/theme---melodic,0.12128029980446955,1780308539456,906cef2b2f4f465eb47f298a50065e54,6,f
val_roc_auc_mood/theme---melodic,0.5617854384543314,1780308539456,906cef2b2f4f465eb47f298a50065e54,6,f
val_pr_auc_mood/theme---motivational,0.13521837024061303,1780308539456,906cef2b2f4f465eb47f298a50065e54,6,f
val_roc_auc_mood/theme---motivational,0.8112118772918344,1780308539456,906cef2b2f4f465eb47f298a50065e54,6,f
val_pr_auc_mood/theme---movie,0.10901592285920804,1780308539456,906cef2b2f4f465eb47f298a50065e54,6,f
val_roc_auc_mood/theme---movie,0.7844512626632154,1780308539456,906cef2b2f4f465eb47f298a50065e54,6,f
val_pr_auc_mood/theme---nature,0.0311605632024593,1780308539456,906cef2b2f4f465eb47f298a50065e54,6,f
val_roc_auc_mood/theme---nature,0.7184743006525185,1780308539456,906cef2b2f4f465eb47f298a50065e54,6,f
val_pr_auc_mood/theme---party,0.10167997382433758,1780308539456,906cef2b2f4f465eb47f298a50065e54,6,f
val_roc_auc_mood/theme---party,0.805857603934527,1780308539456,906cef2b2f4f465eb47f298a50065e54,6,f
val_pr_auc_mood/theme---positive,0.03909978871201424,1780308539456,906cef2b2f4f465eb47f298a50065e54,6,f
val_roc_auc_mood/theme---positive,0.6832572565543071,1780308539456,906cef2b2f4f465eb47f298a50065e54,6,f
val_pr_auc_mood/theme---powerful,0.020690030280075183,1780308539456,906cef2b2f4f465eb47f298a50065e54,6,f
val_roc_auc_mood/theme---powerful,0.6650820183018388,1780308539456,906cef2b2f4f465eb47f298a50065e54,6,f
val_pr_auc_mood/theme---relaxing,0.18155467540650733,1780308539456,906cef2b2f4f465eb47f298a50065e54,6,f
val_roc_auc_mood/theme---relaxing,0.7564062257571922,1780308539456,906cef2b2f4f465eb47f298a50065e54,6,f
val_pr_auc_mood/theme---retro,0.01142995132421969,1780308539456,906cef2b2f4f465eb47f298a50065e54,6,f
val_roc_auc_mood/theme---retro,0.5460016472007316,1780308539456,906cef2b2f4f465eb47f298a50065e54,6,f
val_pr_auc_mood/theme---romantic,0.08414134057051259,1780308539456,906cef2b2f4f465eb47f298a50065e54,6,f
val_roc_auc_mood/theme---romantic,0.7174796186900753,1780308539456,906cef2b2f4f465eb47f298a50065e54,6,f
val_pr_auc_mood/theme---sad,0.07811330055412488,1780308539456,906cef2b2f4f465eb47f298a50065e54,6,f
val_roc_auc_mood/theme---sad,0.7168216123658766,1780308539456,906cef2b2f4f465eb47f298a50065e54,6,f
val_pr_auc_mood/theme---sexy,0.03329710127658065,1780308539456,906cef2b2f4f465eb47f298a50065e54,6,f
val_roc_auc_mood/theme---sexy,0.7082373209863251,1780308539456,906cef2b2f4f465eb47f298a50065e54,6,f
val_pr_auc_mood/theme---slow,0.025458688424439976,1780308539456,906cef2b2f4f465eb47f298a50065e54,6,f
val_roc_auc_mood/theme---slow,0.6787269057912299,1780308539456,906cef2b2f4f465eb47f298a50065e54,6,f
val_pr_auc_mood/theme---soft,0.054033367601519146,1780308539456,906cef2b2f4f465eb47f298a50065e54,6,f
val_roc_auc_mood/theme---soft,0.6923971658954818,1780308539456,906cef2b2f4f465eb47f298a50065e54,6,f
val_pr_auc_mood/theme---soundscape,0.028701500214162526,1780308539456,906cef2b2f4f465eb47f298a50065e54,6,f
val_roc_auc_mood/theme---soundscape,0.7397179441789107,1780308539456,906cef2b2f4f465eb47f298a50065e54,6,f
val_pr_auc_mood/theme---space,0.060348433724900556,1780308539456,906cef2b2f4f465eb47f298a50065e54,6,f
val_roc_auc_mood/theme---space,0.7622638336855716,1780308539456,906cef2b2f4f465eb47f298a50065e54,6,f
val_pr_auc_mood/theme---sport,0.08063324775226859,1780308539456,906cef2b2f4f465eb47f298a50065e54,6,f
val_roc_auc_mood/theme---sport,0.8772652273617092,1780308539456,906cef2b2f4f465eb47f298a50065e54,6,f
val_pr_auc_mood/theme---summer,0.2341403453360616,1780308539456,906cef2b2f4f465eb47f298a50065e54,6,f
val_roc_auc_mood/theme---summer,0.8500892801620368,1780308539456,906cef2b2f4f465eb47f298a50065e54,6,f
val_pr_auc_mood/theme---trailer,0.16709845639892834,1780308539456,906cef2b2f4f465eb47f298a50065e54,6,f
val_roc_auc_mood/theme---trailer,0.8939962476547842,1780308539456,906cef2b2f4f465eb47f298a50065e54,6,f
val_pr_auc_mood/theme---travel,0.020632427230246483,1780308539456,906cef2b2f4f465eb47f298a50065e54,6,f
val_roc_auc_mood/theme---travel,0.5954474515625595,1780308539456,906cef2b2f4f465eb47f298a50065e54,6,f
val_pr_auc_mood/theme---upbeat,0.0393044942879341,1780308539456,906cef2b2f4f465eb47f298a50065e54,6,f
val_roc_auc_mood/theme---upbeat,0.5243260259268434,1780308539456,906cef2b2f4f465eb47f298a50065e54,6,f
val_pr_auc_mood/theme---uplifting,0.06390962173001496,1780308539456,906cef2b2f4f465eb47f298a50065e54,6,f
val_roc_auc_mood/theme---uplifting,0.6429460853921286,1780308539456,906cef2b2f4f465eb47f298a50065e54,6,f
val_macro_pr_auc,0.09132263356343114,1780308539456,906cef2b2f4f465eb47f298a50065e54,6,f
val_macro_roc_auc,0.7190028138137011,1780308539456,906cef2b2f4f465eb47f298a50065e54,6,f
val_pr_auc_mood/theme---game,0.048112871080295605,1780309485766,906cef2b2f4f465eb47f298a50065e54,7,f
avg_train_loss,0.046140561475735184,1780309243807,906cef2b2f4f465eb47f298a50065e54,7,f
stdev_train_loss,0.0044122647266256945,1780309244322,906cef2b2f4f465eb47f298a50065e54,7,f
train_loss,0.046140561475735184,1780309244815,906cef2b2f4f465eb47f298a50065e54,7,f
val_loss_avg,0.05457448566864714,1780309485766,906cef2b2f4f465eb47f298a50065e54,7,f
val_loss_std,0.023498403377919277,1780309485766,906cef2b2f4f465eb47f298a50065e54,7,f
val_pr_auc_mood/theme---action,0.14797224077470877,1780309485766,906cef2b2f4f465eb47f298a50065e54,7,f
val_roc_auc_mood/theme---action,0.727044666035859,1780309485766,906cef2b2f4f465eb47f298a50065e54,7,f
val_pr_auc_mood/theme---adventure,0.0330154740359362,1780309485766,906cef2b2f4f465eb47f298a50065e54,7,f
val_roc_auc_mood/theme---adventure,0.5950108788454653,1780309485766,906cef2b2f4f465eb47f298a50065e54,7,f
val_pr_auc_mood/theme---advertising,0.16588095035008146,1780309485766,906cef2b2f4f465eb47f298a50065e54,7,f
val_roc_auc_mood/theme---advertising,0.7731501903086816,1780309485766,906cef2b2f4f465eb47f298a50065e54,7,f
val_pr_auc_mood/theme---background,0.009571107467131735,1780309485766,906cef2b2f4f465eb47f298a50065e54,7,f
val_roc_auc_mood/theme---background,0.4948524535809019,1780309485766,906cef2b2f4f465eb47f298a50065e54,7,f
val_pr_auc_mood/theme---ballad,0.08373976182317255,1780309485766,906cef2b2f4f465eb47f298a50065e54,7,f
val_roc_auc_mood/theme---ballad,0.8095711759504863,1780309485766,906cef2b2f4f465eb47f298a50065e54,7,f
val_pr_auc_mood/theme---calm,0.06227274371618259,1780309485766,906cef2b2f4f465eb47f298a50065e54,7,f
val_roc_auc_mood/theme---calm,0.6639971710279985,1780309485766,906cef2b2f4f465eb47f298a50065e54,7,f
val_pr_auc_mood/theme---children,0.07644216336991898,1780309485766,906cef2b2f4f465eb47f298a50065e54,7,f
val_roc_auc_mood/theme---children,0.7187828701939641,1780309485766,906cef2b2f4f465eb47f298a50065e54,7,f
val_pr_auc_mood/theme---christmas,0.07992320894521414,1780309485766,906cef2b2f4f465eb47f298a50065e54,7,f
val_roc_auc_mood/theme---christmas,0.766554779027955,1780309485766,906cef2b2f4f465eb47f298a50065e54,7,f
val_pr_auc_mood/theme---commercial,0.10220847634552425,1780309485766,906cef2b2f4f465eb47f298a50065e54,7,f
val_roc_auc_mood/theme---commercial,0.7815610166896341,1780309485766,906cef2b2f4f465eb47f298a50065e54,7,f
val_pr_auc_mood/theme---cool,0.021870202290353375,1780309485766,906cef2b2f4f465eb47f298a50065e54,7,f
val_roc_auc_mood/theme---cool,0.7125405894842013,1780309485766,906cef2b2f4f465eb47f298a50065e54,7,f
val_pr_auc_mood/theme---corporate,0.21144584118460946,1780309485766,906cef2b2f4f465eb47f298a50065e54,7,f
val_roc_auc_mood/theme---corporate,0.8478440898801967,1780309485766,906cef2b2f4f465eb47f298a50065e54,7,f
val_pr_auc_mood/theme---dark,0.12641997079679945,1780309485766,906cef2b2f4f465eb47f298a50065e54,7,f
val_roc_auc_mood/theme---dark,0.7151209660310751,1780309485766,906cef2b2f4f465eb47f298a50065e54,7,f
val_pr_auc_mood/theme---deep,0.2257776512494611,1780309485766,906cef2b2f4f465eb47f298a50065e54,7,f
val_roc_auc_mood/theme---deep,0.8010226068321317,1780309485766,906cef2b2f4f465eb47f298a50065e54,7,f
val_pr_auc_mood/theme---documentary,0.04773584789161474,1780309485766,906cef2b2f4f465eb47f298a50065e54,7,f
val_roc_auc_mood/theme---documentary,0.6478010770866067,1780309485766,906cef2b2f4f465eb47f298a50065e54,7,f
val_pr_auc_mood/theme---drama,0.0647098766538165,1780309485766,906cef2b2f4f465eb47f298a50065e54,7,f
val_roc_auc_mood/theme---drama,0.7164930555555555,1780309485766,906cef2b2f4f465eb47f298a50065e54,7,f
val_pr_auc_mood/theme---dramatic,0.023199405127807923,1780309485766,906cef2b2f4f465eb47f298a50065e54,7,f
val_roc_auc_mood/theme---dramatic,0.6834410515798677,1780309485766,906cef2b2f4f465eb47f298a50065e54,7,f
val_pr_auc_mood/theme---dream,0.1041117427094849,1780309485766,906cef2b2f4f465eb47f298a50065e54,7,f
val_roc_auc_mood/theme---dream,0.6695813428473524,1780309485766,906cef2b2f4f465eb47f298a50065e54,7,f
val_pr_auc_mood/theme---emotional,0.15848660677602622,1780309485766,906cef2b2f4f465eb47f298a50065e54,7,f
val_roc_auc_mood/theme---emotional,0.6698767750932013,1780309485766,906cef2b2f4f465eb47f298a50065e54,7,f
val_pr_auc_mood/theme---energetic,0.223293454228745,1780309485766,906cef2b2f4f465eb47f298a50065e54,7,f
val_roc_auc_mood/theme---energetic,0.7689233829218459,1780309485766,906cef2b2f4f465eb47f298a50065e54,7,f
val_pr_auc_mood/theme---epic,0.44629511171236325,1780309485766,906cef2b2f4f465eb47f298a50065e54,7,f
val_roc_auc_mood/theme---epic,0.9029511815433781,1780309485766,906cef2b2f4f465eb47f298a50065e54,7,f
val_pr_auc_mood/theme---fast,0.0653051852188782,1780309485766,906cef2b2f4f465eb47f298a50065e54,7,f
val_roc_auc_mood/theme---fast,0.8906861147327249,1780309485766,906cef2b2f4f465eb47f298a50065e54,7,f
val_pr_auc_mood/theme---film,0.14609197042121147,1780309485766,906cef2b2f4f465eb47f298a50065e54,7,f
val_roc_auc_mood/theme---film,0.7195960089052597,1780309485766,906cef2b2f4f465eb47f298a50065e54,7,f
val_pr_auc_mood/theme---fun,0.08256226352608063,1780309485766,906cef2b2f4f465eb47f298a50065e54,7,f
val_roc_auc_mood/theme---fun,0.6464656326506459,1780309485766,906cef2b2f4f465eb47f298a50065e54,7,f
val_pr_auc_mood/theme---funny,0.016828841309324872,1780309485766,906cef2b2f4f465eb47f298a50065e54,7,f
val_roc_auc_mood/theme---funny,0.772656672457632,1780309485766,906cef2b2f4f465eb47f298a50065e54,7,f
val_roc_auc_mood/theme---game,0.5808649771838331,1780309485766,906cef2b2f4f465eb47f298a50065e54,7,f
val_pr_auc_mood/theme---groovy,0.05586155973192635,1780309485766,906cef2b2f4f465eb47f298a50065e54,7,f
val_roc_auc_mood/theme---groovy,0.8054025055098016,1780309485766,906cef2b2f4f465eb47f298a50065e54,7,f
val_pr_auc_mood/theme---happy,0.2562101692350141,1780309485766,906cef2b2f4f465eb47f298a50065e54,7,f
val_roc_auc_mood/theme---happy,0.7394663803937996,1780309485766,906cef2b2f4f465eb47f298a50065e54,7,f
val_pr_auc_mood/theme---heavy,0.08407856453038738,1780309485766,906cef2b2f4f465eb47f298a50065e54,7,f
val_roc_auc_mood/theme---heavy,0.9230806338792542,1780309485766,906cef2b2f4f465eb47f298a50065e54,7,f
val_pr_auc_mood/theme---holiday,0.013029967005078066,1780309485766,906cef2b2f4f465eb47f298a50065e54,7,f
val_roc_auc_mood/theme---holiday,0.5495885319883197,1780309485766,906cef2b2f4f465eb47f298a50065e54,7,f
val_pr_auc_mood/theme---hopeful,0.017772588117786536,1780309485766,906cef2b2f4f465eb47f298a50065e54,7,f
val_roc_auc_mood/theme---hopeful,0.6842287720540509,1780309485766,906cef2b2f4f465eb47f298a50065e54,7,f
val_pr_auc_mood/theme---inspiring,0.09461755303545438,1780309485766,906cef2b2f4f465eb47f298a50065e54,7,f
val_roc_auc_mood/theme---inspiring,0.6655865906100574,1780309485766,906cef2b2f4f465eb47f298a50065e54,7,f
val_pr_auc_mood/theme---love,0.11632264262866902,1780309485766,906cef2b2f4f465eb47f298a50065e54,7,f
val_roc_auc_mood/theme---love,0.6975574184054238,1780309485766,906cef2b2f4f465eb47f298a50065e54,7,f
val_pr_auc_mood/theme---meditative,0.1486494787829053,1780309485766,906cef2b2f4f465eb47f298a50065e54,7,f
val_roc_auc_mood/theme---meditative,0.7889307592446959,1780309485766,906cef2b2f4f465eb47f298a50065e54,7,f
val_pr_auc_mood/theme---melancholic,0.056198696245920554,1780309485766,906cef2b2f4f465eb47f298a50065e54,7,f
val_roc_auc_mood/theme---melancholic,0.6983031527870325,1780309485766,906cef2b2f4f465eb47f298a50065e54,7,f
val_pr_auc_mood/theme---melodic,0.13634476353996394,1780309485766,906cef2b2f4f465eb47f298a50065e54,7,f
val_roc_auc_mood/theme---melodic,0.6060107049707528,1780309485766,906cef2b2f4f465eb47f298a50065e54,7,f
val_pr_auc_mood/theme---motivational,0.17752616708867844,1780309485766,906cef2b2f4f465eb47f298a50065e54,7,f
val_roc_auc_mood/theme---motivational,0.8270494589034971,1780309485766,906cef2b2f4f465eb47f298a50065e54,7,f
val_pr_auc_mood/theme---movie,0.11393507265884147,1780309485766,906cef2b2f4f465eb47f298a50065e54,7,f
val_roc_auc_mood/theme---movie,0.7828296034371499,1780309485766,906cef2b2f4f465eb47f298a50065e54,7,f
val_pr_auc_mood/theme---nature,0.033021254781132894,1780309485766,906cef2b2f4f465eb47f298a50065e54,7,f
val_roc_auc_mood/theme---nature,0.7175768304481175,1780309485766,906cef2b2f4f465eb47f298a50065e54,7,f
val_pr_auc_mood/theme---party,0.09449475224679954,1780309485766,906cef2b2f4f465eb47f298a50065e54,7,f
val_roc_auc_mood/theme---party,0.8039972847665154,1780309485766,906cef2b2f4f465eb47f298a50065e54,7,f
val_pr_auc_mood/theme---positive,0.04705352703886397,1780309485766,906cef2b2f4f465eb47f298a50065e54,7,f
val_roc_auc_mood/theme---positive,0.7454521134296415,1780309485766,906cef2b2f4f465eb47f298a50065e54,7,f
val_pr_auc_mood/theme---powerful,0.022432423973562793,1780309485766,906cef2b2f4f465eb47f298a50065e54,7,f
val_roc_auc_mood/theme---powerful,0.6463778791398703,1780309485766,906cef2b2f4f465eb47f298a50065e54,7,f
val_pr_auc_mood/theme---relaxing,0.25992096742853305,1780309485766,906cef2b2f4f465eb47f298a50065e54,7,f
val_roc_auc_mood/theme---relaxing,0.7780302999371218,1780309485766,906cef2b2f4f465eb47f298a50065e54,7,f
val_pr_auc_mood/theme---retro,0.011726093809716683,1780309485766,906cef2b2f4f465eb47f298a50065e54,7,f
val_roc_auc_mood/theme---retro,0.551228591254272,1780309485766,906cef2b2f4f465eb47f298a50065e54,7,f
val_pr_auc_mood/theme---romantic,0.054018085175755313,1780309485766,906cef2b2f4f465eb47f298a50065e54,7,f
val_roc_auc_mood/theme---romantic,0.6814925743940816,1780309485766,906cef2b2f4f465eb47f298a50065e54,7,f
val_pr_auc_mood/theme---sad,0.08450520165873426,1780309485766,906cef2b2f4f465eb47f298a50065e54,7,f
val_roc_auc_mood/theme---sad,0.7266404236113051,1780309485766,906cef2b2f4f465eb47f298a50065e54,7,f
val_pr_auc_mood/theme---sexy,0.056602673808851166,1780309485766,906cef2b2f4f465eb47f298a50065e54,7,f
val_roc_auc_mood/theme---sexy,0.7173181149276767,1780309485766,906cef2b2f4f465eb47f298a50065e54,7,f
val_pr_auc_mood/theme---slow,0.03788342598891102,1780309485766,906cef2b2f4f465eb47f298a50065e54,7,f
val_roc_auc_mood/theme---slow,0.7413498945630785,1780309485766,906cef2b2f4f465eb47f298a50065e54,7,f
val_pr_auc_mood/theme---soft,0.049593948801616876,1780309485766,906cef2b2f4f465eb47f298a50065e54,7,f
val_roc_auc_mood/theme---soft,0.6590972883777899,1780309485766,906cef2b2f4f465eb47f298a50065e54,7,f
val_pr_auc_mood/theme---soundscape,0.027380293742221347,1780309485766,906cef2b2f4f465eb47f298a50065e54,7,f
val_roc_auc_mood/theme---soundscape,0.7309627072638225,1780309485766,906cef2b2f4f465eb47f298a50065e54,7,f
val_pr_auc_mood/theme---space,0.05615050012626484,1780309485766,906cef2b2f4f465eb47f298a50065e54,7,f
val_roc_auc_mood/theme---space,0.7655339960630492,1780309485766,906cef2b2f4f465eb47f298a50065e54,7,f
val_pr_auc_mood/theme---sport,0.09177895528594338,1780309485766,906cef2b2f4f465eb47f298a50065e54,7,f
val_roc_auc_mood/theme---sport,0.8950304826891884,1780309485766,906cef2b2f4f465eb47f298a50065e54,7,f
val_pr_auc_mood/theme---summer,0.22521955563639093,1780309485766,906cef2b2f4f465eb47f298a50065e54,7,f
val_roc_auc_mood/theme---summer,0.8497280138347236,1780309485766,906cef2b2f4f465eb47f298a50065e54,7,f
val_pr_auc_mood/theme---trailer,0.23007167482052385,1780309485766,906cef2b2f4f465eb47f298a50065e54,7,f
val_roc_auc_mood/theme---trailer,0.9377295668948022,1780309485766,906cef2b2f4f465eb47f298a50065e54,7,f
val_pr_auc_mood/theme---travel,0.015442688921878542,1780309485766,906cef2b2f4f465eb47f298a50065e54,7,f
val_roc_auc_mood/theme---travel,0.5723856289118365,1780309485766,906cef2b2f4f465eb47f298a50065e54,7,f
val_pr_auc_mood/theme---upbeat,0.03963680108998477,1780309485766,906cef2b2f4f465eb47f298a50065e54,7,f
val_roc_auc_mood/theme---upbeat,0.4861520518536867,1780309485766,906cef2b2f4f465eb47f298a50065e54,7,f
val_pr_auc_mood/theme---uplifting,0.06846153579556485,1780309485766,906cef2b2f4f465eb47f298a50065e54,7,f
val_roc_auc_mood/theme---uplifting,0.6669858216620806,1780309485766,906cef2b2f4f465eb47f298a50065e54,7,f
val_macro_pr_auc,0.09909311699529676,1780309485766,906cef2b2f4f465eb47f298a50065e54,7,f
val_macro_roc_auc,0.7235266929045169,1780309485766,906cef2b2f4f465eb47f298a50065e54,7,f
val_roc_auc_mood/theme---trailer,0.9374955171932157,1780310453560,906cef2b2f4f465eb47f298a50065e54,8,f
stdev_train_loss,0.004435773113829636,1780310257741,906cef2b2f4f465eb47f298a50065e54,8,f
val_loss_avg,0.05402143388567026,1780310453560,906cef2b2f4f465eb47f298a50065e54,8,f
val_loss_std,0.022821698757542128,1780310453560,906cef2b2f4f465eb47f298a50065e54,8,f
train_loss,0.04576939615417906,1780310258293,906cef2b2f4f465eb47f298a50065e54,8,f
val_pr_auc_mood/theme---travel,0.02211304472714113,1780310453560,906cef2b2f4f465eb47f298a50065e54,8,f
val_roc_auc_mood/theme---travel,0.6068070713497229,1780310453560,906cef2b2f4f465eb47f298a50065e54,8,f
val_pr_auc_mood/theme---upbeat,0.045741625505736114,1780310453560,906cef2b2f4f465eb47f298a50065e54,8,f
val_roc_auc_mood/theme---upbeat,0.5999060771199736,1780310453560,906cef2b2f4f465eb47f298a50065e54,8,f
avg_train_loss,0.04576939615417906,1780310257238,906cef2b2f4f465eb47f298a50065e54,8,f
val_macro_roc_auc,0.7300945959788372,1780310453560,906cef2b2f4f465eb47f298a50065e54,8,f
val_macro_pr_auc,0.09607286949040396,1780310453560,906cef2b2f4f465eb47f298a50065e54,8,f
val_roc_auc_mood/theme---uplifting,0.676517262848198,1780310453560,906cef2b2f4f465eb47f298a50065e54,8,f
val_pr_auc_mood/theme---action,0.06374267512742762,1780310453560,906cef2b2f4f465eb47f298a50065e54,8,f
val_roc_auc_mood/theme---action,0.7623310769827983,1780310453560,906cef2b2f4f465eb47f298a50065e54,8,f
val_pr_auc_mood/theme---adventure,0.026506824907344958,1780310453560,906cef2b2f4f465eb47f298a50065e54,8,f
val_roc_auc_mood/theme---adventure,0.5736972926822551,1780310453560,906cef2b2f4f465eb47f298a50065e54,8,f
val_pr_auc_mood/theme---advertising,0.1584160528566261,1780310453560,906cef2b2f4f465eb47f298a50065e54,8,f
val_roc_auc_mood/theme---advertising,0.7701294471276884,1780310453560,906cef2b2f4f465eb47f298a50065e54,8,f
val_pr_auc_mood/theme---background,0.015100480666856526,1780310453560,906cef2b2f4f465eb47f298a50065e54,8,f
val_roc_auc_mood/theme---background,0.620084549071618,1780310453560,906cef2b2f4f465eb47f298a50065e54,8,f
val_pr_auc_mood/theme---ballad,0.06852174500238506,1780310453560,906cef2b2f4f465eb47f298a50065e54,8,f
val_roc_auc_mood/theme---ballad,0.7722839301503095,1780310453560,906cef2b2f4f465eb47f298a50065e54,8,f
val_pr_auc_mood/theme---calm,0.05078497794607613,1780310453560,906cef2b2f4f465eb47f298a50065e54,8,f
val_roc_auc_mood/theme---calm,0.644573990098598,1780310453560,906cef2b2f4f465eb47f298a50065e54,8,f
val_pr_auc_mood/theme---children,0.09630510923433691,1780310453560,906cef2b2f4f465eb47f298a50065e54,8,f
val_roc_auc_mood/theme---children,0.7343597770359841,1780310453560,906cef2b2f4f465eb47f298a50065e54,8,f
val_pr_auc_mood/theme---christmas,0.10140196538306086,1780310453560,906cef2b2f4f465eb47f298a50065e54,8,f
val_roc_auc_mood/theme---christmas,0.7999470769052315,1780310453560,906cef2b2f4f465eb47f298a50065e54,8,f
val_pr_auc_mood/theme---commercial,0.10499241804169665,1780310453560,906cef2b2f4f465eb47f298a50065e54,8,f
val_roc_auc_mood/theme---commercial,0.765166130760986,1780310453560,906cef2b2f4f465eb47f298a50065e54,8,f
val_pr_auc_mood/theme---cool,0.02062301887347632,1780310453560,906cef2b2f4f465eb47f298a50065e54,8,f
val_roc_auc_mood/theme---cool,0.7375655676283251,1780310453560,906cef2b2f4f465eb47f298a50065e54,8,f
val_pr_auc_mood/theme---corporate,0.17625607431418633,1780310453560,906cef2b2f4f465eb47f298a50065e54,8,f
val_roc_auc_mood/theme---corporate,0.827398369495206,1780310453560,906cef2b2f4f465eb47f298a50065e54,8,f
val_pr_auc_mood/theme---dark,0.12559642492503653,1780310453560,906cef2b2f4f465eb47f298a50065e54,8,f
val_roc_auc_mood/theme---dark,0.7207592183789329,1780310453560,906cef2b2f4f465eb47f298a50065e54,8,f
val_pr_auc_mood/theme---deep,0.24338251067535122,1780310453560,906cef2b2f4f465eb47f298a50065e54,8,f
val_roc_auc_mood/theme---deep,0.8093851547304302,1780310453560,906cef2b2f4f465eb47f298a50065e54,8,f
val_pr_auc_mood/theme---documentary,0.04313352253316446,1780310453560,906cef2b2f4f465eb47f298a50065e54,8,f
val_roc_auc_mood/theme---documentary,0.627054895175209,1780310453560,906cef2b2f4f465eb47f298a50065e54,8,f
val_pr_auc_mood/theme---drama,0.06088583452188544,1780310453560,906cef2b2f4f465eb47f298a50065e54,8,f
val_roc_auc_mood/theme---drama,0.731061422413793,1780310453560,906cef2b2f4f465eb47f298a50065e54,8,f
val_pr_auc_mood/theme---dramatic,0.02321905451545783,1780310453560,906cef2b2f4f465eb47f298a50065e54,8,f
val_roc_auc_mood/theme---dramatic,0.7167166229549145,1780310453560,906cef2b2f4f465eb47f298a50065e54,8,f
val_pr_auc_mood/theme---dream,0.100572186316437,1780310453560,906cef2b2f4f465eb47f298a50065e54,8,f
val_roc_auc_mood/theme---dream,0.6511190394603347,1780310453560,906cef2b2f4f465eb47f298a50065e54,8,f
val_pr_auc_mood/theme---emotional,0.159100819131887,1780310453560,906cef2b2f4f465eb47f298a50065e54,8,f
val_roc_auc_mood/theme---emotional,0.6300341907445126,1780310453560,906cef2b2f4f465eb47f298a50065e54,8,f
val_pr_auc_mood/theme---energetic,0.20218623174441153,1780310453560,906cef2b2f4f465eb47f298a50065e54,8,f
val_roc_auc_mood/theme---energetic,0.780506194856279,1780310453560,906cef2b2f4f465eb47f298a50065e54,8,f
val_pr_auc_mood/theme---epic,0.4658534960808001,1780310453560,906cef2b2f4f465eb47f298a50065e54,8,f
val_roc_auc_mood/theme---epic,0.8988855850884202,1780310453560,906cef2b2f4f465eb47f298a50065e54,8,f
val_pr_auc_mood/theme---fast,0.06024107411537262,1780310453560,906cef2b2f4f465eb47f298a50065e54,8,f
val_roc_auc_mood/theme---fast,0.8546487940026076,1780310453560,906cef2b2f4f465eb47f298a50065e54,8,f
val_pr_auc_mood/theme---film,0.15829554404103355,1780310453560,906cef2b2f4f465eb47f298a50065e54,8,f
val_roc_auc_mood/theme---film,0.7238267468435884,1780310453560,906cef2b2f4f465eb47f298a50065e54,8,f
val_pr_auc_mood/theme---fun,0.0959466255201479,1780310453560,906cef2b2f4f465eb47f298a50065e54,8,f
val_pr_auc_mood/theme---uplifting,0.06967243212502286,1780310453560,906cef2b2f4f465eb47f298a50065e54,8,f
val_roc_auc_mood/theme---fun,0.6793159813906702,1780310453560,906cef2b2f4f465eb47f298a50065e54,8,f
val_pr_auc_mood/theme---funny,0.019823855114462142,1780310453560,906cef2b2f4f465eb47f298a50065e54,8,f
val_roc_auc_mood/theme---funny,0.8020410276470656,1780310453560,906cef2b2f4f465eb47f298a50065e54,8,f
val_pr_auc_mood/theme---game,0.015278146566183242,1780310453560,906cef2b2f4f465eb47f298a50065e54,8,f
val_roc_auc_mood/theme---game,0.6680960723598435,1780310453560,906cef2b2f4f465eb47f298a50065e54,8,f
val_pr_auc_mood/theme---groovy,0.06138620809755285,1780310453560,906cef2b2f4f465eb47f298a50065e54,8,f
val_roc_auc_mood/theme---groovy,0.8103468275142095,1780310453560,906cef2b2f4f465eb47f298a50065e54,8,f
val_pr_auc_mood/theme---happy,0.26581719643101476,1780310453560,906cef2b2f4f465eb47f298a50065e54,8,f
val_roc_auc_mood/theme---happy,0.7495305673589084,1780310453560,906cef2b2f4f465eb47f298a50065e54,8,f
val_pr_auc_mood/theme---heavy,0.1584528862369066,1780310453560,906cef2b2f4f465eb47f298a50065e54,8,f
val_roc_auc_mood/theme---heavy,0.9150486022335319,1780310453560,906cef2b2f4f465eb47f298a50065e54,8,f
val_pr_auc_mood/theme---holiday,0.018163201345636322,1780310453560,906cef2b2f4f465eb47f298a50065e54,8,f
val_roc_auc_mood/theme---holiday,0.5963707383670219,1780310453560,906cef2b2f4f465eb47f298a50065e54,8,f
val_pr_auc_mood/theme---hopeful,0.016344599255693933,1780310453560,906cef2b2f4f465eb47f298a50065e54,8,f
val_roc_auc_mood/theme---hopeful,0.6789254735351389,1780310453560,906cef2b2f4f465eb47f298a50065e54,8,f
val_pr_auc_mood/theme---inspiring,0.08937879954310723,1780310453560,906cef2b2f4f465eb47f298a50065e54,8,f
val_roc_auc_mood/theme---inspiring,0.6738080051988062,1780310453560,906cef2b2f4f465eb47f298a50065e54,8,f
val_pr_auc_mood/theme---love,0.10806654171571627,1780310453560,906cef2b2f4f465eb47f298a50065e54,8,f
val_roc_auc_mood/theme---love,0.6616492352972092,1780310453560,906cef2b2f4f465eb47f298a50065e54,8,f
val_pr_auc_mood/theme---meditative,0.12423697073873682,1780310453560,906cef2b2f4f465eb47f298a50065e54,8,f
val_roc_auc_mood/theme---meditative,0.7622402554755109,1780310453560,906cef2b2f4f465eb47f298a50065e54,8,f
val_pr_auc_mood/theme---melancholic,0.06121574252544707,1780310453560,906cef2b2f4f465eb47f298a50065e54,8,f
val_roc_auc_mood/theme---melancholic,0.6740903732233994,1780310453560,906cef2b2f4f465eb47f298a50065e54,8,f
val_pr_auc_mood/theme---melodic,0.13032968863876238,1780310453560,906cef2b2f4f465eb47f298a50065e54,8,f
val_roc_auc_mood/theme---melodic,0.5941504076878276,1780310453560,906cef2b2f4f465eb47f298a50065e54,8,f
val_pr_auc_mood/theme---motivational,0.17017251610099296,1780310453560,906cef2b2f4f465eb47f298a50065e54,8,f
val_roc_auc_mood/theme---motivational,0.8089687863339594,1780310453560,906cef2b2f4f465eb47f298a50065e54,8,f
val_pr_auc_mood/theme---movie,0.11836243093511224,1780310453560,906cef2b2f4f465eb47f298a50065e54,8,f
val_roc_auc_mood/theme---movie,0.798935846105499,1780310453560,906cef2b2f4f465eb47f298a50065e54,8,f
val_pr_auc_mood/theme---nature,0.03452021371909731,1780310453560,906cef2b2f4f465eb47f298a50065e54,8,f
val_roc_auc_mood/theme---nature,0.7282435520059283,1780310453560,906cef2b2f4f465eb47f298a50065e54,8,f
val_pr_auc_mood/theme---party,0.102128868226292,1780310453560,906cef2b2f4f465eb47f298a50065e54,8,f
val_roc_auc_mood/theme---party,0.8278484336176645,1780310453560,906cef2b2f4f465eb47f298a50065e54,8,f
val_pr_auc_mood/theme---positive,0.047702526832465106,1780310453560,906cef2b2f4f465eb47f298a50065e54,8,f
val_roc_auc_mood/theme---positive,0.7445157838416265,1780310453560,906cef2b2f4f465eb47f298a50065e54,8,f
val_pr_auc_mood/theme---powerful,0.020891122109709594,1780310453560,906cef2b2f4f465eb47f298a50065e54,8,f
val_roc_auc_mood/theme---powerful,0.6825792560274244,1780310453560,906cef2b2f4f465eb47f298a50065e54,8,f
val_pr_auc_mood/theme---relaxing,0.16483004970690618,1780310453560,906cef2b2f4f465eb47f298a50065e54,8,f
val_roc_auc_mood/theme---relaxing,0.7500107178729207,1780310453560,906cef2b2f4f465eb47f298a50065e54,8,f
val_pr_auc_mood/theme---retro,0.01201045841460502,1780310453560,906cef2b2f4f465eb47f298a50065e54,8,f
val_roc_auc_mood/theme---retro,0.5712025213844267,1780310453560,906cef2b2f4f465eb47f298a50065e54,8,f
val_pr_auc_mood/theme---romantic,0.061901354090112964,1780310453560,906cef2b2f4f465eb47f298a50065e54,8,f
val_roc_auc_mood/theme---romantic,0.6556869835661311,1780310453560,906cef2b2f4f465eb47f298a50065e54,8,f
val_pr_auc_mood/theme---sad,0.08096743950640803,1780310453560,906cef2b2f4f465eb47f298a50065e54,8,f
val_roc_auc_mood/theme---sad,0.7124393943623961,1780310453560,906cef2b2f4f465eb47f298a50065e54,8,f
val_pr_auc_mood/theme---sexy,0.05373698942098218,1780310453560,906cef2b2f4f465eb47f298a50065e54,8,f
val_roc_auc_mood/theme---sexy,0.7155809195649834,1780310453560,906cef2b2f4f465eb47f298a50065e54,8,f
val_pr_auc_mood/theme---slow,0.037364379910337836,1780310453560,906cef2b2f4f465eb47f298a50065e54,8,f
val_roc_auc_mood/theme---slow,0.744424928408582,1780310453560,906cef2b2f4f465eb47f298a50065e54,8,f
val_pr_auc_mood/theme---soft,0.054289637118797085,1780310453560,906cef2b2f4f465eb47f298a50065e54,8,f
val_roc_auc_mood/theme---soft,0.6867770141535111,1780310453560,906cef2b2f4f465eb47f298a50065e54,8,f
val_pr_auc_mood/theme---soundscape,0.02839308505102808,1780310453560,906cef2b2f4f465eb47f298a50065e54,8,f
val_roc_auc_mood/theme---soundscape,0.7452277689266537,1780310453560,906cef2b2f4f465eb47f298a50065e54,8,f
val_pr_auc_mood/theme---space,0.05680247346515428,1780310453560,906cef2b2f4f465eb47f298a50065e54,8,f
val_roc_auc_mood/theme---space,0.7688288006215629,1780310453560,906cef2b2f4f465eb47f298a50065e54,8,f
val_pr_auc_mood/theme---sport,0.07467744608866465,1780310453560,906cef2b2f4f465eb47f298a50065e54,8,f
val_roc_auc_mood/theme---sport,0.8869274008613457,1780310453560,906cef2b2f4f465eb47f298a50065e54,8,f
val_pr_auc_mood/theme---summer,0.21578403982173103,1780310453560,906cef2b2f4f465eb47f298a50065e54,8,f
val_roc_auc_mood/theme---summer,0.8192246987719908,1780310453560,906cef2b2f4f465eb47f298a50065e54,8,f
val_pr_auc_mood/theme---trailer,0.21846005590264664,1780310453560,906cef2b2f4f465eb47f298a50065e54,8,f
val_pr_auc_mood/theme---groovy,0.07803480880479734,1780311477143,906cef2b2f4f465eb47f298a50065e54,9,f
avg_train_loss,0.04544591739536049,1780311251878,906cef2b2f4f465eb47f298a50065e54,9,f
stdev_train_loss,0.004391273985790016,1780311254607,906cef2b2f4f465eb47f298a50065e54,9,f
train_loss,0.04544591739536049,1780311255189,906cef2b2f4f465eb47f298a50065e54,9,f
val_loss_avg,0.05522640434835092,1780311477143,906cef2b2f4f465eb47f298a50065e54,9,f
val_loss_std,0.027978169383690136,1780311477143,906cef2b2f4f465eb47f298a50065e54,9,f
val_pr_auc_mood/theme---action,0.1409291423431936,1780311477143,906cef2b2f4f465eb47f298a50065e54,9,f
val_roc_auc_mood/theme---action,0.7007691001285876,1780311477143,906cef2b2f4f465eb47f298a50065e54,9,f
val_pr_auc_mood/theme---adventure,0.03766049590257761,1780311477143,906cef2b2f4f465eb47f298a50065e54,9,f
val_roc_auc_mood/theme---adventure,0.5959197444159849,1780311477143,906cef2b2f4f465eb47f298a50065e54,9,f
val_pr_auc_mood/theme---advertising,0.15663733995734846,1780311477143,906cef2b2f4f465eb47f298a50065e54,9,f
val_roc_auc_mood/theme---advertising,0.762109494960775,1780311477143,906cef2b2f4f465eb47f298a50065e54,9,f
val_pr_auc_mood/theme---background,0.011782217998500525,1780311477143,906cef2b2f4f465eb47f298a50065e54,9,f
val_roc_auc_mood/theme---background,0.5592009283819629,1780311477143,906cef2b2f4f465eb47f298a50065e54,9,f
val_pr_auc_mood/theme---ballad,0.09263712560572634,1780311477143,906cef2b2f4f465eb47f298a50065e54,9,f
val_roc_auc_mood/theme---ballad,0.815226201002063,1780311477143,906cef2b2f4f465eb47f298a50065e54,9,f
val_pr_auc_mood/theme---calm,0.07694039051237694,1780311477143,906cef2b2f4f465eb47f298a50065e54,9,f
val_roc_auc_mood/theme---calm,0.7183404751008862,1780311477143,906cef2b2f4f465eb47f298a50065e54,9,f
val_pr_auc_mood/theme---children,0.07990959528899672,1780311477143,906cef2b2f4f465eb47f298a50065e54,9,f
val_roc_auc_mood/theme---children,0.7170830319638037,1780311477143,906cef2b2f4f465eb47f298a50065e54,9,f
val_pr_auc_mood/theme---christmas,0.07342197288873199,1780311477143,906cef2b2f4f465eb47f298a50065e54,9,f
val_roc_auc_mood/theme---christmas,0.7775888818002552,1780311477143,906cef2b2f4f465eb47f298a50065e54,9,f
val_pr_auc_mood/theme---commercial,0.07751368858656932,1780311477143,906cef2b2f4f465eb47f298a50065e54,9,f
val_roc_auc_mood/theme---commercial,0.7313734497014239,1780311477143,906cef2b2f4f465eb47f298a50065e54,9,f
val_pr_auc_mood/theme---cool,0.020773272483861852,1780311477143,906cef2b2f4f465eb47f298a50065e54,9,f
val_roc_auc_mood/theme---cool,0.7125483951542401,1780311477143,906cef2b2f4f465eb47f298a50065e54,9,f
val_pr_auc_mood/theme---corporate,0.17115878087960437,1780311477143,906cef2b2f4f465eb47f298a50065e54,9,f
val_roc_auc_mood/theme---corporate,0.8282794125766024,1780311477143,906cef2b2f4f465eb47f298a50065e54,9,f
val_pr_auc_mood/theme---dark,0.09466460490732914,1780311477143,906cef2b2f4f465eb47f298a50065e54,9,f
val_roc_auc_mood/theme---dark,0.6442306410102545,1780311477143,906cef2b2f4f465eb47f298a50065e54,9,f
val_pr_auc_mood/theme---deep,0.18553069481131385,1780311477143,906cef2b2f4f465eb47f298a50065e54,9,f
val_roc_auc_mood/theme---deep,0.7904820694394298,1780311477143,906cef2b2f4f465eb47f298a50065e54,9,f
val_pr_auc_mood/theme---documentary,0.04695182319064481,1780311477143,906cef2b2f4f465eb47f298a50065e54,9,f
val_roc_auc_mood/theme---documentary,0.640798025267559,1780311477143,906cef2b2f4f465eb47f298a50065e54,9,f
val_pr_auc_mood/theme---drama,0.06845158198803379,1780311477143,906cef2b2f4f465eb47f298a50065e54,9,f
val_roc_auc_mood/theme---drama,0.7184626436781608,1780311477143,906cef2b2f4f465eb47f298a50065e54,9,f
val_pr_auc_mood/theme---dramatic,0.023983849512646902,1780311477143,906cef2b2f4f465eb47f298a50065e54,9,f
val_roc_auc_mood/theme---dramatic,0.670311914574747,1780311477143,906cef2b2f4f465eb47f298a50065e54,9,f
val_pr_auc_mood/theme---dream,0.1024643059549475,1780311477143,906cef2b2f4f465eb47f298a50065e54,9,f
val_roc_auc_mood/theme---dream,0.664032842178818,1780311477143,906cef2b2f4f465eb47f298a50065e54,9,f
val_pr_auc_mood/theme---emotional,0.15415831024286258,1780311477143,906cef2b2f4f465eb47f298a50065e54,9,f
val_roc_auc_mood/theme---emotional,0.6677432075878248,1780311477143,906cef2b2f4f465eb47f298a50065e54,9,f
val_pr_auc_mood/theme---energetic,0.20476003053475947,1780311477143,906cef2b2f4f465eb47f298a50065e54,9,f
val_roc_auc_mood/theme---energetic,0.7615807074991252,1780311477143,906cef2b2f4f465eb47f298a50065e54,9,f
val_pr_auc_mood/theme---epic,0.4493105719879305,1780311477143,906cef2b2f4f465eb47f298a50065e54,9,f
val_roc_auc_mood/theme---epic,0.9030137798680493,1780311477143,906cef2b2f4f465eb47f298a50065e54,9,f
val_pr_auc_mood/theme---fast,0.06087202415337963,1780311477143,906cef2b2f4f465eb47f298a50065e54,9,f
val_roc_auc_mood/theme---fast,0.8788298565840938,1780311477143,906cef2b2f4f465eb47f298a50065e54,9,f
val_pr_auc_mood/theme---film,0.14887892169345684,1780311477143,906cef2b2f4f465eb47f298a50065e54,9,f
val_roc_auc_mood/theme---film,0.719309028779373,1780311477143,906cef2b2f4f465eb47f298a50065e54,9,f
val_pr_auc_mood/theme---fun,0.08266217038277637,1780311477143,906cef2b2f4f465eb47f298a50065e54,9,f
val_roc_auc_mood/theme---fun,0.6623752782893617,1780311477143,906cef2b2f4f465eb47f298a50065e54,9,f
val_pr_auc_mood/theme---funny,0.016067833568220134,1780311477143,906cef2b2f4f465eb47f298a50065e54,9,f
val_roc_auc_mood/theme---funny,0.7757170634053178,1780311477143,906cef2b2f4f465eb47f298a50065e54,9,f
val_pr_auc_mood/theme---game,0.047215365500158306,1780311477143,906cef2b2f4f465eb47f298a50065e54,9,f
val_roc_auc_mood/theme---game,0.5696300521512386,1780311477143,906cef2b2f4f465eb47f298a50065e54,9,f
val_roc_auc_mood/theme---groovy,0.8414772068205545,1780311477143,906cef2b2f4f465eb47f298a50065e54,9,f
val_pr_auc_mood/theme---happy,0.2780036849519433,1780311477143,906cef2b2f4f465eb47f298a50065e54,9,f
val_roc_auc_mood/theme---happy,0.7435375396492908,1780311477143,906cef2b2f4f465eb47f298a50065e54,9,f
val_pr_auc_mood/theme---heavy,0.12130262379008429,1780311477143,906cef2b2f4f465eb47f298a50065e54,9,f
val_roc_auc_mood/theme---heavy,0.9163269736366049,1780311477143,906cef2b2f4f465eb47f298a50065e54,9,f
val_pr_auc_mood/theme---holiday,0.011837352869540532,1780311477143,906cef2b2f4f465eb47f298a50065e54,9,f
val_roc_auc_mood/theme---holiday,0.5423224240585536,1780311477143,906cef2b2f4f465eb47f298a50065e54,9,f
val_pr_auc_mood/theme---hopeful,0.021899808942868575,1780311477143,906cef2b2f4f465eb47f298a50065e54,9,f
val_roc_auc_mood/theme---hopeful,0.7163583525107688,1780311477143,906cef2b2f4f465eb47f298a50065e54,9,f
val_pr_auc_mood/theme---inspiring,0.0841128843200612,1780311477143,906cef2b2f4f465eb47f298a50065e54,9,f
val_roc_auc_mood/theme---inspiring,0.6275602917107923,1780311477143,906cef2b2f4f465eb47f298a50065e54,9,f
val_pr_auc_mood/theme---love,0.11535940489334659,1780311477143,906cef2b2f4f465eb47f298a50065e54,9,f
val_roc_auc_mood/theme---love,0.6909956903347875,1780311477143,906cef2b2f4f465eb47f298a50065e54,9,f
val_pr_auc_mood/theme---meditative,0.13251340067480594,1780311477143,906cef2b2f4f465eb47f298a50065e54,9,f
val_roc_auc_mood/theme---meditative,0.7704609852252045,1780311477143,906cef2b2f4f465eb47f298a50065e54,9,f
val_pr_auc_mood/theme---melancholic,0.06547484843546364,1780311477143,906cef2b2f4f465eb47f298a50065e54,9,f
val_roc_auc_mood/theme---melancholic,0.7175342505876237,1780311477143,906cef2b2f4f465eb47f298a50065e54,9,f
val_pr_auc_mood/theme---melodic,0.1387651995449033,1780311477143,906cef2b2f4f465eb47f298a50065e54,9,f
val_roc_auc_mood/theme---melodic,0.6202140994150565,1780311477143,906cef2b2f4f465eb47f298a50065e54,9,f
val_pr_auc_mood/theme---motivational,0.19336362890521133,1780311477143,906cef2b2f4f465eb47f298a50065e54,9,f
val_roc_auc_mood/theme---motivational,0.8019819336374208,1780311477143,906cef2b2f4f465eb47f298a50065e54,9,f
val_pr_auc_mood/theme---movie,0.11158238941778337,1780311477143,906cef2b2f4f465eb47f298a50065e54,9,f
val_roc_auc_mood/theme---movie,0.7861688780565038,1780311477143,906cef2b2f4f465eb47f298a50065e54,9,f
val_pr_auc_mood/theme---nature,0.02936725344605666,1780311477143,906cef2b2f4f465eb47f298a50065e54,9,f
val_roc_auc_mood/theme---nature,0.6953212161132956,1780311477143,906cef2b2f4f465eb47f298a50065e54,9,f
val_pr_auc_mood/theme---party,0.09797865815024773,1780311477143,906cef2b2f4f465eb47f298a50065e54,9,f
val_roc_auc_mood/theme---party,0.807980481057404,1780311477143,906cef2b2f4f465eb47f298a50065e54,9,f
val_pr_auc_mood/theme---positive,0.04945055899383387,1780311477143,906cef2b2f4f465eb47f298a50065e54,9,f
val_roc_auc_mood/theme---positive,0.7058378477795613,1780311477143,906cef2b2f4f465eb47f298a50065e54,9,f
val_pr_auc_mood/theme---powerful,0.020958236992256043,1780311477143,906cef2b2f4f465eb47f298a50065e54,9,f
val_roc_auc_mood/theme---powerful,0.6408759951270646,1780311477143,906cef2b2f4f465eb47f298a50065e54,9,f
val_pr_auc_mood/theme---relaxing,0.19634067039060085,1780311477143,906cef2b2f4f465eb47f298a50065e54,9,f
val_roc_auc_mood/theme---relaxing,0.7537584007708703,1780311477143,906cef2b2f4f465eb47f298a50065e54,9,f
val_pr_auc_mood/theme---retro,0.011201699064351337,1780311477143,906cef2b2f4f465eb47f298a50065e54,9,f
val_roc_auc_mood/theme---retro,0.5361054727271548,1780311477143,906cef2b2f4f465eb47f298a50065e54,9,f
val_pr_auc_mood/theme---romantic,0.11293274302623052,1780311477143,906cef2b2f4f465eb47f298a50065e54,9,f
val_roc_auc_mood/theme---romantic,0.7678969064576088,1780311477143,906cef2b2f4f465eb47f298a50065e54,9,f
val_pr_auc_mood/theme---sad,0.08782425470115285,1780311477143,906cef2b2f4f465eb47f298a50065e54,9,f
val_roc_auc_mood/theme---sad,0.7312897251924025,1780311477143,906cef2b2f4f465eb47f298a50065e54,9,f
val_pr_auc_mood/theme---sexy,0.06061529326970125,1780311477143,906cef2b2f4f465eb47f298a50065e54,9,f
val_roc_auc_mood/theme---sexy,0.712329062129859,1780311477143,906cef2b2f4f465eb47f298a50065e54,9,f
val_pr_auc_mood/theme---slow,0.02968472447834716,1780311477143,906cef2b2f4f465eb47f298a50065e54,9,f
val_roc_auc_mood/theme---slow,0.7274392668233541,1780311477143,906cef2b2f4f465eb47f298a50065e54,9,f
val_pr_auc_mood/theme---soft,0.05482721289246685,1780311477143,906cef2b2f4f465eb47f298a50065e54,9,f
val_roc_auc_mood/theme---soft,0.6845974244692433,1780311477143,906cef2b2f4f465eb47f298a50065e54,9,f
val_pr_auc_mood/theme---soundscape,0.028892158051595042,1780311477143,906cef2b2f4f465eb47f298a50065e54,9,f
val_roc_auc_mood/theme---soundscape,0.7403153950551721,1780311477143,906cef2b2f4f465eb47f298a50065e54,9,f
val_pr_auc_mood/theme---space,0.06542684898231452,1780311477143,906cef2b2f4f465eb47f298a50065e54,9,f
val_roc_auc_mood/theme---space,0.7754024647979195,1780311477143,906cef2b2f4f465eb47f298a50065e54,9,f
val_pr_auc_mood/theme---sport,0.05815279457417774,1780311477143,906cef2b2f4f465eb47f298a50065e54,9,f
val_roc_auc_mood/theme---sport,0.8596607752111416,1780311477143,906cef2b2f4f465eb47f298a50065e54,9,f
val_pr_auc_mood/theme---summer,0.22626174750527434,1780311477143,906cef2b2f4f465eb47f298a50065e54,9,f
val_roc_auc_mood/theme---summer,0.8537641286226574,1780311477143,906cef2b2f4f465eb47f298a50065e54,9,f
val_pr_auc_mood/theme---trailer,0.20312216496440966,1780311477143,906cef2b2f4f465eb47f298a50065e54,9,f
val_roc_auc_mood/theme---trailer,0.9159553946568717,1780311477143,906cef2b2f4f465eb47f298a50065e54,9,f
val_pr_auc_mood/theme---travel,0.026863346711702443,1780311477143,906cef2b2f4f465eb47f298a50065e54,9,f
val_roc_auc_mood/theme---travel,0.6451056841601548,1780311477143,906cef2b2f4f465eb47f298a50065e54,9,f
val_pr_auc_mood/theme---upbeat,0.045807199917278094,1780311477143,906cef2b2f4f465eb47f298a50065e54,9,f
val_roc_auc_mood/theme---upbeat,0.6275090826521345,1780311477143,906cef2b2f4f465eb47f298a50065e54,9,f
val_pr_auc_mood/theme---uplifting,0.07021055657197646,1780311477143,906cef2b2f4f465eb47f298a50065e54,9,f
val_roc_auc_mood/theme---uplifting,0.6523184400882243,1780311477143,906cef2b2f4f465eb47f298a50065e54,9,f
val_macro_pr_auc,0.09738400480554876,1780311477143,906cef2b2f4f465eb47f298a50065e54,9,f
val_macro_roc_auc,0.7248813931256285,1780311477143,906cef2b2f4f465eb47f298a50065e54,9,f
val_roc_auc_mood/theme---game,0.6966672099087353,1780312509633,906cef2b2f4f465eb47f298a50065e54,10,f
avg_train_loss,0.044935006874189484,1780312204955,906cef2b2f4f465eb47f298a50065e54,10,f
stdev_train_loss,0.004283978916602437,1780312270174,906cef2b2f4f465eb47f298a50065e54,10,f
train_loss,0.044935006874189484,1780312270603,906cef2b2f4f465eb47f298a50065e54,10,f
val_loss_avg,0.05361847408961291,1780312509633,906cef2b2f4f465eb47f298a50065e54,10,f
val_loss_std,0.024467418704479004,1780312509633,906cef2b2f4f465eb47f298a50065e54,10,f
val_pr_auc_mood/theme---action,0.16203201534509684,1780312509633,906cef2b2f4f465eb47f298a50065e54,10,f
val_roc_auc_mood/theme---action,0.7607686148919135,1780312509633,906cef2b2f4f465eb47f298a50065e54,10,f
val_pr_auc_mood/theme---adventure,0.0525429733943017,1780312509633,906cef2b2f4f465eb47f298a50065e54,10,f
val_roc_auc_mood/theme---adventure,0.6479178716020821,1780312509633,906cef2b2f4f465eb47f298a50065e54,10,f
val_pr_auc_mood/theme---advertising,0.1739475783767679,1780312509633,906cef2b2f4f465eb47f298a50065e54,10,f
val_roc_auc_mood/theme---advertising,0.77484389104479,1780312509633,906cef2b2f4f465eb47f298a50065e54,10,f
val_pr_auc_mood/theme---background,0.011916500544958124,1780312509633,906cef2b2f4f465eb47f298a50065e54,10,f
val_roc_auc_mood/theme---background,0.563585875331565,1780312509633,906cef2b2f4f465eb47f298a50065e54,10,f
val_pr_auc_mood/theme---ballad,0.0734270517775348,1780312509633,906cef2b2f4f465eb47f298a50065e54,10,f
val_roc_auc_mood/theme---ballad,0.7795046787503684,1780312509633,906cef2b2f4f465eb47f298a50065e54,10,f
val_pr_auc_mood/theme---calm,0.062490858630418505,1780312509633,906cef2b2f4f465eb47f298a50065e54,10,f
val_roc_auc_mood/theme---calm,0.6790182843116861,1780312509633,906cef2b2f4f465eb47f298a50065e54,10,f
val_pr_auc_mood/theme---children,0.09836549005823562,1780312509633,906cef2b2f4f465eb47f298a50065e54,10,f
val_roc_auc_mood/theme---children,0.7545387962407335,1780312509633,906cef2b2f4f465eb47f298a50065e54,10,f
val_pr_auc_mood/theme---christmas,0.06734525188603772,1780312509633,906cef2b2f4f465eb47f298a50065e54,10,f
val_roc_auc_mood/theme---christmas,0.7847733731585663,1780312509633,906cef2b2f4f465eb47f298a50065e54,10,f
val_pr_auc_mood/theme---commercial,0.09777403598803272,1780312509633,906cef2b2f4f465eb47f298a50065e54,10,f
val_roc_auc_mood/theme---commercial,0.7355420303169499,1780312509633,906cef2b2f4f465eb47f298a50065e54,10,f
val_pr_auc_mood/theme---cool,0.02034411507308087,1780312509633,906cef2b2f4f465eb47f298a50065e54,10,f
val_roc_auc_mood/theme---cool,0.7102613338328962,1780312509633,906cef2b2f4f465eb47f298a50065e54,10,f
val_pr_auc_mood/theme---corporate,0.17741521913280853,1780312509633,906cef2b2f4f465eb47f298a50065e54,10,f
val_roc_auc_mood/theme---corporate,0.8251325015182466,1780312509633,906cef2b2f4f465eb47f298a50065e54,10,f
val_pr_auc_mood/theme---dark,0.12325345040223518,1780312509633,906cef2b2f4f465eb47f298a50065e54,10,f
val_roc_auc_mood/theme---dark,0.6969369657692257,1780312509633,906cef2b2f4f465eb47f298a50065e54,10,f
val_pr_auc_mood/theme---deep,0.2176776225501349,1780312509633,906cef2b2f4f465eb47f298a50065e54,10,f
val_roc_auc_mood/theme---deep,0.7967792155355485,1780312509633,906cef2b2f4f465eb47f298a50065e54,10,f
val_pr_auc_mood/theme---documentary,0.04044907285235511,1780312509633,906cef2b2f4f465eb47f298a50065e54,10,f
val_roc_auc_mood/theme---documentary,0.5872862235009955,1780312509633,906cef2b2f4f465eb47f298a50065e54,10,f
val_pr_auc_mood/theme---drama,0.06031260356958412,1780312509633,906cef2b2f4f465eb47f298a50065e54,10,f
val_roc_auc_mood/theme---drama,0.7086042265325672,1780312509633,906cef2b2f4f465eb47f298a50065e54,10,f
val_pr_auc_mood/theme---dramatic,0.02115415313938959,1780312509633,906cef2b2f4f465eb47f298a50065e54,10,f
val_roc_auc_mood/theme---dramatic,0.6862432871237667,1780312509633,906cef2b2f4f465eb47f298a50065e54,10,f
val_pr_auc_mood/theme---dream,0.10156416772044183,1780312509633,906cef2b2f4f465eb47f298a50065e54,10,f
val_roc_auc_mood/theme---dream,0.6465152217586154,1780312509633,906cef2b2f4f465eb47f298a50065e54,10,f
val_pr_auc_mood/theme---emotional,0.17141677330860233,1780312509633,906cef2b2f4f465eb47f298a50065e54,10,f
val_roc_auc_mood/theme---emotional,0.6642875437548024,1780312509633,906cef2b2f4f465eb47f298a50065e54,10,f
val_pr_auc_mood/theme---energetic,0.2390311139356578,1780312509633,906cef2b2f4f465eb47f298a50065e54,10,f
val_roc_auc_mood/theme---energetic,0.7762420076553345,1780312509633,906cef2b2f4f465eb47f298a50065e54,10,f
val_pr_auc_mood/theme---epic,0.418715336624249,1780312509633,906cef2b2f4f465eb47f298a50065e54,10,f
val_roc_auc_mood/theme---epic,0.8922896984572808,1780312509633,906cef2b2f4f465eb47f298a50065e54,10,f
val_pr_auc_mood/theme---fast,0.04858099261698092,1780312509633,906cef2b2f4f465eb47f298a50065e54,10,f
val_roc_auc_mood/theme---fast,0.8706506681877444,1780312509633,906cef2b2f4f465eb47f298a50065e54,10,f
val_pr_auc_mood/theme---film,0.16418655387081846,1780312509633,906cef2b2f4f465eb47f298a50065e54,10,f
val_roc_auc_mood/theme---film,0.7387659854586874,1780312509633,906cef2b2f4f465eb47f298a50065e54,10,f
val_pr_auc_mood/theme---fun,0.08689457581476447,1780312509633,906cef2b2f4f465eb47f298a50065e54,10,f
val_roc_auc_mood/theme---fun,0.6554951516630796,1780312509633,906cef2b2f4f465eb47f298a50065e54,10,f
val_pr_auc_mood/theme---funny,0.017152586634084584,1780312509633,906cef2b2f4f465eb47f298a50065e54,10,f
val_roc_auc_mood/theme---funny,0.775486958822785,1780312509633,906cef2b2f4f465eb47f298a50065e54,10,f
val_pr_auc_mood/theme---game,0.054677989028987545,1780312509633,906cef2b2f4f465eb47f298a50065e54,10,f
val_pr_auc_mood/theme---groovy,0.05089672755375532,1780312509633,906cef2b2f4f465eb47f298a50065e54,10,f
val_roc_auc_mood/theme---groovy,0.7899786857673124,1780312509633,906cef2b2f4f465eb47f298a50065e54,10,f
val_pr_auc_mood/theme---happy,0.2615460148652414,1780312509633,906cef2b2f4f465eb47f298a50065e54,10,f
val_roc_auc_mood/theme---happy,0.7403670925848345,1780312509633,906cef2b2f4f465eb47f298a50065e54,10,f
val_pr_auc_mood/theme---heavy,0.1509507785129426,1780312509633,906cef2b2f4f465eb47f298a50065e54,10,f
val_roc_auc_mood/theme---heavy,0.9133682272445871,1780312509633,906cef2b2f4f465eb47f298a50065e54,10,f
val_pr_auc_mood/theme---holiday,0.0143399163495509,1780312509633,906cef2b2f4f465eb47f298a50065e54,10,f
val_roc_auc_mood/theme---holiday,0.5804808676855397,1780312509633,906cef2b2f4f465eb47f298a50065e54,10,f
val_pr_auc_mood/theme---hopeful,0.02029836939906512,1780312509633,906cef2b2f4f465eb47f298a50065e54,10,f
val_roc_auc_mood/theme---hopeful,0.7098490883342184,1780312509633,906cef2b2f4f465eb47f298a50065e54,10,f
val_pr_auc_mood/theme---inspiring,0.07774219921897424,1780312509633,906cef2b2f4f465eb47f298a50065e54,10,f
val_roc_auc_mood/theme---inspiring,0.6330017890953434,1780312509633,906cef2b2f4f465eb47f298a50065e54,10,f
val_pr_auc_mood/theme---love,0.11602693066353603,1780312509633,906cef2b2f4f465eb47f298a50065e54,10,f
val_roc_auc_mood/theme---love,0.6841054816839228,1780312509633,906cef2b2f4f465eb47f298a50065e54,10,f
val_pr_auc_mood/theme---meditative,0.1149544369323174,1780312509633,906cef2b2f4f465eb47f298a50065e54,10,f
val_roc_auc_mood/theme---meditative,0.7526360412213557,1780312509633,906cef2b2f4f465eb47f298a50065e54,10,f
val_pr_auc_mood/theme---melancholic,0.062093855857897895,1780312509633,906cef2b2f4f465eb47f298a50065e54,10,f
val_roc_auc_mood/theme---melancholic,0.6890280960993505,1780312509633,906cef2b2f4f465eb47f298a50065e54,10,f
val_pr_auc_mood/theme---melodic,0.12903623878232356,1780312509633,906cef2b2f4f465eb47f298a50065e54,10,f
val_roc_auc_mood/theme---melodic,0.6001909454052822,1780312509633,906cef2b2f4f465eb47f298a50065e54,10,f
val_pr_auc_mood/theme---motivational,0.21267926802423237,1780312509633,906cef2b2f4f465eb47f298a50065e54,10,f
val_roc_auc_mood/theme---motivational,0.8322082103568554,1780312509633,906cef2b2f4f465eb47f298a50065e54,10,f
val_pr_auc_mood/theme---movie,0.09634184823850611,1780312509633,906cef2b2f4f465eb47f298a50065e54,10,f
val_roc_auc_mood/theme---movie,0.7476664659583503,1780312509633,906cef2b2f4f465eb47f298a50065e54,10,f
val_pr_auc_mood/theme---nature,0.03202891461689866,1780312509633,906cef2b2f4f465eb47f298a50065e54,10,f
val_roc_auc_mood/theme---nature,0.7187460118153187,1780312509633,906cef2b2f4f465eb47f298a50065e54,10,f
val_pr_auc_mood/theme---party,0.092680815820332,1780312509633,906cef2b2f4f465eb47f298a50065e54,10,f
val_roc_auc_mood/theme---party,0.8033504956581881,1780312509633,906cef2b2f4f465eb47f298a50065e54,10,f
val_pr_auc_mood/theme---positive,0.04567183581442113,1780312509633,906cef2b2f4f465eb47f298a50065e54,10,f
val_roc_auc_mood/theme---positive,0.7317791934189406,1780312509633,906cef2b2f4f465eb47f298a50065e54,10,f
val_pr_auc_mood/theme---powerful,0.021353599258357153,1780312509633,906cef2b2f4f465eb47f298a50065e54,10,f
val_roc_auc_mood/theme---powerful,0.6867835793410204,1780312509633,906cef2b2f4f465eb47f298a50065e54,10,f
val_pr_auc_mood/theme---relaxing,0.15041097302111742,1780312509633,906cef2b2f4f465eb47f298a50065e54,10,f
val_roc_auc_mood/theme---relaxing,0.7410873231040593,1780312509633,906cef2b2f4f465eb47f298a50065e54,10,f
val_pr_auc_mood/theme---retro,0.009859960093097439,1780312509633,906cef2b2f4f465eb47f298a50065e54,10,f
val_roc_auc_mood/theme---retro,0.488518232696286,1780312509633,906cef2b2f4f465eb47f298a50065e54,10,f
val_pr_auc_mood/theme---romantic,0.10837123971553841,1780312509633,906cef2b2f4f465eb47f298a50065e54,10,f
val_roc_auc_mood/theme---romantic,0.714084267285007,1780312509633,906cef2b2f4f465eb47f298a50065e54,10,f
val_pr_auc_mood/theme---sad,0.08203597013076316,1780312509633,906cef2b2f4f465eb47f298a50065e54,10,f
val_roc_auc_mood/theme---sad,0.7242152675023497,1780312509633,906cef2b2f4f465eb47f298a50065e54,10,f
val_pr_auc_mood/theme---sexy,0.05398175312537834,1780312509633,906cef2b2f4f465eb47f298a50065e54,10,f
val_roc_auc_mood/theme---sexy,0.6891497074764007,1780312509633,906cef2b2f4f465eb47f298a50065e54,10,f
val_pr_auc_mood/theme---slow,0.03739105890367235,1780312509633,906cef2b2f4f465eb47f298a50065e54,10,f
val_roc_auc_mood/theme---slow,0.7412039436931609,1780312509633,906cef2b2f4f465eb47f298a50065e54,10,f
val_pr_auc_mood/theme---soft,0.059375011822035806,1780312509633,906cef2b2f4f465eb47f298a50065e54,10,f
val_roc_auc_mood/theme---soft,0.7056171747414262,1780312509633,906cef2b2f4f465eb47f298a50065e54,10,f
val_pr_auc_mood/theme---soundscape,0.02837748771104365,1780312509633,906cef2b2f4f465eb47f298a50065e54,10,f
val_roc_auc_mood/theme---soundscape,0.7409866052988728,1780312509633,906cef2b2f4f465eb47f298a50065e54,10,f
val_pr_auc_mood/theme---space,0.058010377504951686,1780312509633,906cef2b2f4f465eb47f298a50065e54,10,f
val_roc_auc_mood/theme---space,0.7680706911696918,1780312509633,906cef2b2f4f465eb47f298a50065e54,10,f
val_pr_auc_mood/theme---sport,0.13097882510853417,1780312509633,906cef2b2f4f465eb47f298a50065e54,10,f
val_roc_auc_mood/theme---sport,0.9191509592259075,1780312509633,906cef2b2f4f465eb47f298a50065e54,10,f
val_pr_auc_mood/theme---summer,0.2757296472820425,1780312509633,906cef2b2f4f465eb47f298a50065e54,10,f
val_roc_auc_mood/theme---summer,0.8541224337505662,1780312509633,906cef2b2f4f465eb47f298a50065e54,10,f
val_pr_auc_mood/theme---trailer,0.23297144412644413,1780312509633,906cef2b2f4f465eb47f298a50065e54,10,f
val_roc_auc_mood/theme---trailer,0.946563055632104,1780312509633,906cef2b2f4f465eb47f298a50065e54,10,f
val_pr_auc_mood/theme---travel,0.019732422192931195,1780312509633,906cef2b2f4f465eb47f298a50065e54,10,f
val_roc_auc_mood/theme---travel,0.631309918051953,1780312509633,906cef2b2f4f465eb47f298a50065e54,10,f
val_pr_auc_mood/theme---upbeat,0.044672914162399435,1780312509633,906cef2b2f4f465eb47f298a50065e54,10,f
val_roc_auc_mood/theme---upbeat,0.5936184047560069,1780312509633,906cef2b2f4f465eb47f298a50065e54,10,f
val_pr_auc_mood/theme---uplifting,0.0660121332268736,1780312509633,906cef2b2f4f465eb47f298a50065e54,10,f
val_roc_auc_mood/theme---uplifting,0.6803824753465042,1780312509633,906cef2b2f4f465eb47f298a50065e54,10,f
val_macro_pr_auc,0.10034323304126312,1780312509633,906cef2b2f4f465eb47f298a50065e54,10,f
val_macro_roc_auc,0.7278528276166014,1780312509633,906cef2b2f4f465eb47f298a50065e54,10,f
val_roc_auc_mood/theme---soundscape,0.7172803446037647,1780313457050,906cef2b2f4f465eb47f298a50065e54,11,f
val_pr_auc_mood/theme---summer,0.2794665318154201,1780313457050,906cef2b2f4f465eb47f298a50065e54,11,f
val_roc_auc_mood/theme---summer,0.8470629343709375,1780313457050,906cef2b2f4f465eb47f298a50065e54,11,f
val_pr_auc_mood/theme---trailer,0.2224787540677564,1780313457050,906cef2b2f4f465eb47f298a50065e54,11,f
val_pr_auc_mood/theme---upbeat,0.04647590057471751,1780313457050,906cef2b2f4f465eb47f298a50065e54,11,f
val_roc_auc_mood/theme---upbeat,0.6133133102138553,1780313457050,906cef2b2f4f465eb47f298a50065e54,11,f
val_pr_auc_mood/theme---uplifting,0.06787643273340124,1780313457050,906cef2b2f4f465eb47f298a50065e54,11,f
val_pr_auc_mood/theme---space,0.06760430044767335,1780313457050,906cef2b2f4f465eb47f298a50065e54,11,f
val_roc_auc_mood/theme---space,0.7947625218518165,1780313457050,906cef2b2f4f465eb47f298a50065e54,11,f
val_pr_auc_mood/theme---travel,0.0189807645123773,1780313457050,906cef2b2f4f465eb47f298a50065e54,11,f
val_pr_auc_mood/theme---sport,0.1660267463477303,1780313457050,906cef2b2f4f465eb47f298a50065e54,11,f
val_roc_auc_mood/theme---travel,0.6095368603076723,1780313457050,906cef2b2f4f465eb47f298a50065e54,11,f
val_macro_roc_auc,0.7264051973917368,1780313457050,906cef2b2f4f465eb47f298a50065e54,11,f
val_macro_pr_auc,0.0982105185363974,1780313457050,906cef2b2f4f465eb47f298a50065e54,11,f
avg_train_loss,0.044758098031104164,1780313219521,906cef2b2f4f465eb47f298a50065e54,11,f
train_loss,0.044758098031104164,1780313220488,906cef2b2f4f465eb47f298a50065e54,11,f
val_loss_avg,0.05479115572024152,1780313457050,906cef2b2f4f465eb47f298a50065e54,11,f
val_loss_std,0.028238101067736613,1780313457050,906cef2b2f4f465eb47f298a50065e54,11,f
val_pr_auc_mood/theme---action,0.16399539795466822,1780313457050,906cef2b2f4f465eb47f298a50065e54,11,f
val_roc_auc_mood/theme---action,0.7802314578935876,1780313457050,906cef2b2f4f465eb47f298a50065e54,11,f
val_pr_auc_mood/theme---adventure,0.03977462527631495,1780313457050,906cef2b2f4f465eb47f298a50065e54,11,f
val_roc_auc_mood/theme---adventure,0.6450329119502052,1780313457050,906cef2b2f4f465eb47f298a50065e54,11,f
val_pr_auc_mood/theme---advertising,0.18268148231942158,1780313457050,906cef2b2f4f465eb47f298a50065e54,11,f
val_roc_auc_mood/theme---advertising,0.784579878463013,1780313457050,906cef2b2f4f465eb47f298a50065e54,11,f
val_pr_auc_mood/theme---background,0.012872930348126681,1780313457050,906cef2b2f4f465eb47f298a50065e54,11,f
val_roc_auc_mood/theme---background,0.5876243368700266,1780313457050,906cef2b2f4f465eb47f298a50065e54,11,f
val_pr_auc_mood/theme---ballad,0.08461486351353244,1780313457050,906cef2b2f4f465eb47f298a50065e54,11,f
val_roc_auc_mood/theme---ballad,0.7933521220159151,1780313457050,906cef2b2f4f465eb47f298a50065e54,11,f
val_pr_auc_mood/theme---calm,0.0636014762960623,1780313457050,906cef2b2f4f465eb47f298a50065e54,11,f
val_roc_auc_mood/theme---calm,0.6608119773682241,1780313457050,906cef2b2f4f465eb47f298a50065e54,11,f
val_pr_auc_mood/theme---children,0.08432906471428657,1780313457050,906cef2b2f4f465eb47f298a50065e54,11,f
val_roc_auc_mood/theme---children,0.735071655596803,1780313457050,906cef2b2f4f465eb47f298a50065e54,11,f
val_pr_auc_mood/theme---christmas,0.09462953864631525,1780313457050,906cef2b2f4f465eb47f298a50065e54,11,f
val_roc_auc_mood/theme---christmas,0.7983485094536598,1780313457050,906cef2b2f4f465eb47f298a50065e54,11,f
val_pr_auc_mood/theme---commercial,0.09329674263797073,1780313457050,906cef2b2f4f465eb47f298a50065e54,11,f
val_roc_auc_mood/theme---commercial,0.7502985760220486,1780313457050,906cef2b2f4f465eb47f298a50065e54,11,f
val_pr_auc_mood/theme---cool,0.023960684757867723,1780313457050,906cef2b2f4f465eb47f298a50065e54,11,f
val_roc_auc_mood/theme---cool,0.7421865242912451,1780313457050,906cef2b2f4f465eb47f298a50065e54,11,f
val_pr_auc_mood/theme---corporate,0.15130701092115154,1780313457050,906cef2b2f4f465eb47f298a50065e54,11,f
val_roc_auc_mood/theme---corporate,0.8168373543863523,1780313457050,906cef2b2f4f465eb47f298a50065e54,11,f
val_pr_auc_mood/theme---dark,0.10162272323528007,1780313457050,906cef2b2f4f465eb47f298a50065e54,11,f
val_roc_auc_mood/theme---dark,0.6374001243785617,1780313457050,906cef2b2f4f465eb47f298a50065e54,11,f
val_pr_auc_mood/theme---deep,0.14083115191604578,1780313457050,906cef2b2f4f465eb47f298a50065e54,11,f
val_roc_auc_mood/theme---deep,0.7891465464695995,1780313457050,906cef2b2f4f465eb47f298a50065e54,11,f
val_pr_auc_mood/theme---documentary,0.04904548151926911,1780313457050,906cef2b2f4f465eb47f298a50065e54,11,f
val_roc_auc_mood/theme---documentary,0.6492198083165936,1780313457050,906cef2b2f4f465eb47f298a50065e54,11,f
val_pr_auc_mood/theme---drama,0.062423495725405134,1780313457050,906cef2b2f4f465eb47f298a50065e54,11,f
val_roc_auc_mood/theme---drama,0.728792504789272,1780313457050,906cef2b2f4f465eb47f298a50065e54,11,f
val_pr_auc_mood/theme---dramatic,0.027924316593613108,1780313457050,906cef2b2f4f465eb47f298a50065e54,11,f
val_roc_auc_mood/theme---dramatic,0.6929327463469463,1780313457050,906cef2b2f4f465eb47f298a50065e54,11,f
val_pr_auc_mood/theme---dream,0.11040187040126484,1780313457050,906cef2b2f4f465eb47f298a50065e54,11,f
val_roc_auc_mood/theme---dream,0.6343055639542305,1780313457050,906cef2b2f4f465eb47f298a50065e54,11,f
val_pr_auc_mood/theme---emotional,0.15990258821003195,1780313457050,906cef2b2f4f465eb47f298a50065e54,11,f
val_roc_auc_mood/theme---emotional,0.6391116098108329,1780313457050,906cef2b2f4f465eb47f298a50065e54,11,f
val_pr_auc_mood/theme---energetic,0.21450711136376147,1780313457050,906cef2b2f4f465eb47f298a50065e54,11,f
val_roc_auc_mood/theme---energetic,0.7740834582967062,1780313457050,906cef2b2f4f465eb47f298a50065e54,11,f
val_pr_auc_mood/theme---epic,0.45963164502807047,1780313457050,906cef2b2f4f465eb47f298a50065e54,11,f
val_roc_auc_mood/theme---epic,0.8932929189763527,1780313457050,906cef2b2f4f465eb47f298a50065e54,11,f
val_roc_auc_mood/theme---sport,0.9010431232171822,1780313457050,906cef2b2f4f465eb47f298a50065e54,11,f
val_pr_auc_mood/theme---fast,0.068174605967898,1780313457050,906cef2b2f4f465eb47f298a50065e54,11,f
val_roc_auc_mood/theme---fast,0.8692654009126468,1780313457050,906cef2b2f4f465eb47f298a50065e54,11,f
val_pr_auc_mood/theme---film,0.15939196309525347,1780313457050,906cef2b2f4f465eb47f298a50065e54,11,f
val_roc_auc_mood/theme---film,0.7232572244288134,1780313457050,906cef2b2f4f465eb47f298a50065e54,11,f
val_roc_auc_mood/theme---trailer,0.9372237175397602,1780313457050,906cef2b2f4f465eb47f298a50065e54,11,f
val_pr_auc_mood/theme---fun,0.08904352696495338,1780313457050,906cef2b2f4f465eb47f298a50065e54,11,f
val_roc_auc_mood/theme---fun,0.6947167550535869,1780313457050,906cef2b2f4f465eb47f298a50065e54,11,f
val_pr_auc_mood/theme---funny,0.01761699486053252,1780313457050,906cef2b2f4f465eb47f298a50065e54,11,f
val_roc_auc_mood/theme---funny,0.7520853227792031,1780313457050,906cef2b2f4f465eb47f298a50065e54,11,f
val_pr_auc_mood/theme---game,0.019538355521284308,1780313457050,906cef2b2f4f465eb47f298a50065e54,11,f
val_roc_auc_mood/theme---game,0.5933221968709257,1780313457050,906cef2b2f4f465eb47f298a50065e54,11,f
val_pr_auc_mood/theme---groovy,0.05405665403512448,1780313457050,906cef2b2f4f465eb47f298a50065e54,11,f
val_roc_auc_mood/theme---groovy,0.8037386904071454,1780313457050,906cef2b2f4f465eb47f298a50065e54,11,f
val_pr_auc_mood/theme---happy,0.314379958598773,1780313457050,906cef2b2f4f465eb47f298a50065e54,11,f
val_roc_auc_mood/theme---happy,0.7725338889221378,1780313457050,906cef2b2f4f465eb47f298a50065e54,11,f
val_pr_auc_mood/theme---heavy,0.1385684578108344,1780313457050,906cef2b2f4f465eb47f298a50065e54,11,f
stdev_train_loss,0.004452710601895007,1780313220020,906cef2b2f4f465eb47f298a50065e54,11,f
val_roc_auc_mood/theme---uplifting,0.6707862211459334,1780313457050,906cef2b2f4f465eb47f298a50065e54,11,f
val_roc_auc_mood/theme---heavy,0.9155149263931434,1780313457050,906cef2b2f4f465eb47f298a50065e54,11,f
val_pr_auc_mood/theme---holiday,0.014862672938896732,1780313457050,906cef2b2f4f465eb47f298a50065e54,11,f
val_roc_auc_mood/theme---holiday,0.6168341613257992,1780313457050,906cef2b2f4f465eb47f298a50065e54,11,f
val_pr_auc_mood/theme---hopeful,0.020648965070613555,1780313457050,906cef2b2f4f465eb47f298a50065e54,11,f
val_roc_auc_mood/theme---hopeful,0.692578332448221,1780313457050,906cef2b2f4f465eb47f298a50065e54,11,f
val_pr_auc_mood/theme---inspiring,0.07545048006837521,1780313457050,906cef2b2f4f465eb47f298a50065e54,11,f
val_roc_auc_mood/theme---inspiring,0.6163603944032606,1780313457050,906cef2b2f4f465eb47f298a50065e54,11,f
val_pr_auc_mood/theme---love,0.10975626052037663,1780313457050,906cef2b2f4f465eb47f298a50065e54,11,f
val_roc_auc_mood/theme---love,0.6653544962421822,1780313457050,906cef2b2f4f465eb47f298a50065e54,11,f
val_pr_auc_mood/theme---meditative,0.13146285926182305,1780313457050,906cef2b2f4f465eb47f298a50065e54,11,f
val_roc_auc_mood/theme---meditative,0.7756861554313281,1780313457050,906cef2b2f4f465eb47f298a50065e54,11,f
val_pr_auc_mood/theme---melancholic,0.0706930130708004,1780313457050,906cef2b2f4f465eb47f298a50065e54,11,f
val_roc_auc_mood/theme---melancholic,0.7023792961208295,1780313457050,906cef2b2f4f465eb47f298a50065e54,11,f
val_pr_auc_mood/theme---melodic,0.12708494000794346,1780313457050,906cef2b2f4f465eb47f298a50065e54,11,f
val_roc_auc_mood/theme---melodic,0.6029530462637057,1780313457050,906cef2b2f4f465eb47f298a50065e54,11,f
val_pr_auc_mood/theme---motivational,0.15513454229920468,1780313457050,906cef2b2f4f465eb47f298a50065e54,11,f
val_roc_auc_mood/theme---motivational,0.8042107146051337,1780313457050,906cef2b2f4f465eb47f298a50065e54,11,f
val_pr_auc_mood/theme---movie,0.09391576434793278,1780313457050,906cef2b2f4f465eb47f298a50065e54,11,f
val_roc_auc_mood/theme---movie,0.7846023936265913,1780313457050,906cef2b2f4f465eb47f298a50065e54,11,f
val_pr_auc_mood/theme---nature,0.0268452348201009,1780313457050,906cef2b2f4f465eb47f298a50065e54,11,f
val_roc_auc_mood/theme---nature,0.6803318169654804,1780313457050,906cef2b2f4f465eb47f298a50065e54,11,f
val_pr_auc_mood/theme---party,0.10058973214461821,1780313457050,906cef2b2f4f465eb47f298a50065e54,11,f
val_roc_auc_mood/theme---party,0.8225972745203515,1780313457050,906cef2b2f4f465eb47f298a50065e54,11,f
val_pr_auc_mood/theme---positive,0.040297118785571816,1780313457050,906cef2b2f4f465eb47f298a50065e54,11,f
val_roc_auc_mood/theme---positive,0.7050143793472443,1780313457050,906cef2b2f4f465eb47f298a50065e54,11,f
val_pr_auc_mood/theme---powerful,0.02103240548845067,1780313457050,906cef2b2f4f465eb47f298a50065e54,11,f
val_roc_auc_mood/theme---powerful,0.6668838711505227,1780313457050,906cef2b2f4f465eb47f298a50065e54,11,f
val_pr_auc_mood/theme---relaxing,0.15101674544517293,1780313457050,906cef2b2f4f465eb47f298a50065e54,11,f
val_roc_auc_mood/theme---relaxing,0.7436636956042431,1780313457050,906cef2b2f4f465eb47f298a50065e54,11,f
val_pr_auc_mood/theme---retro,0.012302125034377692,1780313457050,906cef2b2f4f465eb47f298a50065e54,11,f
val_roc_auc_mood/theme---retro,0.5584010479828276,1780313457050,906cef2b2f4f465eb47f298a50065e54,11,f
val_pr_auc_mood/theme---romantic,0.06385956539784886,1780313457050,906cef2b2f4f465eb47f298a50065e54,11,f
val_roc_auc_mood/theme---romantic,0.6687531055043339,1780313457050,906cef2b2f4f465eb47f298a50065e54,11,f
val_pr_auc_mood/theme---sad,0.07881514226380579,1780313457050,906cef2b2f4f465eb47f298a50065e54,11,f
val_roc_auc_mood/theme---sad,0.7130442874824349,1780313457050,906cef2b2f4f465eb47f298a50065e54,11,f
val_pr_auc_mood/theme---sexy,0.047295401217883185,1780313457050,906cef2b2f4f465eb47f298a50065e54,11,f
val_roc_auc_mood/theme---sexy,0.7026883457162341,1780313457050,906cef2b2f4f465eb47f298a50065e54,11,f
val_pr_auc_mood/theme---slow,0.02889454592512845,1780313457050,906cef2b2f4f465eb47f298a50065e54,11,f
val_roc_auc_mood/theme---slow,0.7330558589208694,1780313457050,906cef2b2f4f465eb47f298a50065e54,11,f
val_pr_auc_mood/theme---soft,0.05336641695294676,1780313457050,906cef2b2f4f465eb47f298a50065e54,11,f
val_roc_auc_mood/theme---soft,0.6751943556069679,1780313457050,906cef2b2f4f465eb47f298a50065e54,11,f
val_pr_auc_mood/theme---soundscape,0.02543095824419271,1780313457050,906cef2b2f4f465eb47f298a50065e54,11,f
val_pr_auc_mood/theme---game,0.04986474767834533,1780314363120,906cef2b2f4f465eb47f298a50065e54,12,f
val_loss_avg,0.05517484852600588,1780314363120,906cef2b2f4f465eb47f298a50065e54,12,f
val_loss_std,0.027722070872087824,1780314363120,906cef2b2f4f465eb47f298a50065e54,12,f
val_pr_auc_mood/theme---action,0.10386213683648103,1780314363120,906cef2b2f4f465eb47f298a50065e54,12,f
val_roc_auc_mood/theme---action,0.7412232816556277,1780314363120,906cef2b2f4f465eb47f298a50065e54,12,f
stdev_train_loss,0.0044372205612853745,1780314183112,906cef2b2f4f465eb47f298a50065e54,12,f
avg_train_loss,0.044363977340346146,1780314182621,906cef2b2f4f465eb47f298a50065e54,12,f
train_loss,0.044363977340346146,1780314183641,906cef2b2f4f465eb47f298a50065e54,12,f
val_pr_auc_mood/theme---adventure,0.03076220954468393,1780314363120,906cef2b2f4f465eb47f298a50065e54,12,f
val_roc_auc_mood/theme---adventure,0.5910552480101353,1780314363120,906cef2b2f4f465eb47f298a50065e54,12,f
val_pr_auc_mood/theme---advertising,0.1684159309001066,1780314363120,906cef2b2f4f465eb47f298a50065e54,12,f
val_roc_auc_mood/theme---advertising,0.7826833058804918,1780314363120,906cef2b2f4f465eb47f298a50065e54,12,f
val_pr_auc_mood/theme---background,0.010879314738054802,1780314363120,906cef2b2f4f465eb47f298a50065e54,12,f
val_roc_auc_mood/theme---background,0.5257957559681697,1780314363120,906cef2b2f4f465eb47f298a50065e54,12,f
val_pr_auc_mood/theme---ballad,0.09849740890267765,1780314363120,906cef2b2f4f465eb47f298a50065e54,12,f
val_roc_auc_mood/theme---ballad,0.8088896256999705,1780314363120,906cef2b2f4f465eb47f298a50065e54,12,f
val_pr_auc_mood/theme---calm,0.05759052757841332,1780314363120,906cef2b2f4f465eb47f298a50065e54,12,f
val_roc_auc_mood/theme---calm,0.6454424429005283,1780314363120,906cef2b2f4f465eb47f298a50065e54,12,f
val_pr_auc_mood/theme---children,0.08399024351976594,1780314363120,906cef2b2f4f465eb47f298a50065e54,12,f
val_roc_auc_mood/theme---children,0.7346792097235311,1780314363120,906cef2b2f4f465eb47f298a50065e54,12,f
val_pr_auc_mood/theme---christmas,0.09559489688936958,1780314363120,906cef2b2f4f465eb47f298a50065e54,12,f
val_roc_auc_mood/theme---christmas,0.7860058287901636,1780314363120,906cef2b2f4f465eb47f298a50065e54,12,f
val_pr_auc_mood/theme---commercial,0.09362720885659075,1780314363120,906cef2b2f4f465eb47f298a50065e54,12,f
val_roc_auc_mood/theme---commercial,0.7313734497014239,1780314363120,906cef2b2f4f465eb47f298a50065e54,12,f
val_pr_auc_mood/theme---cool,0.02893244422278067,1780314363120,906cef2b2f4f465eb47f298a50065e54,12,f
val_roc_auc_mood/theme---cool,0.7820578868490071,1780314363120,906cef2b2f4f465eb47f298a50065e54,12,f
val_pr_auc_mood/theme---corporate,0.1757929470869481,1780314363120,906cef2b2f4f465eb47f298a50065e54,12,f
val_roc_auc_mood/theme---corporate,0.8358476416570051,1780314363120,906cef2b2f4f465eb47f298a50065e54,12,f
val_pr_auc_mood/theme---dark,0.11040253661539057,1780314363120,906cef2b2f4f465eb47f298a50065e54,12,f
val_roc_auc_mood/theme---dark,0.6709435435282537,1780314363120,906cef2b2f4f465eb47f298a50065e54,12,f
val_pr_auc_mood/theme---deep,0.1969796900684246,1780314363120,906cef2b2f4f465eb47f298a50065e54,12,f
val_roc_auc_mood/theme---deep,0.8116097322354092,1780314363120,906cef2b2f4f465eb47f298a50065e54,12,f
val_pr_auc_mood/theme---documentary,0.04679111249424328,1780314363120,906cef2b2f4f465eb47f298a50065e54,12,f
val_roc_auc_mood/theme---documentary,0.6282835782965059,1780314363120,906cef2b2f4f465eb47f298a50065e54,12,f
val_pr_auc_mood/theme---drama,0.07439307169971437,1780314363120,906cef2b2f4f465eb47f298a50065e54,12,f
val_roc_auc_mood/theme---drama,0.6965277777777779,1780314363120,906cef2b2f4f465eb47f298a50065e54,12,f
val_pr_auc_mood/theme---dramatic,0.023795724887691383,1780314363120,906cef2b2f4f465eb47f298a50065e54,12,f
val_roc_auc_mood/theme---dramatic,0.7206194579742725,1780314363120,906cef2b2f4f465eb47f298a50065e54,12,f
val_pr_auc_mood/theme---dream,0.09897701114369052,1780314363120,906cef2b2f4f465eb47f298a50065e54,12,f
val_roc_auc_mood/theme---dream,0.6277277216746286,1780314363120,906cef2b2f4f465eb47f298a50065e54,12,f
val_pr_auc_mood/theme---emotional,0.13887375025340373,1780314363120,906cef2b2f4f465eb47f298a50065e54,12,f
val_roc_auc_mood/theme---emotional,0.6559760624133544,1780314363120,906cef2b2f4f465eb47f298a50065e54,12,f
val_pr_auc_mood/theme---energetic,0.21137132042291362,1780314363120,906cef2b2f4f465eb47f298a50065e54,12,f
val_roc_auc_mood/theme---energetic,0.7694933842566594,1780314363120,906cef2b2f4f465eb47f298a50065e54,12,f
val_pr_auc_mood/theme---epic,0.43490469294607337,1780314363120,906cef2b2f4f465eb47f298a50065e54,12,f
val_roc_auc_mood/theme---epic,0.9019347824296388,1780314363120,906cef2b2f4f465eb47f298a50065e54,12,f
val_pr_auc_mood/theme---fast,0.05718235744873849,1780314363120,906cef2b2f4f465eb47f298a50065e54,12,f
val_roc_auc_mood/theme---fast,0.8784427966101694,1780314363120,906cef2b2f4f465eb47f298a50065e54,12,f
val_pr_auc_mood/theme---film,0.15733864767747838,1780314363120,906cef2b2f4f465eb47f298a50065e54,12,f
val_roc_auc_mood/theme---film,0.7098475602991103,1780314363120,906cef2b2f4f465eb47f298a50065e54,12,f
val_pr_auc_mood/theme---fun,0.08370178337388277,1780314363120,906cef2b2f4f465eb47f298a50065e54,12,f
val_roc_auc_mood/theme---fun,0.6552732598131672,1780314363120,906cef2b2f4f465eb47f298a50065e54,12,f
val_pr_auc_mood/theme---funny,0.01833747708781351,1780314363120,906cef2b2f4f465eb47f298a50065e54,12,f
val_roc_auc_mood/theme---funny,0.7821139707997284,1780314363120,906cef2b2f4f465eb47f298a50065e54,12,f
val_roc_auc_mood/theme---game,0.6307753422425032,1780314363120,906cef2b2f4f465eb47f298a50065e54,12,f
val_pr_auc_mood/theme---groovy,0.06404424694200908,1780314363120,906cef2b2f4f465eb47f298a50065e54,12,f
val_roc_auc_mood/theme---groovy,0.8224538916599002,1780314363120,906cef2b2f4f465eb47f298a50065e54,12,f
val_pr_auc_mood/theme---happy,0.2703549956822076,1780314363120,906cef2b2f4f465eb47f298a50065e54,12,f
val_roc_auc_mood/theme---happy,0.7502749266862171,1780314363120,906cef2b2f4f465eb47f298a50065e54,12,f
val_pr_auc_mood/theme---heavy,0.18729420884601933,1780314363120,906cef2b2f4f465eb47f298a50065e54,12,f
val_roc_auc_mood/theme---heavy,0.9318121517643937,1780314363120,906cef2b2f4f465eb47f298a50065e54,12,f
val_pr_auc_mood/theme---holiday,0.01791281339425599,1780314363120,906cef2b2f4f465eb47f298a50065e54,12,f
val_roc_auc_mood/theme---holiday,0.5880579468315067,1780314363120,906cef2b2f4f465eb47f298a50065e54,12,f
val_pr_auc_mood/theme---hopeful,0.028028256080357177,1780314363120,906cef2b2f4f465eb47f298a50065e54,12,f
val_roc_auc_mood/theme---hopeful,0.7459358588540744,1780314363120,906cef2b2f4f465eb47f298a50065e54,12,f
val_pr_auc_mood/theme---inspiring,0.09315871752378971,1780314363120,906cef2b2f4f465eb47f298a50065e54,12,f
val_roc_auc_mood/theme---inspiring,0.6414257806232149,1780314363120,906cef2b2f4f465eb47f298a50065e54,12,f
val_pr_auc_mood/theme---love,0.11550638003046061,1780314363120,906cef2b2f4f465eb47f298a50065e54,12,f
val_roc_auc_mood/theme---love,0.6833604877279655,1780314363120,906cef2b2f4f465eb47f298a50065e54,12,f
val_pr_auc_mood/theme---meditative,0.15455944544600209,1780314363120,906cef2b2f4f465eb47f298a50065e54,12,f
val_roc_auc_mood/theme---meditative,0.8026206028307695,1780314363120,906cef2b2f4f465eb47f298a50065e54,12,f
val_pr_auc_mood/theme---melancholic,0.0606203599209042,1780314363120,906cef2b2f4f465eb47f298a50065e54,12,f
val_roc_auc_mood/theme---melancholic,0.7084080829678229,1780314363120,906cef2b2f4f465eb47f298a50065e54,12,f
val_pr_auc_mood/theme---melodic,0.1282636050643949,1780314363120,906cef2b2f4f465eb47f298a50065e54,12,f
val_roc_auc_mood/theme---melodic,0.600045738269479,1780314363120,906cef2b2f4f465eb47f298a50065e54,12,f
val_pr_auc_mood/theme---motivational,0.20856351854906421,1780314363120,906cef2b2f4f465eb47f298a50065e54,12,f
val_roc_auc_mood/theme---motivational,0.8140345228512655,1780314363120,906cef2b2f4f465eb47f298a50065e54,12,f
val_pr_auc_mood/theme---movie,0.11993391686629422,1780314363120,906cef2b2f4f465eb47f298a50065e54,12,f
val_roc_auc_mood/theme---movie,0.774215138524722,1780314363120,906cef2b2f4f465eb47f298a50065e54,12,f
val_pr_auc_mood/theme---nature,0.033071401149840605,1780314363120,906cef2b2f4f465eb47f298a50065e54,12,f
val_roc_auc_mood/theme---nature,0.7171733805397171,1780314363120,906cef2b2f4f465eb47f298a50065e54,12,f
val_pr_auc_mood/theme---party,0.10379267252810286,1780314363120,906cef2b2f4f465eb47f298a50065e54,12,f
val_roc_auc_mood/theme---party,0.8091011552550014,1780314363120,906cef2b2f4f465eb47f298a50065e54,12,f
val_pr_auc_mood/theme---positive,0.05304312655157996,1780314363120,906cef2b2f4f465eb47f298a50065e54,12,f
val_roc_auc_mood/theme---positive,0.7245853397538792,1780314363120,906cef2b2f4f465eb47f298a50065e54,12,f
val_pr_auc_mood/theme---powerful,0.022276915826954263,1780314363120,906cef2b2f4f465eb47f298a50065e54,12,f
val_roc_auc_mood/theme---powerful,0.6833215287418194,1780314363120,906cef2b2f4f465eb47f298a50065e54,12,f
val_pr_auc_mood/theme---relaxing,0.19710394802046427,1780314363120,906cef2b2f4f465eb47f298a50065e54,12,f
val_roc_auc_mood/theme---relaxing,0.7578837610955503,1780314363120,906cef2b2f4f465eb47f298a50065e54,12,f
val_pr_auc_mood/theme---retro,0.011226373585524457,1780314363120,906cef2b2f4f465eb47f298a50065e54,12,f
val_roc_auc_mood/theme---retro,0.5442052904974676,1780314363120,906cef2b2f4f465eb47f298a50065e54,12,f
val_pr_auc_mood/theme---romantic,0.0665132615535033,1780314363120,906cef2b2f4f465eb47f298a50065e54,12,f
val_roc_auc_mood/theme---romantic,0.7033852297613132,1780314363120,906cef2b2f4f465eb47f298a50065e54,12,f
val_pr_auc_mood/theme---sad,0.08707759372112132,1780314363120,906cef2b2f4f465eb47f298a50065e54,12,f
val_roc_auc_mood/theme---sad,0.7268004876369152,1780314363120,906cef2b2f4f465eb47f298a50065e54,12,f
val_pr_auc_mood/theme---sexy,0.050768215904667305,1780314363120,906cef2b2f4f465eb47f298a50065e54,12,f
val_roc_auc_mood/theme---sexy,0.7252790639244823,1780314363120,906cef2b2f4f465eb47f298a50065e54,12,f
val_pr_auc_mood/theme---slow,0.03047160714339888,1780314363120,906cef2b2f4f465eb47f298a50065e54,12,f
val_roc_auc_mood/theme---slow,0.7208513465225946,1780314363120,906cef2b2f4f465eb47f298a50065e54,12,f
val_pr_auc_mood/theme---soft,0.05444834805344245,1780314363120,906cef2b2f4f465eb47f298a50065e54,12,f
val_roc_auc_mood/theme---soft,0.6814768899700598,1780314363120,906cef2b2f4f465eb47f298a50065e54,12,f
val_pr_auc_mood/theme---soundscape,0.025123367517126488,1780314363120,906cef2b2f4f465eb47f298a50065e54,12,f
val_roc_auc_mood/theme---soundscape,0.7348276981176609,1780314363120,906cef2b2f4f465eb47f298a50065e54,12,f
val_pr_auc_mood/theme---space,0.06028530432760519,1780314363120,906cef2b2f4f465eb47f298a50065e54,12,f
val_roc_auc_mood/theme---space,0.7803917816876705,1780314363120,906cef2b2f4f465eb47f298a50065e54,12,f
val_pr_auc_mood/theme---sport,0.15992684752699612,1780314363120,906cef2b2f4f465eb47f298a50065e54,12,f
val_roc_auc_mood/theme---sport,0.8962190279098383,1780314363120,906cef2b2f4f465eb47f298a50065e54,12,f
val_pr_auc_mood/theme---summer,0.27966641163508926,1780314363120,906cef2b2f4f465eb47f298a50065e54,12,f
val_roc_auc_mood/theme---summer,0.8644718256682686,1780314363120,906cef2b2f4f465eb47f298a50065e54,12,f
val_pr_auc_mood/theme---trailer,0.21780280594158688,1780314363120,906cef2b2f4f465eb47f298a50065e54,12,f
val_roc_auc_mood/theme---trailer,0.9346453958271204,1780314363120,906cef2b2f4f465eb47f298a50065e54,12,f
val_pr_auc_mood/theme---travel,0.018449067016957095,1780314363120,906cef2b2f4f465eb47f298a50065e54,12,f
val_roc_auc_mood/theme---travel,0.5952408141514,1780314363120,906cef2b2f4f465eb47f298a50065e54,12,f
val_pr_auc_mood/theme---upbeat,0.046376176754113346,1780314363120,906cef2b2f4f465eb47f298a50065e54,12,f
val_roc_auc_mood/theme---upbeat,0.6203007596399968,1780314363120,906cef2b2f4f465eb47f298a50065e54,12,f
val_pr_auc_mood/theme---uplifting,0.06354274005385377,1780314363120,906cef2b2f4f465eb47f298a50065e54,12,f
val_roc_auc_mood/theme---uplifting,0.6591247886211915,1780314363120,906cef2b2f4f465eb47f298a50065e54,12,f
val_macro_pr_auc,0.10142974717913147,1780314363120,906cef2b2f4f465eb47f298a50065e54,12,f
val_macro_roc_auc,0.7294027382517948,1780314363120,906cef2b2f4f465eb47f298a50065e54,12,f
val_roc_auc_mood/theme---fast,0.8617686603650587,1780315370210,906cef2b2f4f465eb47f298a50065e54,13,f
avg_train_loss,0.04410102892130883,1780315163964,906cef2b2f4f465eb47f298a50065e54,13,f
stdev_train_loss,0.004398593695444229,1780315165065,906cef2b2f4f465eb47f298a50065e54,13,f
train_loss,0.04410102892130883,1780315165499,906cef2b2f4f465eb47f298a50065e54,13,f
val_loss_avg,0.055386734675778974,1780315370210,906cef2b2f4f465eb47f298a50065e54,13,f
val_loss_std,0.02787268379752742,1780315370210,906cef2b2f4f465eb47f298a50065e54,13,f
val_pr_auc_mood/theme---action,0.12208486127430146,1780315370210,906cef2b2f4f465eb47f298a50065e54,13,f
val_roc_auc_mood/theme---action,0.7461047625979571,1780315370210,906cef2b2f4f465eb47f298a50065e54,13,f
val_pr_auc_mood/theme---adventure,0.027579002243445297,1780315370210,906cef2b2f4f465eb47f298a50065e54,13,f
val_roc_auc_mood/theme---adventure,0.5719484149935278,1780315370210,906cef2b2f4f465eb47f298a50065e54,13,f
val_pr_auc_mood/theme---advertising,0.16295611816753686,1780315370210,906cef2b2f4f465eb47f298a50065e54,13,f
val_roc_auc_mood/theme---advertising,0.7444447546460445,1780315370210,906cef2b2f4f465eb47f298a50065e54,13,f
val_pr_auc_mood/theme---background,0.016027779546216606,1780315370210,906cef2b2f4f465eb47f298a50065e54,13,f
val_roc_auc_mood/theme---background,0.6457974137931034,1780315370210,906cef2b2f4f465eb47f298a50065e54,13,f
val_pr_auc_mood/theme---ballad,0.08023658581861419,1780315370210,906cef2b2f4f465eb47f298a50065e54,13,f
val_roc_auc_mood/theme---ballad,0.7859517757147068,1780315370210,906cef2b2f4f465eb47f298a50065e54,13,f
val_pr_auc_mood/theme---calm,0.05544964697014564,1780315370210,906cef2b2f4f465eb47f298a50065e54,13,f
val_roc_auc_mood/theme---calm,0.6818004534675708,1780315370210,906cef2b2f4f465eb47f298a50065e54,13,f
val_pr_auc_mood/theme---children,0.10323093493875955,1780315370210,906cef2b2f4f465eb47f298a50065e54,13,f
val_roc_auc_mood/theme---children,0.7419394583790616,1780315370210,906cef2b2f4f465eb47f298a50065e54,13,f
val_pr_auc_mood/theme---christmas,0.1011671656147274,1780315370210,906cef2b2f4f465eb47f298a50065e54,13,f
val_roc_auc_mood/theme---christmas,0.8132503479874724,1780315370210,906cef2b2f4f465eb47f298a50065e54,13,f
val_pr_auc_mood/theme---commercial,0.08985636323770169,1780315370210,906cef2b2f4f465eb47f298a50065e54,13,f
val_roc_auc_mood/theme---commercial,0.7279551370387383,1780315370210,906cef2b2f4f465eb47f298a50065e54,13,f
val_pr_auc_mood/theme---cool,0.019474810211823013,1780315370210,906cef2b2f4f465eb47f298a50065e54,13,f
val_roc_auc_mood/theme---cool,0.7386349444236292,1780315370210,906cef2b2f4f465eb47f298a50065e54,13,f
val_pr_auc_mood/theme---corporate,0.16897121686297953,1780315370210,906cef2b2f4f465eb47f298a50065e54,13,f
val_roc_auc_mood/theme---corporate,0.8439311544194777,1780315370210,906cef2b2f4f465eb47f298a50065e54,13,f
val_pr_auc_mood/theme---dark,0.09427321776739922,1780315370210,906cef2b2f4f465eb47f298a50065e54,13,f
val_roc_auc_mood/theme---dark,0.669117869901964,1780315370210,906cef2b2f4f465eb47f298a50065e54,13,f
val_pr_auc_mood/theme---deep,0.2227782689382762,1780315370210,906cef2b2f4f465eb47f298a50065e54,13,f
val_roc_auc_mood/theme---deep,0.792830881639277,1780315370210,906cef2b2f4f465eb47f298a50065e54,13,f
val_pr_auc_mood/theme---documentary,0.045185002105548294,1780315370210,906cef2b2f4f465eb47f298a50065e54,13,f
val_roc_auc_mood/theme---documentary,0.6432034597595229,1780315370210,906cef2b2f4f465eb47f298a50065e54,13,f
val_pr_auc_mood/theme---drama,0.07448565962581268,1780315370210,906cef2b2f4f465eb47f298a50065e54,13,f
val_roc_auc_mood/theme---drama,0.7042145593869733,1780315370210,906cef2b2f4f465eb47f298a50065e54,13,f
val_pr_auc_mood/theme---dramatic,0.025939665540203417,1780315370210,906cef2b2f4f465eb47f298a50065e54,13,f
val_roc_auc_mood/theme---dramatic,0.6940957911827151,1780315370210,906cef2b2f4f465eb47f298a50065e54,13,f
val_pr_auc_mood/theme---dream,0.13257910250357635,1780315370210,906cef2b2f4f465eb47f298a50065e54,13,f
val_roc_auc_mood/theme---dream,0.6800064501824192,1780315370210,906cef2b2f4f465eb47f298a50065e54,13,f
val_pr_auc_mood/theme---emotional,0.14937728433146286,1780315370210,906cef2b2f4f465eb47f298a50065e54,13,f
val_roc_auc_mood/theme---emotional,0.6374049184260061,1780315370210,906cef2b2f4f465eb47f298a50065e54,13,f
val_pr_auc_mood/theme---energetic,0.1718952278787799,1780315370210,906cef2b2f4f465eb47f298a50065e54,13,f
val_roc_auc_mood/theme---energetic,0.7679096463706908,1780315370210,906cef2b2f4f465eb47f298a50065e54,13,f
val_pr_auc_mood/theme---epic,0.4316756124750271,1780315370210,906cef2b2f4f465eb47f298a50065e54,13,f
val_roc_auc_mood/theme---epic,0.9031521551120593,1780315370210,906cef2b2f4f465eb47f298a50065e54,13,f
val_pr_auc_mood/theme---fast,0.04838097942791005,1780315370210,906cef2b2f4f465eb47f298a50065e54,13,f
val_pr_auc_mood/theme---film,0.16739757692575283,1780315370210,906cef2b2f4f465eb47f298a50065e54,13,f
val_roc_auc_mood/theme---film,0.7328340766710306,1780315370210,906cef2b2f4f465eb47f298a50065e54,13,f
val_pr_auc_mood/theme---fun,0.10514048801469657,1780315370210,906cef2b2f4f465eb47f298a50065e54,13,f
val_roc_auc_mood/theme---fun,0.6960658575010539,1780315370210,906cef2b2f4f465eb47f298a50065e54,13,f
val_pr_auc_mood/theme---funny,0.014589676665966929,1780315370210,906cef2b2f4f465eb47f298a50065e54,13,f
val_roc_auc_mood/theme---funny,0.7495541723713427,1780315370210,906cef2b2f4f465eb47f298a50065e54,13,f
val_pr_auc_mood/theme---game,0.047638614968605296,1780315370210,906cef2b2f4f465eb47f298a50065e54,13,f
val_roc_auc_mood/theme---game,0.563426906779661,1780315370210,906cef2b2f4f465eb47f298a50065e54,13,f
val_pr_auc_mood/theme---groovy,0.06015200346292725,1780315370210,906cef2b2f4f465eb47f298a50065e54,13,f
val_roc_auc_mood/theme---groovy,0.8219609094072613,1780315370210,906cef2b2f4f465eb47f298a50065e54,13,f
val_pr_auc_mood/theme---happy,0.28060028172959006,1780315370210,906cef2b2f4f465eb47f298a50065e54,13,f
val_roc_auc_mood/theme---happy,0.7549595277993897,1780315370210,906cef2b2f4f465eb47f298a50065e54,13,f
val_pr_auc_mood/theme---heavy,0.149816906042016,1780315370210,906cef2b2f4f465eb47f298a50065e54,13,f
val_roc_auc_mood/theme---heavy,0.9196796835427772,1780315370210,906cef2b2f4f465eb47f298a50065e54,13,f
val_pr_auc_mood/theme---holiday,0.01707292366449028,1780315370210,906cef2b2f4f465eb47f298a50065e54,13,f
val_roc_auc_mood/theme---holiday,0.5871553718381431,1780315370210,906cef2b2f4f465eb47f298a50065e54,13,f
val_pr_auc_mood/theme---hopeful,0.018488691330180124,1780315370210,906cef2b2f4f465eb47f298a50065e54,13,f
val_roc_auc_mood/theme---hopeful,0.7045273499734467,1780315370210,906cef2b2f4f465eb47f298a50065e54,13,f
val_pr_auc_mood/theme---inspiring,0.08583544030125549,1780315370210,906cef2b2f4f465eb47f298a50065e54,13,f
val_roc_auc_mood/theme---inspiring,0.631034185359905,1780315370210,906cef2b2f4f465eb47f298a50065e54,13,f
val_pr_auc_mood/theme---love,0.12438323020794473,1780315370210,906cef2b2f4f465eb47f298a50065e54,13,f
val_roc_auc_mood/theme---love,0.708541152047091,1780315370210,906cef2b2f4f465eb47f298a50065e54,13,f
val_pr_auc_mood/theme---meditative,0.14520268058435803,1780315370210,906cef2b2f4f465eb47f298a50065e54,13,f
val_roc_auc_mood/theme---meditative,0.7925779724019577,1780315370210,906cef2b2f4f465eb47f298a50065e54,13,f
val_pr_auc_mood/theme---melancholic,0.06749918565700995,1780315370210,906cef2b2f4f465eb47f298a50065e54,13,f
val_roc_auc_mood/theme---melancholic,0.7085179191654402,1780315370210,906cef2b2f4f465eb47f298a50065e54,13,f
val_pr_auc_mood/theme---melodic,0.10982874136798226,1780315370210,906cef2b2f4f465eb47f298a50065e54,13,f
val_roc_auc_mood/theme---melodic,0.5758092033627915,1780315370210,906cef2b2f4f465eb47f298a50065e54,13,f
val_pr_auc_mood/theme---motivational,0.1621285235025053,1780315370210,906cef2b2f4f465eb47f298a50065e54,13,f
val_roc_auc_mood/theme---motivational,0.81657812360254,1780315370210,906cef2b2f4f465eb47f298a50065e54,13,f
val_pr_auc_mood/theme---movie,0.1076487534897513,1780315370210,906cef2b2f4f465eb47f298a50065e54,13,f
val_roc_auc_mood/theme---movie,0.7722960151802657,1780315370210,906cef2b2f4f465eb47f298a50065e54,13,f
val_pr_auc_mood/theme---nature,0.030413721555622823,1780315370210,906cef2b2f4f465eb47f298a50065e54,13,f
val_roc_auc_mood/theme---nature,0.7042259319487043,1780315370210,906cef2b2f4f465eb47f298a50065e54,13,f
val_pr_auc_mood/theme---party,0.0931438443579437,1780315370210,906cef2b2f4f465eb47f298a50065e54,13,f
val_roc_auc_mood/theme---party,0.8119412638643408,1780315370210,906cef2b2f4f465eb47f298a50065e54,13,f
val_pr_auc_mood/theme---positive,0.052309960486957574,1780315370210,906cef2b2f4f465eb47f298a50065e54,13,f
val_roc_auc_mood/theme---positive,0.7209654226859282,1780315370210,906cef2b2f4f465eb47f298a50065e54,13,f
val_pr_auc_mood/theme---powerful,0.020472372111081088,1780315370210,906cef2b2f4f465eb47f298a50065e54,13,f
val_roc_auc_mood/theme---powerful,0.6653653284981726,1780315370210,906cef2b2f4f465eb47f298a50065e54,13,f
val_pr_auc_mood/theme---relaxing,0.20611423029360273,1780315370210,906cef2b2f4f465eb47f298a50065e54,13,f
val_roc_auc_mood/theme---relaxing,0.753532304689733,1780315370210,906cef2b2f4f465eb47f298a50065e54,13,f
val_pr_auc_mood/theme---retro,0.010343961973413236,1780315370210,906cef2b2f4f465eb47f298a50065e54,13,f
val_roc_auc_mood/theme---retro,0.49999675747887495,1780315370210,906cef2b2f4f465eb47f298a50065e54,13,f
val_pr_auc_mood/theme---romantic,0.08063900847470566,1780315370210,906cef2b2f4f465eb47f298a50065e54,13,f
val_roc_auc_mood/theme---romantic,0.697797622333867,1780315370210,906cef2b2f4f465eb47f298a50065e54,13,f
val_pr_auc_mood/theme---sad,0.07862156352813426,1780315370210,906cef2b2f4f465eb47f298a50065e54,13,f
val_roc_auc_mood/theme---sad,0.7124245046855953,1780315370210,906cef2b2f4f465eb47f298a50065e54,13,f
val_pr_auc_mood/theme---sexy,0.05237039777358777,1780315370210,906cef2b2f4f465eb47f298a50065e54,13,f
val_roc_auc_mood/theme---sexy,0.7213093571659309,1780315370210,906cef2b2f4f465eb47f298a50065e54,13,f
val_pr_auc_mood/theme---slow,0.03668451089283561,1780315370210,906cef2b2f4f465eb47f298a50065e54,13,f
val_roc_auc_mood/theme---slow,0.7295983331404098,1780315370210,906cef2b2f4f465eb47f298a50065e54,13,f
val_pr_auc_mood/theme---soft,0.05905727503902951,1780315370210,906cef2b2f4f465eb47f298a50065e54,13,f
val_roc_auc_mood/theme---soft,0.7094192297223735,1780315370210,906cef2b2f4f465eb47f298a50065e54,13,f
val_pr_auc_mood/theme---soundscape,0.03559406796546039,1780315370210,906cef2b2f4f465eb47f298a50065e54,13,f
val_roc_auc_mood/theme---soundscape,0.7473225349619401,1780315370210,906cef2b2f4f465eb47f298a50065e54,13,f
val_pr_auc_mood/theme---space,0.060550290399555694,1780315370210,906cef2b2f4f465eb47f298a50065e54,13,f
val_roc_auc_mood/theme---space,0.7748922266964692,1780315370210,906cef2b2f4f465eb47f298a50065e54,13,f
val_pr_auc_mood/theme---sport,0.06910950753987656,1780315370210,906cef2b2f4f465eb47f298a50065e54,13,f
val_roc_auc_mood/theme---sport,0.8594090832820627,1780315370210,906cef2b2f4f465eb47f298a50065e54,13,f
val_pr_auc_mood/theme---summer,0.1718069922783734,1780315370210,906cef2b2f4f465eb47f298a50065e54,13,f
val_roc_auc_mood/theme---summer,0.8188101308554019,1780315370210,906cef2b2f4f465eb47f298a50065e54,13,f
val_pr_auc_mood/theme---trailer,0.20505573815773417,1780315370210,906cef2b2f4f465eb47f298a50065e54,13,f
val_roc_auc_mood/theme---trailer,0.9297869770216043,1780315370210,906cef2b2f4f465eb47f298a50065e54,13,f
val_pr_auc_mood/theme---travel,0.0231603480413937,1780315370210,906cef2b2f4f465eb47f298a50065e54,13,f
val_roc_auc_mood/theme---travel,0.6217719701789588,1780315370210,906cef2b2f4f465eb47f298a50065e54,13,f
val_pr_auc_mood/theme---upbeat,0.049657036423927825,1780315370210,906cef2b2f4f465eb47f298a50065e54,13,f
val_roc_auc_mood/theme---upbeat,0.6536299644950871,1780315370210,906cef2b2f4f465eb47f298a50065e54,13,f
val_pr_auc_mood/theme---uplifting,0.0631980740113943,1780315370210,906cef2b2f4f465eb47f298a50065e54,13,f
val_roc_auc_mood/theme---uplifting,0.6627513713844649,1780315370210,906cef2b2f4f465eb47f298a50065e54,13,f
val_macro_pr_auc,0.09652377008392696,1780315370210,906cef2b2f4f465eb47f298a50065e54,13,f
val_macro_roc_auc,0.7272487812836069,1780315370210,906cef2b2f4f465eb47f298a50065e54,13,f
val_pr_auc_mood/theme---soundscape,0.02755658401524905,1780316374096,906cef2b2f4f465eb47f298a50065e54,14,f
val_pr_auc_mood/theme---uplifting,0.06663704136248846,1780316374096,906cef2b2f4f465eb47f298a50065e54,14,f
val_roc_auc_mood/theme---soundscape,0.7467767156428866,1780316374096,906cef2b2f4f465eb47f298a50065e54,14,f
val_pr_auc_mood/theme---space,0.057517105448298286,1780316374096,906cef2b2f4f465eb47f298a50065e54,14,f
val_macro_pr_auc,0.09745088886905041,1780316374096,906cef2b2f4f465eb47f298a50065e54,14,f
val_roc_auc_mood/theme---uplifting,0.6577293447797046,1780316374096,906cef2b2f4f465eb47f298a50065e54,14,f
val_loss_avg,0.054683125183500506,1780316374096,906cef2b2f4f465eb47f298a50065e54,14,f
val_loss_std,0.028579564436562066,1780316374096,906cef2b2f4f465eb47f298a50065e54,14,f
val_pr_auc_mood/theme---action,0.17396656857267714,1780316374096,906cef2b2f4f465eb47f298a50065e54,14,f
val_roc_auc_mood/theme---action,0.6781473663779508,1780316374096,906cef2b2f4f465eb47f298a50065e54,14,f
val_pr_auc_mood/theme---adventure,0.037785301409604,1780316374096,906cef2b2f4f465eb47f298a50065e54,14,f
val_roc_auc_mood/theme---adventure,0.5834572695474951,1780316374096,906cef2b2f4f465eb47f298a50065e54,14,f
val_pr_auc_mood/theme---advertising,0.18956148287238916,1780316374096,906cef2b2f4f465eb47f298a50065e54,14,f
val_roc_auc_mood/theme---advertising,0.8009510781056609,1780316374096,906cef2b2f4f465eb47f298a50065e54,14,f
val_roc_auc_mood/theme---space,0.7607766055830486,1780316374096,906cef2b2f4f465eb47f298a50065e54,14,f
val_pr_auc_mood/theme---sport,0.044484251176523854,1780316374096,906cef2b2f4f465eb47f298a50065e54,14,f
val_roc_auc_mood/theme---sport,0.86537977515521,1780316374096,906cef2b2f4f465eb47f298a50065e54,14,f
val_pr_auc_mood/theme---summer,0.24939739923506096,1780316374096,906cef2b2f4f465eb47f298a50065e54,14,f
val_roc_auc_mood/theme---summer,0.842111808967104,1780316374096,906cef2b2f4f465eb47f298a50065e54,14,f
val_pr_auc_mood/theme---trailer,0.16008988882094888,1780316374096,906cef2b2f4f465eb47f298a50065e54,14,f
val_roc_auc_mood/theme---trailer,0.9025088618012012,1780316374096,906cef2b2f4f465eb47f298a50065e54,14,f
val_pr_auc_mood/theme---travel,0.020525775031991406,1780316374096,906cef2b2f4f465eb47f298a50065e54,14,f
val_roc_auc_mood/theme---travel,0.6032235436140883,1780316374096,906cef2b2f4f465eb47f298a50065e54,14,f
val_pr_auc_mood/theme---upbeat,0.04256258991564081,1780316374096,906cef2b2f4f465eb47f298a50065e54,14,f
avg_train_loss,0.0438244512244949,1780316149699,906cef2b2f4f465eb47f298a50065e54,14,f
train_loss,0.0438244512244949,1780316151247,906cef2b2f4f465eb47f298a50065e54,14,f
val_macro_roc_auc,0.7238315910288774,1780316374096,906cef2b2f4f465eb47f298a50065e54,14,f
val_pr_auc_mood/theme---background,0.01579371170479985,1780316374096,906cef2b2f4f465eb47f298a50065e54,14,f
val_roc_auc_mood/theme---background,0.6061173740053051,1780316374096,906cef2b2f4f465eb47f298a50065e54,14,f
val_pr_auc_mood/theme---ballad,0.09547727226818827,1780316374096,906cef2b2f4f465eb47f298a50065e54,14,f
val_roc_auc_mood/theme---ballad,0.8164097038019452,1780316374096,906cef2b2f4f465eb47f298a50065e54,14,f
val_pr_auc_mood/theme---calm,0.03473808057281092,1780316374096,906cef2b2f4f465eb47f298a50065e54,14,f
val_roc_auc_mood/theme---calm,0.573800287057453,1780316374096,906cef2b2f4f465eb47f298a50065e54,14,f
val_pr_auc_mood/theme---children,0.0832061045599601,1780316374096,906cef2b2f4f465eb47f298a50065e54,14,f
val_roc_auc_mood/theme---children,0.7163620267547692,1780316374096,906cef2b2f4f465eb47f298a50065e54,14,f
val_pr_auc_mood/theme---christmas,0.09508052448669525,1780316374096,906cef2b2f4f465eb47f298a50065e54,14,f
val_roc_auc_mood/theme---christmas,0.7877675153694468,1780316374096,906cef2b2f4f465eb47f298a50065e54,14,f
val_pr_auc_mood/theme---commercial,0.0787900931427726,1780316374096,906cef2b2f4f465eb47f298a50065e54,14,f
val_roc_auc_mood/theme---commercial,0.7629038432093094,1780316374096,906cef2b2f4f465eb47f298a50065e54,14,f
val_pr_auc_mood/theme---cool,0.023451514479019678,1780316374096,906cef2b2f4f465eb47f298a50065e54,14,f
val_roc_auc_mood/theme---cool,0.7488369551642312,1780316374096,906cef2b2f4f465eb47f298a50065e54,14,f
val_pr_auc_mood/theme---corporate,0.1688509966206277,1780316374096,906cef2b2f4f465eb47f298a50065e54,14,f
val_roc_auc_mood/theme---corporate,0.8395604446162057,1780316374096,906cef2b2f4f465eb47f298a50065e54,14,f
val_pr_auc_mood/theme---dark,0.10011787832628821,1780316374096,906cef2b2f4f465eb47f298a50065e54,14,f
val_roc_auc_mood/theme---dark,0.6634080938197433,1780316374096,906cef2b2f4f465eb47f298a50065e54,14,f
val_pr_auc_mood/theme---deep,0.1963665778737252,1780316374096,906cef2b2f4f465eb47f298a50065e54,14,f
val_roc_auc_mood/theme---deep,0.8066985794539108,1780316374096,906cef2b2f4f465eb47f298a50065e54,14,f
val_pr_auc_mood/theme---documentary,0.04963309415328369,1780316374096,906cef2b2f4f465eb47f298a50065e54,14,f
val_roc_auc_mood/theme---documentary,0.6682864953139882,1780316374096,906cef2b2f4f465eb47f298a50065e54,14,f
val_pr_auc_mood/theme---drama,0.06858566818485184,1780316374096,906cef2b2f4f465eb47f298a50065e54,14,f
val_roc_auc_mood/theme---drama,0.7293612308429118,1780316374096,906cef2b2f4f465eb47f298a50065e54,14,f
val_pr_auc_mood/theme---dramatic,0.019917540209004617,1780316374096,906cef2b2f4f465eb47f298a50065e54,14,f
val_roc_auc_mood/theme---dramatic,0.6542634569751468,1780316374096,906cef2b2f4f465eb47f298a50065e54,14,f
val_pr_auc_mood/theme---dream,0.09828262256433218,1780316374096,906cef2b2f4f465eb47f298a50065e54,14,f
val_roc_auc_mood/theme---dream,0.6318692763029705,1780316374096,906cef2b2f4f465eb47f298a50065e54,14,f
val_pr_auc_mood/theme---emotional,0.17041647774138788,1780316374096,906cef2b2f4f465eb47f298a50065e54,14,f
val_roc_auc_mood/theme---emotional,0.6711582165522232,1780316374096,906cef2b2f4f465eb47f298a50065e54,14,f
val_pr_auc_mood/theme---energetic,0.18358690730254573,1780316374096,906cef2b2f4f465eb47f298a50065e54,14,f
val_roc_auc_mood/theme---upbeat,0.576573982330113,1780316374096,906cef2b2f4f465eb47f298a50065e54,14,f
val_roc_auc_mood/theme---energetic,0.7648263480110683,1780316374096,906cef2b2f4f465eb47f298a50065e54,14,f
val_pr_auc_mood/theme---epic,0.3921190635611797,1780316374096,906cef2b2f4f465eb47f298a50065e54,14,f
val_roc_auc_mood/theme---epic,0.8900723999044552,1780316374096,906cef2b2f4f465eb47f298a50065e54,14,f
val_pr_auc_mood/theme---fast,0.056706256467978354,1780316374096,906cef2b2f4f465eb47f298a50065e54,14,f
val_roc_auc_mood/theme---fast,0.8793900749674054,1780316374096,906cef2b2f4f465eb47f298a50065e54,14,f
val_pr_auc_mood/theme---film,0.12225097629626812,1780316374096,906cef2b2f4f465eb47f298a50065e54,14,f
val_roc_auc_mood/theme---film,0.6832516031686157,1780316374096,906cef2b2f4f465eb47f298a50065e54,14,f
val_pr_auc_mood/theme---fun,0.09801858565292867,1780316374096,906cef2b2f4f465eb47f298a50065e54,14,f
val_roc_auc_mood/theme---fun,0.7050643116544996,1780316374096,906cef2b2f4f465eb47f298a50065e54,14,f
val_pr_auc_mood/theme---funny,0.016999088322692448,1780316374096,906cef2b2f4f465eb47f298a50065e54,14,f
val_roc_auc_mood/theme---funny,0.7753949169897719,1780316374096,906cef2b2f4f465eb47f298a50065e54,14,f
val_pr_auc_mood/theme---game,0.04700619207079987,1780316374096,906cef2b2f4f465eb47f298a50065e54,14,f
val_roc_auc_mood/theme---game,0.5643843709256844,1780316374096,906cef2b2f4f465eb47f298a50065e54,14,f
val_pr_auc_mood/theme---groovy,0.05973204531087585,1780316374096,906cef2b2f4f465eb47f298a50065e54,14,f
stdev_train_loss,0.0043608684650796375,1780316150809,906cef2b2f4f465eb47f298a50065e54,14,f
val_roc_auc_mood/theme---groovy,0.8275395835749914,1780316374096,906cef2b2f4f465eb47f298a50065e54,14,f
val_pr_auc_mood/theme---happy,0.286061064446605,1780316374096,906cef2b2f4f465eb47f298a50065e54,14,f
val_roc_auc_mood/theme---happy,0.7714094948829973,1780316374096,906cef2b2f4f465eb47f298a50065e54,14,f
val_pr_auc_mood/theme---heavy,0.13405158693677244,1780316374096,906cef2b2f4f465eb47f298a50065e54,14,f
val_roc_auc_mood/theme---heavy,0.9090748289474743,1780316374096,906cef2b2f4f465eb47f298a50065e54,14,f
val_pr_auc_mood/theme---holiday,0.016695207493888836,1780316374096,906cef2b2f4f465eb47f298a50065e54,14,f
val_roc_auc_mood/theme---holiday,0.5770829382987599,1780316374096,906cef2b2f4f465eb47f298a50065e54,14,f
val_pr_auc_mood/theme---hopeful,0.020112352800200746,1780316374096,906cef2b2f4f465eb47f298a50065e54,14,f
val_roc_auc_mood/theme---hopeful,0.7146913908066325,1780316374096,906cef2b2f4f465eb47f298a50065e54,14,f
val_pr_auc_mood/theme---inspiring,0.08963608276417595,1780316374096,906cef2b2f4f465eb47f298a50065e54,14,f
val_roc_auc_mood/theme---inspiring,0.6454592679952504,1780316374096,906cef2b2f4f465eb47f298a50065e54,14,f
val_pr_auc_mood/theme---love,0.11370065691719902,1780316374096,906cef2b2f4f465eb47f298a50065e54,14,f
val_roc_auc_mood/theme---love,0.6961528354443685,1780316374096,906cef2b2f4f465eb47f298a50065e54,14,f
val_pr_auc_mood/theme---meditative,0.1537020823999613,1780316374096,906cef2b2f4f465eb47f298a50065e54,14,f
val_roc_auc_mood/theme---meditative,0.7981784405007838,1780316374096,906cef2b2f4f465eb47f298a50065e54,14,f
val_pr_auc_mood/theme---melancholic,0.08086482944135187,1780316374096,906cef2b2f4f465eb47f298a50065e54,14,f
val_roc_auc_mood/theme---melancholic,0.7219276984923152,1780316374096,906cef2b2f4f465eb47f298a50065e54,14,f
val_pr_auc_mood/theme---melodic,0.12211911924605018,1780316374096,906cef2b2f4f465eb47f298a50065e54,14,f
val_roc_auc_mood/theme---melodic,0.5805674077637942,1780316374096,906cef2b2f4f465eb47f298a50065e54,14,f
val_pr_auc_mood/theme---motivational,0.21897104527625244,1780316374096,906cef2b2f4f465eb47f298a50065e54,14,f
val_roc_auc_mood/theme---motivational,0.8222091047312405,1780316374096,906cef2b2f4f465eb47f298a50065e54,14,f
val_pr_auc_mood/theme---movie,0.12455577914120662,1780316374096,906cef2b2f4f465eb47f298a50065e54,14,f
val_roc_auc_mood/theme---movie,0.7893090436288704,1780316374096,906cef2b2f4f465eb47f298a50065e54,14,f
val_pr_auc_mood/theme---nature,0.030149297733918414,1780316374096,906cef2b2f4f465eb47f298a50065e54,14,f
val_roc_auc_mood/theme---nature,0.706938926740907,1780316374096,906cef2b2f4f465eb47f298a50065e54,14,f
val_pr_auc_mood/theme---party,0.09818469002660847,1780316374096,906cef2b2f4f465eb47f298a50065e54,14,f
val_roc_auc_mood/theme---party,0.8212396577781194,1780316374096,906cef2b2f4f465eb47f298a50065e54,14,f
val_pr_auc_mood/theme---positive,0.049999311697192246,1780316374096,906cef2b2f4f465eb47f298a50065e54,14,f
val_roc_auc_mood/theme---positive,0.7219769930444089,1780316374096,906cef2b2f4f465eb47f298a50065e54,14,f
val_pr_auc_mood/theme---powerful,0.02258972798790395,1780316374096,906cef2b2f4f465eb47f298a50065e54,14,f
val_roc_auc_mood/theme---powerful,0.675094200640281,1780316374096,906cef2b2f4f465eb47f298a50065e54,14,f
val_pr_auc_mood/theme---relaxing,0.26769602433997824,1780316374096,906cef2b2f4f465eb47f298a50065e54,14,f
val_roc_auc_mood/theme---relaxing,0.7634085693987376,1780316374096,906cef2b2f4f465eb47f298a50065e54,14,f
val_pr_auc_mood/theme---retro,0.011155518239776948,1780316374096,906cef2b2f4f465eb47f298a50065e54,14,f
val_roc_auc_mood/theme---retro,0.5172599399485087,1780316374096,906cef2b2f4f465eb47f298a50065e54,14,f
val_pr_auc_mood/theme---romantic,0.07784281642298173,1780316374096,906cef2b2f4f465eb47f298a50065e54,14,f
val_roc_auc_mood/theme---romantic,0.6680629934301331,1780316374096,906cef2b2f4f465eb47f298a50065e54,14,f
val_pr_auc_mood/theme---sad,0.08803673966525971,1780316374096,906cef2b2f4f465eb47f298a50065e54,14,f
val_roc_auc_mood/theme---sad,0.7304875438547511,1780316374096,906cef2b2f4f465eb47f298a50065e54,14,f
val_pr_auc_mood/theme---sexy,0.027033470832663217,1780316374096,906cef2b2f4f465eb47f298a50065e54,14,f
val_roc_auc_mood/theme---sexy,0.733986576217652,1780316374096,906cef2b2f4f465eb47f298a50065e54,14,f
val_pr_auc_mood/theme---slow,0.026619633615888975,1780316374096,906cef2b2f4f465eb47f298a50065e54,14,f
val_roc_auc_mood/theme---slow,0.7146761148884986,1780316374096,906cef2b2f4f465eb47f298a50065e54,14,f
val_pr_auc_mood/theme---soft,0.05226147950709804,1780316374096,906cef2b2f4f465eb47f298a50065e54,14,f
val_roc_auc_mood/theme---soft,0.671011669842134,1780316374096,906cef2b2f4f465eb47f298a50065e54,14,f
val_pr_auc_mood/theme---groovy,0.06790740780279515,1780317321423,906cef2b2f4f465eb47f298a50065e54,15,f
stdev_train_loss,0.0043021882911413655,1780317098522,906cef2b2f4f465eb47f298a50065e54,15,f
avg_train_loss,0.043550477586496314,1780317097419,906cef2b2f4f465eb47f298a50065e54,15,f
train_loss,0.043550477586496314,1780317098959,906cef2b2f4f465eb47f298a50065e54,15,f
val_loss_avg,0.05434640765368349,1780317321423,906cef2b2f4f465eb47f298a50065e54,15,f
val_loss_std,0.027786813381734606,1780317321423,906cef2b2f4f465eb47f298a50065e54,15,f
val_pr_auc_mood/theme---action,0.11503852058479866,1780317321423,906cef2b2f4f465eb47f298a50065e54,15,f
val_roc_auc_mood/theme---action,0.7345124584516097,1780317321423,906cef2b2f4f465eb47f298a50065e54,15,f
val_pr_auc_mood/theme---adventure,0.033086094273354,1780317321423,906cef2b2f4f465eb47f298a50065e54,15,f
val_roc_auc_mood/theme---adventure,0.6035969043487841,1780317321423,906cef2b2f4f465eb47f298a50065e54,15,f
val_pr_auc_mood/theme---advertising,0.17236364580937025,1780317321423,906cef2b2f4f465eb47f298a50065e54,15,f
val_roc_auc_mood/theme---advertising,0.7848869780470328,1780317321423,906cef2b2f4f465eb47f298a50065e54,15,f
val_pr_auc_mood/theme---background,0.015789788399032605,1780317321423,906cef2b2f4f465eb47f298a50065e54,15,f
val_roc_auc_mood/theme---background,0.6196783819628647,1780317321423,906cef2b2f4f465eb47f298a50065e54,15,f
val_pr_auc_mood/theme---ballad,0.08758020308560949,1780317321423,906cef2b2f4f465eb47f298a50065e54,15,f
val_roc_auc_mood/theme---ballad,0.7870109416445623,1780317321423,906cef2b2f4f465eb47f298a50065e54,15,f
val_pr_auc_mood/theme---calm,0.04901693520248676,1780317321423,906cef2b2f4f465eb47f298a50065e54,15,f
val_roc_auc_mood/theme---calm,0.6011591504763489,1780317321423,906cef2b2f4f465eb47f298a50065e54,15,f
val_pr_auc_mood/theme---children,0.08872091671228566,1780317321423,906cef2b2f4f465eb47f298a50065e54,15,f
val_roc_auc_mood/theme---children,0.7235424172384133,1780317321423,906cef2b2f4f465eb47f298a50065e54,15,f
val_pr_auc_mood/theme---christmas,0.08910235485408727,1780317321423,906cef2b2f4f465eb47f298a50065e54,15,f
val_roc_auc_mood/theme---christmas,0.808432896415729,1780317321423,906cef2b2f4f465eb47f298a50065e54,15,f
val_pr_auc_mood/theme---commercial,0.08631207099770906,1780317321423,906cef2b2f4f465eb47f298a50065e54,15,f
val_roc_auc_mood/theme---commercial,0.7623105190629306,1780317321423,906cef2b2f4f465eb47f298a50065e54,15,f
val_pr_auc_mood/theme---cool,0.01816595258069407,1780317321423,906cef2b2f4f465eb47f298a50065e54,15,f
val_roc_auc_mood/theme---cool,0.6995909828899712,1780317321423,906cef2b2f4f465eb47f298a50065e54,15,f
val_pr_auc_mood/theme---corporate,0.19363413044958036,1780317321423,906cef2b2f4f465eb47f298a50065e54,15,f
val_roc_auc_mood/theme---corporate,0.8331907101713318,1780317321423,906cef2b2f4f465eb47f298a50065e54,15,f
val_pr_auc_mood/theme---dark,0.11166134404952109,1780317321423,906cef2b2f4f465eb47f298a50065e54,15,f
val_roc_auc_mood/theme---dark,0.6553913742376358,1780317321423,906cef2b2f4f465eb47f298a50065e54,15,f
val_pr_auc_mood/theme---deep,0.16082110196221613,1780317321423,906cef2b2f4f465eb47f298a50065e54,15,f
val_roc_auc_mood/theme---deep,0.8113418511746002,1780317321423,906cef2b2f4f465eb47f298a50065e54,15,f
val_pr_auc_mood/theme---documentary,0.04821127267590545,1780317321423,906cef2b2f4f465eb47f298a50065e54,15,f
val_roc_auc_mood/theme---documentary,0.6541080224610346,1780317321423,906cef2b2f4f465eb47f298a50065e54,15,f
val_pr_auc_mood/theme---drama,0.06321858015379345,1780317321423,906cef2b2f4f465eb47f298a50065e54,15,f
val_roc_auc_mood/theme---drama,0.700209530651341,1780317321423,906cef2b2f4f465eb47f298a50065e54,15,f
val_pr_auc_mood/theme---dramatic,0.02724757863541464,1780317321423,906cef2b2f4f465eb47f298a50065e54,15,f
val_roc_auc_mood/theme---dramatic,0.7162248657424753,1780317321423,906cef2b2f4f465eb47f298a50065e54,15,f
val_pr_auc_mood/theme---dream,0.08074957700692072,1780317321423,906cef2b2f4f465eb47f298a50065e54,15,f
val_roc_auc_mood/theme---dream,0.6322925695242317,1780317321423,906cef2b2f4f465eb47f298a50065e54,15,f
val_pr_auc_mood/theme---emotional,0.15100061515145813,1780317321423,906cef2b2f4f465eb47f298a50065e54,15,f
val_roc_auc_mood/theme---emotional,0.6613042894951885,1780317321423,906cef2b2f4f465eb47f298a50065e54,15,f
val_pr_auc_mood/theme---energetic,0.18644052820483262,1780317321423,906cef2b2f4f465eb47f298a50065e54,15,f
val_roc_auc_mood/theme---energetic,0.7657589134860633,1780317321423,906cef2b2f4f465eb47f298a50065e54,15,f
val_pr_auc_mood/theme---epic,0.4121803527329247,1780317321423,906cef2b2f4f465eb47f298a50065e54,15,f
val_roc_auc_mood/theme---epic,0.8925335024586315,1780317321423,906cef2b2f4f465eb47f298a50065e54,15,f
val_pr_auc_mood/theme---fast,0.08089705517479653,1780317321423,906cef2b2f4f465eb47f298a50065e54,15,f
val_roc_auc_mood/theme---fast,0.8755805899608866,1780317321423,906cef2b2f4f465eb47f298a50065e54,15,f
val_pr_auc_mood/theme---film,0.15265511185231637,1780317321423,906cef2b2f4f465eb47f298a50065e54,15,f
val_roc_auc_mood/theme---film,0.7128209110879358,1780317321423,906cef2b2f4f465eb47f298a50065e54,15,f
val_pr_auc_mood/theme---fun,0.08450918181603173,1780317321423,906cef2b2f4f465eb47f298a50065e54,15,f
val_roc_auc_mood/theme---fun,0.6392289997855046,1780317321423,906cef2b2f4f465eb47f298a50065e54,15,f
val_pr_auc_mood/theme---funny,0.015580444123086916,1780317321423,906cef2b2f4f465eb47f298a50065e54,15,f
val_roc_auc_mood/theme---funny,0.767283730455492,1780317321423,906cef2b2f4f465eb47f298a50065e54,15,f
val_pr_auc_mood/theme---game,0.05115982628268075,1780317321423,906cef2b2f4f465eb47f298a50065e54,15,f
val_roc_auc_mood/theme---game,0.6395656779661016,1780317321423,906cef2b2f4f465eb47f298a50065e54,15,f
val_roc_auc_mood/theme---groovy,0.8327956443568031,1780317321423,906cef2b2f4f465eb47f298a50065e54,15,f
val_pr_auc_mood/theme---happy,0.2860035746847448,1780317321423,906cef2b2f4f465eb47f298a50065e54,15,f
val_roc_auc_mood/theme---happy,0.7609263720150817,1780317321423,906cef2b2f4f465eb47f298a50065e54,15,f
val_pr_auc_mood/theme---heavy,0.1199497508598009,1780317321423,906cef2b2f4f465eb47f298a50065e54,15,f
val_roc_auc_mood/theme---heavy,0.9170666602346093,1780317321423,906cef2b2f4f465eb47f298a50065e54,15,f
val_pr_auc_mood/theme---holiday,0.016585634009243698,1780317321423,906cef2b2f4f465eb47f298a50065e54,15,f
val_roc_auc_mood/theme---holiday,0.6351397474306951,1780317321423,906cef2b2f4f465eb47f298a50065e54,15,f
val_pr_auc_mood/theme---hopeful,0.015441227708164942,1780317321423,906cef2b2f4f465eb47f298a50065e54,15,f
val_roc_auc_mood/theme---hopeful,0.6807547058476426,1780317321423,906cef2b2f4f465eb47f298a50065e54,15,f
val_pr_auc_mood/theme---inspiring,0.09440464374927132,1780317321423,906cef2b2f4f465eb47f298a50065e54,15,f
val_roc_auc_mood/theme---inspiring,0.6559471374474504,1780317321423,906cef2b2f4f465eb47f298a50065e54,15,f
val_pr_auc_mood/theme---love,0.1164805034390593,1780317321423,906cef2b2f4f465eb47f298a50065e54,15,f
val_roc_auc_mood/theme---love,0.6743942818100593,1780317321423,906cef2b2f4f465eb47f298a50065e54,15,f
val_pr_auc_mood/theme---meditative,0.11265446677543205,1780317321423,906cef2b2f4f465eb47f298a50065e54,15,f
val_roc_auc_mood/theme---meditative,0.7728475386428888,1780317321423,906cef2b2f4f465eb47f298a50065e54,15,f
val_pr_auc_mood/theme---melancholic,0.07207316263673814,1780317321423,906cef2b2f4f465eb47f298a50065e54,15,f
val_roc_auc_mood/theme---melancholic,0.7076514336064593,1780317321423,906cef2b2f4f465eb47f298a50065e54,15,f
val_pr_auc_mood/theme---melodic,0.13006705678269243,1780317321423,906cef2b2f4f465eb47f298a50065e54,15,f
val_roc_auc_mood/theme---melodic,0.6066524651186346,1780317321423,906cef2b2f4f465eb47f298a50065e54,15,f
val_pr_auc_mood/theme---motivational,0.23612661805418048,1780317321423,906cef2b2f4f465eb47f298a50065e54,15,f
val_roc_auc_mood/theme---motivational,0.7989231732403185,1780317321423,906cef2b2f4f465eb47f298a50065e54,15,f
val_pr_auc_mood/theme---movie,0.10576491445650875,1780317321423,906cef2b2f4f465eb47f298a50065e54,15,f
val_roc_auc_mood/theme---movie,0.8105417445310983,1780317321423,906cef2b2f4f465eb47f298a50065e54,15,f
val_pr_auc_mood/theme---nature,0.033044779853184575,1780317321423,906cef2b2f4f465eb47f298a50065e54,15,f
val_roc_auc_mood/theme---nature,0.7205409522241206,1780317321423,906cef2b2f4f465eb47f298a50065e54,15,f
val_pr_auc_mood/theme---party,0.09167800524883447,1780317321423,906cef2b2f4f465eb47f298a50065e54,15,f
val_roc_auc_mood/theme---party,0.830403570788186,1780317321423,906cef2b2f4f465eb47f298a50065e54,15,f
val_pr_auc_mood/theme---positive,0.05058937809902933,1780317321423,906cef2b2f4f465eb47f298a50065e54,15,f
val_roc_auc_mood/theme---positive,0.7064188737292669,1780317321423,906cef2b2f4f465eb47f298a50065e54,15,f
val_pr_auc_mood/theme---powerful,0.021060175773260314,1780317321423,906cef2b2f4f465eb47f298a50065e54,15,f
val_roc_auc_mood/theme---powerful,0.6952375555996261,1780317321423,906cef2b2f4f465eb47f298a50065e54,15,f
val_pr_auc_mood/theme---relaxing,0.1351265134628287,1780317321423,906cef2b2f4f465eb47f298a50065e54,15,f
val_roc_auc_mood/theme---relaxing,0.7221085220359468,1780317321423,906cef2b2f4f465eb47f298a50065e54,15,f
val_pr_auc_mood/theme---retro,0.010987826883893416,1780317321423,906cef2b2f4f465eb47f298a50065e54,15,f
val_roc_auc_mood/theme---retro,0.5000551228591255,1780317321423,906cef2b2f4f465eb47f298a50065e54,15,f
val_pr_auc_mood/theme---romantic,0.07446586885360443,1780317321423,906cef2b2f4f465eb47f298a50065e54,15,f
val_roc_auc_mood/theme---romantic,0.6735378825521265,1780317321423,906cef2b2f4f465eb47f298a50065e54,15,f
val_pr_auc_mood/theme---sad,0.08151252118115458,1780317321423,906cef2b2f4f465eb47f298a50065e54,15,f
val_roc_auc_mood/theme---sad,0.7126069032264069,1780317321423,906cef2b2f4f465eb47f298a50065e54,15,f
val_pr_auc_mood/theme---sexy,0.048752859842539874,1780317321423,906cef2b2f4f465eb47f298a50065e54,15,f
val_roc_auc_mood/theme---sexy,0.7395140160080399,1780317321423,906cef2b2f4f465eb47f298a50065e54,15,f
val_pr_auc_mood/theme---slow,0.031083040265488495,1780317321423,906cef2b2f4f465eb47f298a50065e54,15,f
val_roc_auc_mood/theme---slow,0.7093816212625254,1780317321423,906cef2b2f4f465eb47f298a50065e54,15,f
val_pr_auc_mood/theme---soft,0.05033635994157822,1780317321423,906cef2b2f4f465eb47f298a50065e54,15,f
val_roc_auc_mood/theme---soft,0.672534192977681,1780317321423,906cef2b2f4f465eb47f298a50065e54,15,f
val_pr_auc_mood/theme---soundscape,0.028718748392440964,1780317321423,906cef2b2f4f465eb47f298a50065e54,15,f
val_roc_auc_mood/theme---soundscape,0.7360963592376232,1780317321423,906cef2b2f4f465eb47f298a50065e54,15,f
val_pr_auc_mood/theme---space,0.049589525690237786,1780317321423,906cef2b2f4f465eb47f298a50065e54,15,f
val_roc_auc_mood/theme---space,0.7466493881491402,1780317321423,906cef2b2f4f465eb47f298a50065e54,15,f
val_pr_auc_mood/theme---sport,0.07138700024044682,1780317321423,906cef2b2f4f465eb47f298a50065e54,15,f
val_roc_auc_mood/theme---sport,0.847873203199284,1780317321423,906cef2b2f4f465eb47f298a50065e54,15,f
val_pr_auc_mood/theme---summer,0.18648541283393108,1780317321423,906cef2b2f4f465eb47f298a50065e54,15,f
val_roc_auc_mood/theme---summer,0.8367698052419152,1780317321423,906cef2b2f4f465eb47f298a50065e54,15,f
val_pr_auc_mood/theme---trailer,0.22067621805424323,1780317321423,906cef2b2f4f465eb47f298a50065e54,15,f
val_roc_auc_mood/theme---trailer,0.9300285767135646,1780317321423,906cef2b2f4f465eb47f298a50065e54,15,f
val_pr_auc_mood/theme---travel,0.02246689947247745,1780317321423,906cef2b2f4f465eb47f298a50065e54,15,f
val_roc_auc_mood/theme---travel,0.6453993267970657,1780317321423,906cef2b2f4f465eb47f298a50065e54,15,f
val_pr_auc_mood/theme---upbeat,0.04461230429431599,1780317321423,906cef2b2f4f465eb47f298a50065e54,15,f
val_roc_auc_mood/theme---upbeat,0.5864307241350837,1780317321423,906cef2b2f4f465eb47f298a50065e54,15,f
val_pr_auc_mood/theme---uplifting,0.06393595409786647,1780317321423,906cef2b2f4f465eb47f298a50065e54,15,f
val_roc_auc_mood/theme---uplifting,0.6247905852222398,1780317321423,906cef2b2f4f465eb47f298a50065e54,15,f
val_macro_pr_auc,0.09401984886090885,1780317321423,906cef2b2f4f465eb47f298a50065e54,15,f
val_macro_roc_auc,0.724492415275668,1780317321423,906cef2b2f4f465eb47f298a50065e54,15,f
stdev_train_loss,0.004487213300503878,1780318046629,906cef2b2f4f465eb47f298a50065e54,16,f
val_loss_avg,0.05499132953054727,1780318267054,906cef2b2f4f465eb47f298a50065e54,16,f
val_pr_auc_mood/theme---action,0.13585626105585313,1780318267054,906cef2b2f4f465eb47f298a50065e54,16,f
val_loss_std,0.02911534253675552,1780318267054,906cef2b2f4f465eb47f298a50065e54,16,f
train_loss,0.04337997407744324,1780318047082,906cef2b2f4f465eb47f298a50065e54,16,f
val_roc_auc_mood/theme---action,0.6699711284178858,1780318267054,906cef2b2f4f465eb47f298a50065e54,16,f
val_pr_auc_mood/theme---adventure,0.02727212704341439,1780318267054,906cef2b2f4f465eb47f298a50065e54,16,f
val_roc_auc_mood/theme---adventure,0.5546007876834944,1780318267054,906cef2b2f4f465eb47f298a50065e54,16,f
val_pr_auc_mood/theme---advertising,0.1740204463730953,1780318267054,906cef2b2f4f465eb47f298a50065e54,16,f
val_roc_auc_mood/theme---advertising,0.7655266757865937,1780318267054,906cef2b2f4f465eb47f298a50065e54,16,f
val_pr_auc_mood/theme---background,0.014245529522815874,1780318267054,906cef2b2f4f465eb47f298a50065e54,16,f
val_roc_auc_mood/theme---background,0.5400613395225464,1780318267054,906cef2b2f4f465eb47f298a50065e54,16,f
val_pr_auc_mood/theme---ballad,0.08931599545217082,1780318267054,906cef2b2f4f465eb47f298a50065e54,16,f
val_roc_auc_mood/theme---ballad,0.792606100795756,1780318267054,906cef2b2f4f465eb47f298a50065e54,16,f
val_pr_auc_mood/theme---calm,0.05579446207721596,1780318267054,906cef2b2f4f465eb47f298a50065e54,16,f
val_roc_auc_mood/theme---calm,0.661261804717727,1780318267054,906cef2b2f4f465eb47f298a50065e54,16,f
val_pr_auc_mood/theme---children,0.08537182225174915,1780318267054,906cef2b2f4f465eb47f298a50065e54,16,f
val_roc_auc_mood/theme---children,0.710338438932456,1780318267054,906cef2b2f4f465eb47f298a50065e54,16,f
val_pr_auc_mood/theme---christmas,0.07424926404093396,1780318267054,906cef2b2f4f465eb47f298a50065e54,16,f
val_roc_auc_mood/theme---christmas,0.7708466245215173,1780318267054,906cef2b2f4f465eb47f298a50065e54,16,f
val_pr_auc_mood/theme---commercial,0.08436032202807715,1780318267054,906cef2b2f4f465eb47f298a50065e54,16,f
val_roc_auc_mood/theme---commercial,0.7260182207931404,1780318267054,906cef2b2f4f465eb47f298a50065e54,16,f
val_pr_auc_mood/theme---cool,0.01632759189913199,1780318267054,906cef2b2f4f465eb47f298a50065e54,16,f
val_roc_auc_mood/theme---cool,0.6635834270013737,1780318267054,906cef2b2f4f465eb47f298a50065e54,16,f
val_pr_auc_mood/theme---corporate,0.17183649602994697,1780318267054,906cef2b2f4f465eb47f298a50065e54,16,f
val_roc_auc_mood/theme---corporate,0.8392153885791053,1780318267054,906cef2b2f4f465eb47f298a50065e54,16,f
val_pr_auc_mood/theme---dark,0.10492694404996353,1780318267054,906cef2b2f4f465eb47f298a50065e54,16,f
val_roc_auc_mood/theme---dark,0.6685323450935324,1780318267054,906cef2b2f4f465eb47f298a50065e54,16,f
val_pr_auc_mood/theme---deep,0.18103916974918866,1780318267054,906cef2b2f4f465eb47f298a50065e54,16,f
val_roc_auc_mood/theme---deep,0.8160860635848697,1780318267054,906cef2b2f4f465eb47f298a50065e54,16,f
val_pr_auc_mood/theme---documentary,0.04305554653167919,1780318267054,906cef2b2f4f465eb47f298a50065e54,16,f
val_roc_auc_mood/theme---documentary,0.6374766030889447,1780318267054,906cef2b2f4f465eb47f298a50065e54,16,f
val_pr_auc_mood/theme---drama,0.08546766786288738,1780318267054,906cef2b2f4f465eb47f298a50065e54,16,f
val_roc_auc_mood/theme---drama,0.7358207614942529,1780318267054,906cef2b2f4f465eb47f298a50065e54,16,f
val_pr_auc_mood/theme---dramatic,0.027073090359584127,1780318267054,906cef2b2f4f465eb47f298a50065e54,16,f
val_roc_auc_mood/theme---dramatic,0.6928859123267141,1780318267054,906cef2b2f4f465eb47f298a50065e54,16,f
val_pr_auc_mood/theme---dream,0.1178932282066804,1780318267054,906cef2b2f4f465eb47f298a50065e54,16,f
val_roc_auc_mood/theme---dream,0.6692212076622791,1780318267054,906cef2b2f4f465eb47f298a50065e54,16,f
val_pr_auc_mood/theme---emotional,0.15900764029298364,1780318267054,906cef2b2f4f465eb47f298a50065e54,16,f
val_roc_auc_mood/theme---emotional,0.6676712484703606,1780318267054,906cef2b2f4f465eb47f298a50065e54,16,f
val_pr_auc_mood/theme---energetic,0.18830873000221157,1780318267054,906cef2b2f4f465eb47f298a50065e54,16,f
val_roc_auc_mood/theme---energetic,0.761763492737293,1780318267054,906cef2b2f4f465eb47f298a50065e54,16,f
val_pr_auc_mood/theme---epic,0.4034086981020188,1780318267054,906cef2b2f4f465eb47f298a50065e54,16,f
val_roc_auc_mood/theme---epic,0.9027007882446937,1780318267054,906cef2b2f4f465eb47f298a50065e54,16,f
val_pr_auc_mood/theme---fast,0.08258176749690463,1780318267054,906cef2b2f4f465eb47f298a50065e54,16,f
val_roc_auc_mood/theme---fast,0.8735841753585397,1780318267054,906cef2b2f4f465eb47f298a50065e54,16,f
val_pr_auc_mood/theme---film,0.1532382300322478,1780318267054,906cef2b2f4f465eb47f298a50065e54,16,f
val_roc_auc_mood/theme---film,0.7102292142809594,1780318267054,906cef2b2f4f465eb47f298a50065e54,16,f
val_pr_auc_mood/theme---fun,0.0876496257491397,1780318267054,906cef2b2f4f465eb47f298a50065e54,16,f
val_roc_auc_mood/theme---fun,0.6601815075332284,1780318267054,906cef2b2f4f465eb47f298a50065e54,16,f
val_pr_auc_mood/theme---funny,0.014826609253201239,1780318267054,906cef2b2f4f465eb47f298a50065e54,16,f
val_roc_auc_mood/theme---funny,0.7665013748748807,1780318267054,906cef2b2f4f465eb47f298a50065e54,16,f
val_pr_auc_mood/theme---game,0.048513042997905154,1780318267054,906cef2b2f4f465eb47f298a50065e54,16,f
val_roc_auc_mood/theme---game,0.6265482398956975,1780318267054,906cef2b2f4f465eb47f298a50065e54,16,f
val_pr_auc_mood/theme---groovy,0.07185073052377403,1780318267054,906cef2b2f4f465eb47f298a50065e54,16,f
val_roc_auc_mood/theme---groovy,0.8250891717898157,1780318267054,906cef2b2f4f465eb47f298a50065e54,16,f
val_pr_auc_mood/theme---happy,0.2899402314106373,1780318267054,906cef2b2f4f465eb47f298a50065e54,16,f
val_roc_auc_mood/theme---happy,0.7563973756658089,1780318267054,906cef2b2f4f465eb47f298a50065e54,16,f
val_pr_auc_mood/theme---heavy,0.12743961511669433,1780318267054,906cef2b2f4f465eb47f298a50065e54,16,f
avg_train_loss,0.04337997407744324,1780318046116,906cef2b2f4f465eb47f298a50065e54,16,f
val_roc_auc_mood/theme---heavy,0.9350925010251092,1780318267054,906cef2b2f4f465eb47f298a50065e54,16,f
val_pr_auc_mood/theme---holiday,0.012631818587038098,1780318267054,906cef2b2f4f465eb47f298a50065e54,16,f
val_roc_auc_mood/theme---holiday,0.5313246615343775,1780318267054,906cef2b2f4f465eb47f298a50065e54,16,f
val_pr_auc_mood/theme---hopeful,0.024808639130244635,1780318267054,906cef2b2f4f465eb47f298a50065e54,16,f
val_roc_auc_mood/theme---hopeful,0.7126998878857614,1780318267054,906cef2b2f4f465eb47f298a50065e54,16,f
val_pr_auc_mood/theme---inspiring,0.09083463319463297,1780318267054,906cef2b2f4f465eb47f298a50065e54,16,f
val_roc_auc_mood/theme---inspiring,0.655463760790732,1780318267054,906cef2b2f4f465eb47f298a50065e54,16,f
val_pr_auc_mood/theme---love,0.10133856980074965,1780318267054,906cef2b2f4f465eb47f298a50065e54,16,f
val_roc_auc_mood/theme---love,0.6537446786146003,1780318267054,906cef2b2f4f465eb47f298a50065e54,16,f
val_pr_auc_mood/theme---meditative,0.13014155832203755,1780318267054,906cef2b2f4f465eb47f298a50065e54,16,f
val_roc_auc_mood/theme---meditative,0.7776035864831345,1780318267054,906cef2b2f4f465eb47f298a50065e54,16,f
val_pr_auc_mood/theme---melancholic,0.06633699165782626,1780318267054,906cef2b2f4f465eb47f298a50065e54,16,f
val_roc_auc_mood/theme---melancholic,0.698596049314012,1780318267054,906cef2b2f4f465eb47f298a50065e54,16,f
val_pr_auc_mood/theme---melodic,0.13203224103803918,1780318267054,906cef2b2f4f465eb47f298a50065e54,16,f
val_roc_auc_mood/theme---melodic,0.6196989503937606,1780318267054,906cef2b2f4f465eb47f298a50065e54,16,f
val_pr_auc_mood/theme---motivational,0.17503283328817695,1780318267054,906cef2b2f4f465eb47f298a50065e54,16,f
val_roc_auc_mood/theme---motivational,0.8388015383239423,1780318267054,906cef2b2f4f465eb47f298a50065e54,16,f
val_pr_auc_mood/theme---movie,0.12513738869030153,1780318267054,906cef2b2f4f465eb47f298a50065e54,16,f
val_roc_auc_mood/theme---movie,0.7764197314666661,1780318267054,906cef2b2f4f465eb47f298a50065e54,16,f
val_pr_auc_mood/theme---nature,0.02693148022452557,1780318267054,906cef2b2f4f465eb47f298a50065e54,16,f
val_roc_auc_mood/theme---nature,0.6827648669232829,1780318267054,906cef2b2f4f465eb47f298a50065e54,16,f
val_pr_auc_mood/theme---party,0.08886261353448346,1780318267054,906cef2b2f4f465eb47f298a50065e54,16,f
val_roc_auc_mood/theme---party,0.8128986398217168,1780318267054,906cef2b2f4f465eb47f298a50065e54,16,f
val_pr_auc_mood/theme---positive,0.048072283512849694,1780318267054,906cef2b2f4f465eb47f298a50065e54,16,f
val_roc_auc_mood/theme---positive,0.6824505082932049,1780318267054,906cef2b2f4f465eb47f298a50065e54,16,f
val_pr_auc_mood/theme---powerful,0.024905586866002624,1780318267054,906cef2b2f4f465eb47f298a50065e54,16,f
val_roc_auc_mood/theme---powerful,0.6548318553984758,1780318267054,906cef2b2f4f465eb47f298a50065e54,16,f
val_pr_auc_mood/theme---relaxing,0.18440747841931135,1780318267054,906cef2b2f4f465eb47f298a50065e54,16,f
val_roc_auc_mood/theme---relaxing,0.7453346630300753,1780318267054,906cef2b2f4f465eb47f298a50065e54,16,f
val_pr_auc_mood/theme---retro,0.01102822559989674,1780318267054,906cef2b2f4f465eb47f298a50065e54,16,f
val_roc_auc_mood/theme---retro,0.5181419056945156,1780318267054,906cef2b2f4f465eb47f298a50065e54,16,f
val_pr_auc_mood/theme---romantic,0.10038663229429415,1780318267054,906cef2b2f4f465eb47f298a50065e54,16,f
val_roc_auc_mood/theme---romantic,0.7265913984431072,1780318267054,906cef2b2f4f465eb47f298a50065e54,16,f
val_pr_auc_mood/theme---sad,0.08624093261461917,1780318267054,906cef2b2f4f465eb47f298a50065e54,16,f
val_roc_auc_mood/theme---sad,0.7149520273225569,1780318267054,906cef2b2f4f465eb47f298a50065e54,16,f
val_pr_auc_mood/theme---sexy,0.024167447782750526,1780318267054,906cef2b2f4f465eb47f298a50065e54,16,f
val_roc_auc_mood/theme---sexy,0.6835145902874987,1780318267054,906cef2b2f4f465eb47f298a50065e54,16,f
val_pr_auc_mood/theme---slow,0.03383996450208189,1780318267054,906cef2b2f4f465eb47f298a50065e54,16,f
val_roc_auc_mood/theme---slow,0.7281488900184704,1780318267054,906cef2b2f4f465eb47f298a50065e54,16,f
val_pr_auc_mood/theme---soft,0.05133750744623952,1780318267054,906cef2b2f4f465eb47f298a50065e54,16,f
val_roc_auc_mood/theme---soft,0.6882421237071312,1780318267054,906cef2b2f4f465eb47f298a50065e54,16,f
val_pr_auc_mood/theme---soundscape,0.026444356990489325,1780318267054,906cef2b2f4f465eb47f298a50065e54,16,f
val_roc_auc_mood/theme---soundscape,0.7380731102850061,1780318267054,906cef2b2f4f465eb47f298a50065e54,16,f
val_pr_auc_mood/theme---space,0.06777513890743359,1780318267054,906cef2b2f4f465eb47f298a50065e54,16,f
val_roc_auc_mood/theme---space,0.7897616086415781,1780318267054,906cef2b2f4f465eb47f298a50065e54,16,f
val_pr_auc_mood/theme---sport,0.07510016934366556,1780318267054,906cef2b2f4f465eb47f298a50065e54,16,f
val_roc_auc_mood/theme---sport,0.8710008949046367,1780318267054,906cef2b2f4f465eb47f298a50065e54,16,f
val_pr_auc_mood/theme---summer,0.22574146930634006,1780318267054,906cef2b2f4f465eb47f298a50065e54,16,f
val_roc_auc_mood/theme---summer,0.832541212492708,1780318267054,906cef2b2f4f465eb47f298a50065e54,16,f
val_pr_auc_mood/theme---trailer,0.2259968035577093,1780318267054,906cef2b2f4f465eb47f298a50065e54,16,f
val_roc_auc_mood/theme---trailer,0.934879445528707,1780318267054,906cef2b2f4f465eb47f298a50065e54,16,f
val_pr_auc_mood/theme---travel,0.02389355050702532,1780318267054,906cef2b2f4f465eb47f298a50065e54,16,f
val_roc_auc_mood/theme---travel,0.6165353431540483,1780318267054,906cef2b2f4f465eb47f298a50065e54,16,f
val_pr_auc_mood/theme---upbeat,0.043238117690275454,1780318267054,906cef2b2f4f465eb47f298a50065e54,16,f
val_roc_auc_mood/theme---upbeat,0.5638541408636777,1780318267054,906cef2b2f4f465eb47f298a50065e54,16,f
val_pr_auc_mood/theme---uplifting,0.06710967366476829,1780318267054,906cef2b2f4f465eb47f298a50065e54,16,f
val_roc_auc_mood/theme---uplifting,0.6603473977574698,1780318267054,906cef2b2f4f465eb47f298a50065e54,16,f
val_macro_pr_auc,0.09658294628546275,1780318267054,906cef2b2f4f465eb47f298a50065e54,16,f
val_macro_roc_auc,0.7198040962009541,1780318267054,906cef2b2f4f465eb47f298a50065e54,16,f
train_loss,0.04303710926531399,1780319060528,906cef2b2f4f465eb47f298a50065e54,17,f
val_pr_auc_mood/theme---holiday,0.013048052534638149,1780319244907,906cef2b2f4f465eb47f298a50065e54,17,f
val_roc_auc_mood/theme---holiday,0.5691038719708749,1780319244907,906cef2b2f4f465eb47f298a50065e54,17,f
val_pr_auc_mood/theme---hopeful,0.018525676249200033,1780319244907,906cef2b2f4f465eb47f298a50065e54,17,f
stdev_train_loss,0.004566437349531434,1780319060101,906cef2b2f4f465eb47f298a50065e54,17,f
val_loss_avg,0.06080650229990565,1780319244907,906cef2b2f4f465eb47f298a50065e54,17,f
val_loss_std,0.04035268352434806,1780319244907,906cef2b2f4f465eb47f298a50065e54,17,f
val_pr_auc_mood/theme---action,0.05409322133841742,1780319244907,906cef2b2f4f465eb47f298a50065e54,17,f
val_roc_auc_mood/theme---action,0.6195647427032536,1780319244907,906cef2b2f4f465eb47f298a50065e54,17,f
val_pr_auc_mood/theme---adventure,0.021045818254988698,1780319244907,906cef2b2f4f465eb47f298a50065e54,17,f
val_roc_auc_mood/theme---adventure,0.5053223718637253,1780319244907,906cef2b2f4f465eb47f298a50065e54,17,f
val_pr_auc_mood/theme---advertising,0.14857647524169507,1780319244907,906cef2b2f4f465eb47f298a50065e54,17,f
val_roc_auc_mood/theme---advertising,0.7419023423322816,1780319244907,906cef2b2f4f465eb47f298a50065e54,17,f
val_pr_auc_mood/theme---background,0.012862212919102493,1780319244907,906cef2b2f4f465eb47f298a50065e54,17,f
val_roc_auc_mood/theme---background,0.5780752652519894,1780319244907,906cef2b2f4f465eb47f298a50065e54,17,f
val_pr_auc_mood/theme---ballad,0.05990634407591638,1780319244907,906cef2b2f4f465eb47f298a50065e54,17,f
val_roc_auc_mood/theme---ballad,0.7490191202475687,1780319244907,906cef2b2f4f465eb47f298a50065e54,17,f
val_pr_auc_mood/theme---calm,0.05251403696192784,1780319244907,906cef2b2f4f465eb47f298a50065e54,17,f
val_roc_auc_mood/theme---calm,0.607763552023963,1780319244907,906cef2b2f4f465eb47f298a50065e54,17,f
val_pr_auc_mood/theme---children,0.07895263396532255,1780319244907,906cef2b2f4f465eb47f298a50065e54,17,f
val_roc_auc_mood/theme---children,0.7141556595486417,1780319244907,906cef2b2f4f465eb47f298a50065e54,17,f
val_pr_auc_mood/theme---christmas,0.08749344330692355,1780319244907,906cef2b2f4f465eb47f298a50065e54,17,f
val_roc_auc_mood/theme---christmas,0.7637020067277578,1780319244907,906cef2b2f4f465eb47f298a50065e54,17,f
val_pr_auc_mood/theme---commercial,0.09013929441552097,1780319244907,906cef2b2f4f465eb47f298a50065e54,17,f
val_roc_auc_mood/theme---commercial,0.7196945337620578,1780319244907,906cef2b2f4f465eb47f298a50065e54,17,f
val_pr_auc_mood/theme---cool,0.018761817276851236,1780319244907,906cef2b2f4f465eb47f298a50065e54,17,f
val_roc_auc_mood/theme---cool,0.6814349943799176,1780319244907,906cef2b2f4f465eb47f298a50065e54,17,f
val_pr_auc_mood/theme---corporate,0.1493738545766471,1780319244907,906cef2b2f4f465eb47f298a50065e54,17,f
val_roc_auc_mood/theme---corporate,0.8319071017133183,1780319244907,906cef2b2f4f465eb47f298a50065e54,17,f
val_pr_auc_mood/theme---dark,0.08533577338015233,1780319244907,906cef2b2f4f465eb47f298a50065e54,17,f
val_roc_auc_mood/theme---dark,0.56645949029035,1780319244907,906cef2b2f4f465eb47f298a50065e54,17,f
val_pr_auc_mood/theme---deep,0.16070263230836487,1780319244907,906cef2b2f4f465eb47f298a50065e54,17,f
val_roc_auc_mood/theme---deep,0.8042255325591959,1780319244907,906cef2b2f4f465eb47f298a50065e54,17,f
val_pr_auc_mood/theme---documentary,0.04456865366959714,1780319244907,906cef2b2f4f465eb47f298a50065e54,17,f
val_roc_auc_mood/theme---documentary,0.6312116450873669,1780319244907,906cef2b2f4f465eb47f298a50065e54,17,f
val_pr_auc_mood/theme---drama,0.07312020995654585,1780319244907,906cef2b2f4f465eb47f298a50065e54,17,f
val_roc_auc_mood/theme---drama,0.7152598180076628,1780319244907,906cef2b2f4f465eb47f298a50065e54,17,f
val_pr_auc_mood/theme---dramatic,0.02727448222966411,1780319244907,906cef2b2f4f465eb47f298a50065e54,17,f
val_roc_auc_mood/theme---dramatic,0.6939396777819409,1780319244907,906cef2b2f4f465eb47f298a50065e54,17,f
val_pr_auc_mood/theme---dream,0.1231239369561007,1780319244907,906cef2b2f4f465eb47f298a50065e54,17,f
val_roc_auc_mood/theme---dream,0.6861636868167678,1780319244907,906cef2b2f4f465eb47f298a50065e54,17,f
val_pr_auc_mood/theme---emotional,0.16195588577028702,1780319244907,906cef2b2f4f465eb47f298a50065e54,17,f
val_roc_auc_mood/theme---emotional,0.6426802941786294,1780319244907,906cef2b2f4f465eb47f298a50065e54,17,f
val_pr_auc_mood/theme---energetic,0.23137421324017746,1780319244907,906cef2b2f4f465eb47f298a50065e54,17,f
val_roc_auc_mood/theme---energetic,0.7568956332366095,1780319244907,906cef2b2f4f465eb47f298a50065e54,17,f
val_pr_auc_mood/theme---epic,0.3801347660482424,1780319244907,906cef2b2f4f465eb47f298a50065e54,17,f
val_roc_auc_mood/theme---epic,0.8844912650627219,1780319244907,906cef2b2f4f465eb47f298a50065e54,17,f
val_pr_auc_mood/theme---fast,0.06488302683614111,1780319244907,906cef2b2f4f465eb47f298a50065e54,17,f
val_roc_auc_mood/theme---fast,0.8779742503259453,1780319244907,906cef2b2f4f465eb47f298a50065e54,17,f
val_pr_auc_mood/theme---film,0.12803507921946955,1780319244907,906cef2b2f4f465eb47f298a50065e54,17,f
val_roc_auc_mood/theme---film,0.6774927700238903,1780319244907,906cef2b2f4f465eb47f298a50065e54,17,f
val_pr_auc_mood/theme---fun,0.09436248188016774,1780319244907,906cef2b2f4f465eb47f298a50065e54,17,f
val_roc_auc_mood/theme---fun,0.660116419257254,1780319244907,906cef2b2f4f465eb47f298a50065e54,17,f
val_pr_auc_mood/theme---funny,0.016379551265213784,1780319244907,906cef2b2f4f465eb47f298a50065e54,17,f
val_roc_auc_mood/theme---funny,0.7414314806079363,1780319244907,906cef2b2f4f465eb47f298a50065e54,17,f
val_pr_auc_mood/theme---game,0.04808990908627441,1780319244907,906cef2b2f4f465eb47f298a50065e54,17,f
val_roc_auc_mood/theme---game,0.5277053455019558,1780319244907,906cef2b2f4f465eb47f298a50065e54,17,f
val_pr_auc_mood/theme---groovy,0.060166057801356816,1780319244907,906cef2b2f4f465eb47f298a50065e54,17,f
val_roc_auc_mood/theme---groovy,0.8078891659900244,1780319244907,906cef2b2f4f465eb47f298a50065e54,17,f
val_pr_auc_mood/theme---happy,0.2607560608842422,1780319244907,906cef2b2f4f465eb47f298a50065e54,17,f
val_roc_auc_mood/theme---happy,0.7385110569154348,1780319244907,906cef2b2f4f465eb47f298a50065e54,17,f
val_pr_auc_mood/theme---heavy,0.07687473197631889,1780319244907,906cef2b2f4f465eb47f298a50065e54,17,f
avg_train_loss,0.04303710926531399,1780319059589,906cef2b2f4f465eb47f298a50065e54,17,f
val_macro_roc_auc,0.7061377761237014,1780319244907,906cef2b2f4f465eb47f298a50065e54,17,f
val_macro_pr_auc,0.08670136396306279,1780319244907,906cef2b2f4f465eb47f298a50065e54,17,f
val_roc_auc_mood/theme---uplifting,0.6746259012446063,1780319244907,906cef2b2f4f465eb47f298a50065e54,17,f
val_pr_auc_mood/theme---uplifting,0.0646036494014284,1780319244907,906cef2b2f4f465eb47f298a50065e54,17,f
val_roc_auc_mood/theme---upbeat,0.5704576418132276,1780319244907,906cef2b2f4f465eb47f298a50065e54,17,f
val_pr_auc_mood/theme---upbeat,0.044403352863604036,1780319244907,906cef2b2f4f465eb47f298a50065e54,17,f
val_roc_auc_mood/theme---travel,0.6675747837104465,1780319244907,906cef2b2f4f465eb47f298a50065e54,17,f
val_pr_auc_mood/theme---travel,0.03223736469748351,1780319244907,906cef2b2f4f465eb47f298a50065e54,17,f
val_roc_auc_mood/theme---trailer,0.8765519948962066,1780319244907,906cef2b2f4f465eb47f298a50065e54,17,f
val_pr_auc_mood/theme---trailer,0.13430757834609836,1780319244907,906cef2b2f4f465eb47f298a50065e54,17,f
val_roc_auc_mood/theme---summer,0.8206075788937552,1780319244907,906cef2b2f4f465eb47f298a50065e54,17,f
val_pr_auc_mood/theme---summer,0.18597045146318691,1780319244907,906cef2b2f4f465eb47f298a50065e54,17,f
val_roc_auc_mood/theme---sport,0.84732787068628,1780319244907,906cef2b2f4f465eb47f298a50065e54,17,f
val_pr_auc_mood/theme---sport,0.07474665574833411,1780319244907,906cef2b2f4f465eb47f298a50065e54,17,f
val_roc_auc_mood/theme---space,0.7680706911696917,1780319244907,906cef2b2f4f465eb47f298a50065e54,17,f
val_pr_auc_mood/theme---space,0.060653465907966234,1780319244907,906cef2b2f4f465eb47f298a50065e54,17,f
val_roc_auc_mood/theme---soundscape,0.6926078361951968,1780319244907,906cef2b2f4f465eb47f298a50065e54,17,f
val_pr_auc_mood/theme---soundscape,0.02462362355156923,1780319244907,906cef2b2f4f465eb47f298a50065e54,17,f
val_roc_auc_mood/theme---soft,0.6749221727000545,1780319244907,906cef2b2f4f465eb47f298a50065e54,17,f
val_pr_auc_mood/theme---soft,0.05309232295792318,1780319244907,906cef2b2f4f465eb47f298a50065e54,17,f
val_roc_auc_mood/theme---slow,0.7331011540184301,1780319244907,906cef2b2f4f465eb47f298a50065e54,17,f
val_pr_auc_mood/theme---slow,0.03772991914935878,1780319244907,906cef2b2f4f465eb47f298a50065e54,17,f
val_roc_auc_mood/theme---sexy,0.6949930009690967,1780319244907,906cef2b2f4f465eb47f298a50065e54,17,f
val_pr_auc_mood/theme---sexy,0.020746105452432488,1780319244907,906cef2b2f4f465eb47f298a50065e54,17,f
val_roc_auc_mood/theme---sad,0.6800245679667216,1780319244907,906cef2b2f4f465eb47f298a50065e54,17,f
val_pr_auc_mood/theme---sad,0.07494657013368779,1780319244907,906cef2b2f4f465eb47f298a50065e54,17,f
val_roc_auc_mood/theme---romantic,0.6973271959366201,1780319244907,906cef2b2f4f465eb47f298a50065e54,17,f
val_pr_auc_mood/theme---romantic,0.08058235745639888,1780319244907,906cef2b2f4f465eb47f298a50065e54,17,f
val_roc_auc_mood/theme---retro,0.566183098682888,1780319244907,906cef2b2f4f465eb47f298a50065e54,17,f
val_pr_auc_mood/theme---retro,0.012061649264989299,1780319244907,906cef2b2f4f465eb47f298a50065e54,17,f
val_roc_auc_mood/theme---relaxing,0.7268978801068112,1780319244907,906cef2b2f4f465eb47f298a50065e54,17,f
val_pr_auc_mood/theme---relaxing,0.14342456624042352,1780319244907,906cef2b2f4f465eb47f298a50065e54,17,f
val_roc_auc_mood/theme---powerful,0.6593194889084059,1780319244907,906cef2b2f4f465eb47f298a50065e54,17,f
val_pr_auc_mood/theme---powerful,0.020189898448914775,1780319244907,906cef2b2f4f465eb47f298a50065e54,17,f
val_roc_auc_mood/theme---positive,0.6665538055109684,1780319244907,906cef2b2f4f465eb47f298a50065e54,17,f
val_pr_auc_mood/theme---positive,0.04046907819085501,1780319244907,906cef2b2f4f465eb47f298a50065e54,17,f
val_roc_auc_mood/theme---party,0.8126392837931299,1780319244907,906cef2b2f4f465eb47f298a50065e54,17,f
val_pr_auc_mood/theme---party,0.09001319411158534,1780319244907,906cef2b2f4f465eb47f298a50065e54,17,f
val_roc_auc_mood/theme---nature,0.6685288487268686,1780319244907,906cef2b2f4f465eb47f298a50065e54,17,f
val_pr_auc_mood/theme---nature,0.02823641652487259,1780319244907,906cef2b2f4f465eb47f298a50065e54,17,f
val_roc_auc_mood/theme---movie,0.7769259002487664,1780319244907,906cef2b2f4f465eb47f298a50065e54,17,f
val_pr_auc_mood/theme---movie,0.12351574226596758,1780319244907,906cef2b2f4f465eb47f298a50065e54,17,f
val_roc_auc_mood/theme---motivational,0.811011537429568,1780319244907,906cef2b2f4f465eb47f298a50065e54,17,f
val_pr_auc_mood/theme---motivational,0.14391264210614574,1780319244907,906cef2b2f4f465eb47f298a50065e54,17,f
val_roc_auc_mood/theme---melodic,0.5804012306601505,1780319244907,906cef2b2f4f465eb47f298a50065e54,17,f
val_pr_auc_mood/theme---melodic,0.12630596949204545,1780319244907,906cef2b2f4f465eb47f298a50065e54,17,f
val_roc_auc_mood/theme---melancholic,0.6545834645265693,1780319244907,906cef2b2f4f465eb47f298a50065e54,17,f
val_pr_auc_mood/theme---melancholic,0.054441722053373595,1780319244907,906cef2b2f4f465eb47f298a50065e54,17,f
val_roc_auc_mood/theme---meditative,0.7980624393339485,1780319244907,906cef2b2f4f465eb47f298a50065e54,17,f
val_pr_auc_mood/theme---meditative,0.13314146257288986,1780319244907,906cef2b2f4f465eb47f298a50065e54,17,f
val_roc_auc_mood/theme---love,0.6905279339885426,1780319244907,906cef2b2f4f465eb47f298a50065e54,17,f
val_pr_auc_mood/theme---love,0.12000911673055581,1780319244907,906cef2b2f4f465eb47f298a50065e54,17,f
val_roc_auc_mood/theme---inspiring,0.6466105468373929,1780319244907,906cef2b2f4f465eb47f298a50065e54,17,f
val_roc_auc_mood/theme---heavy,0.9062045233443482,1780319244907,906cef2b2f4f465eb47f298a50065e54,17,f
val_pr_auc_mood/theme---inspiring,0.08848117317395755,1780319244907,906cef2b2f4f465eb47f298a50065e54,17,f
val_roc_auc_mood/theme---hopeful,0.6869799964595503,1780319244907,906cef2b2f4f465eb47f298a50065e54,17,f
val_pr_auc_mood/theme---groovy,0.0637052003079316,1780320266649,906cef2b2f4f465eb47f298a50065e54,18,f
stdev_train_loss,0.004295980679510393,1780320046388,906cef2b2f4f465eb47f298a50065e54,18,f
avg_train_loss,0.0428714931233332,1780320045293,906cef2b2f4f465eb47f298a50065e54,18,f
train_loss,0.0428714931233332,1780320046823,906cef2b2f4f465eb47f298a50065e54,18,f
val_loss_avg,0.059102258151620325,1780320266649,906cef2b2f4f465eb47f298a50065e54,18,f
val_loss_std,0.035152028068656166,1780320266649,906cef2b2f4f465eb47f298a50065e54,18,f
val_pr_auc_mood/theme---action,0.1368112601295779,1780320266649,906cef2b2f4f465eb47f298a50065e54,18,f
val_roc_auc_mood/theme---action,0.6995705655433437,1780320266649,906cef2b2f4f465eb47f298a50065e54,18,f
val_pr_auc_mood/theme---adventure,0.03177488605126437,1780320266649,906cef2b2f4f465eb47f298a50065e54,18,f
val_roc_auc_mood/theme---adventure,0.580172959872208,1780320266649,906cef2b2f4f465eb47f298a50065e54,18,f
val_pr_auc_mood/theme---advertising,0.13649816418438182,1780320266649,906cef2b2f4f465eb47f298a50065e54,18,f
val_roc_auc_mood/theme---advertising,0.7117451631815517,1780320266649,906cef2b2f4f465eb47f298a50065e54,18,f
val_pr_auc_mood/theme---background,0.015768318755212313,1780320266649,906cef2b2f4f465eb47f298a50065e54,18,f
val_roc_auc_mood/theme---background,0.6210129310344827,1780320266649,906cef2b2f4f465eb47f298a50065e54,18,f
val_pr_auc_mood/theme---ballad,0.08658184368305051,1780320266649,906cef2b2f4f465eb47f298a50065e54,18,f
val_roc_auc_mood/theme---ballad,0.8093086870026525,1780320266649,906cef2b2f4f465eb47f298a50065e54,18,f
val_pr_auc_mood/theme---calm,0.04912464259239262,1780320266649,906cef2b2f4f465eb47f298a50065e54,18,f
val_roc_auc_mood/theme---calm,0.6271581312143779,1780320266649,906cef2b2f4f465eb47f298a50065e54,18,f
val_pr_auc_mood/theme---children,0.08317230251127684,1780320266649,906cef2b2f4f465eb47f298a50065e54,18,f
val_roc_auc_mood/theme---children,0.7204484834933159,1780320266649,906cef2b2f4f465eb47f298a50065e54,18,f
val_pr_auc_mood/theme---christmas,0.08071792635725834,1780320266649,906cef2b2f4f465eb47f298a50065e54,18,f
val_roc_auc_mood/theme---christmas,0.7668628929358543,1780320266649,906cef2b2f4f465eb47f298a50065e54,18,f
val_pr_auc_mood/theme---commercial,0.1032189267316769,1780320266649,906cef2b2f4f465eb47f298a50065e54,18,f
val_roc_auc_mood/theme---commercial,0.7652656561016689,1780320266649,906cef2b2f4f465eb47f298a50065e54,18,f
val_pr_auc_mood/theme---cool,0.01956766906835155,1780320266649,906cef2b2f4f465eb47f298a50065e54,18,f
val_roc_auc_mood/theme---cool,0.672458473835394,1780320266649,906cef2b2f4f465eb47f298a50065e54,18,f
val_pr_auc_mood/theme---corporate,0.1698757722369452,1780320266649,906cef2b2f4f465eb47f298a50065e54,18,f
val_roc_auc_mood/theme---corporate,0.8307086070777895,1780320266649,906cef2b2f4f465eb47f298a50065e54,18,f
val_pr_auc_mood/theme---dark,0.10539277495543703,1780320266649,906cef2b2f4f465eb47f298a50065e54,18,f
val_roc_auc_mood/theme---dark,0.662235831936196,1780320266649,906cef2b2f4f465eb47f298a50065e54,18,f
val_pr_auc_mood/theme---deep,0.2241616781002776,1780320266649,906cef2b2f4f465eb47f298a50065e54,18,f
val_roc_auc_mood/theme---deep,0.8059376419478448,1780320266649,906cef2b2f4f465eb47f298a50065e54,18,f
val_pr_auc_mood/theme---documentary,0.04556171682014391,1780320266649,906cef2b2f4f465eb47f298a50065e54,18,f
val_roc_auc_mood/theme---documentary,0.6479867054718387,1780320266649,906cef2b2f4f465eb47f298a50065e54,18,f
val_pr_auc_mood/theme---drama,0.05955811017571707,1780320266649,906cef2b2f4f465eb47f298a50065e54,18,f
val_roc_auc_mood/theme---drama,0.7009488745210728,1780320266649,906cef2b2f4f465eb47f298a50065e54,18,f
val_pr_auc_mood/theme---dramatic,0.03133495010517137,1780320266649,906cef2b2f4f465eb47f298a50065e54,18,f
val_roc_auc_mood/theme---dramatic,0.7182465342825028,1780320266649,906cef2b2f4f465eb47f298a50065e54,18,f
val_pr_auc_mood/theme---dream,0.098907468524219,1780320266649,906cef2b2f4f465eb47f298a50065e54,18,f
val_roc_auc_mood/theme---dream,0.6213554789596394,1780320266649,906cef2b2f4f465eb47f298a50065e54,18,f
val_pr_auc_mood/theme---emotional,0.14432867646167252,1780320266649,906cef2b2f4f465eb47f298a50065e54,18,f
val_roc_auc_mood/theme---emotional,0.6260475743272635,1780320266649,906cef2b2f4f465eb47f298a50065e54,18,f
val_pr_auc_mood/theme---energetic,0.16897917789268693,1780320266649,906cef2b2f4f465eb47f298a50065e54,18,f
val_roc_auc_mood/theme---energetic,0.7605164645005815,1780320266649,906cef2b2f4f465eb47f298a50065e54,18,f
val_pr_auc_mood/theme---epic,0.431927068076546,1780320266649,906cef2b2f4f465eb47f298a50065e54,18,f
val_roc_auc_mood/theme---epic,0.8861534153151743,1780320266649,906cef2b2f4f465eb47f298a50065e54,18,f
val_pr_auc_mood/theme---fast,0.06263946229748883,1780320266649,906cef2b2f4f465eb47f298a50065e54,18,f
val_roc_auc_mood/theme---fast,0.8643762222946545,1780320266649,906cef2b2f4f465eb47f298a50065e54,18,f
val_pr_auc_mood/theme---film,0.15203654625022126,1780320266649,906cef2b2f4f465eb47f298a50065e54,18,f
val_roc_auc_mood/theme---film,0.719658138623235,1780320266649,906cef2b2f4f465eb47f298a50065e54,18,f
val_pr_auc_mood/theme---fun,0.09047691117066034,1780320266649,906cef2b2f4f465eb47f298a50065e54,18,f
val_roc_auc_mood/theme---fun,0.6753211884527481,1780320266649,906cef2b2f4f465eb47f298a50065e54,18,f
val_pr_auc_mood/theme---funny,0.019196043710554382,1780320266649,906cef2b2f4f465eb47f298a50065e54,18,f
val_roc_auc_mood/theme---funny,0.756859992866758,1780320266649,906cef2b2f4f465eb47f298a50065e54,18,f
val_pr_auc_mood/theme---game,0.03791113373347521,1780320266649,906cef2b2f4f465eb47f298a50065e54,18,f
val_roc_auc_mood/theme---game,0.5989956812255541,1780320266649,906cef2b2f4f465eb47f298a50065e54,18,f
val_roc_auc_mood/theme---groovy,0.8010164134091173,1780320266649,906cef2b2f4f465eb47f298a50065e54,18,f
val_pr_auc_mood/theme---happy,0.28009605903649654,1780320266649,906cef2b2f4f465eb47f298a50065e54,18,f
val_roc_auc_mood/theme---happy,0.7522237267340955,1780320266649,906cef2b2f4f465eb47f298a50065e54,18,f
val_pr_auc_mood/theme---heavy,0.14034977995972647,1780320266649,906cef2b2f4f465eb47f298a50065e54,18,f
val_roc_auc_mood/theme---heavy,0.9270363491642345,1780320266649,906cef2b2f4f465eb47f298a50065e54,18,f
val_pr_auc_mood/theme---holiday,0.013235241470188515,1780320266649,906cef2b2f4f465eb47f298a50065e54,18,f
val_roc_auc_mood/theme---holiday,0.5577572149114491,1780320266649,906cef2b2f4f465eb47f298a50065e54,18,f
val_pr_auc_mood/theme---hopeful,0.0242366562379641,1780320266649,906cef2b2f4f465eb47f298a50065e54,18,f
val_roc_auc_mood/theme---hopeful,0.6975128341299345,1780320266649,906cef2b2f4f465eb47f298a50065e54,18,f
val_pr_auc_mood/theme---inspiring,0.09512453208661435,1780320266649,906cef2b2f4f465eb47f298a50065e54,18,f
val_roc_auc_mood/theme---inspiring,0.6536546083245082,1780320266649,906cef2b2f4f465eb47f298a50065e54,18,f
val_pr_auc_mood/theme---love,0.09677854490541238,1780320266649,906cef2b2f4f465eb47f298a50065e54,18,f
val_roc_auc_mood/theme---love,0.6315906343616966,1780320266649,906cef2b2f4f465eb47f298a50065e54,18,f
val_pr_auc_mood/theme---meditative,0.0955762222661126,1780320266649,906cef2b2f4f465eb47f298a50065e54,18,f
val_roc_auc_mood/theme---meditative,0.7555019524019917,1780320266649,906cef2b2f4f465eb47f298a50065e54,18,f
val_pr_auc_mood/theme---melancholic,0.0724389457411043,1780320266649,906cef2b2f4f465eb47f298a50065e54,18,f
val_roc_auc_mood/theme---melancholic,0.7016885484780364,1780320266649,906cef2b2f4f465eb47f298a50065e54,18,f
val_pr_auc_mood/theme---melodic,0.12188017982045354,1780320266649,906cef2b2f4f465eb47f298a50065e54,18,f
val_roc_auc_mood/theme---melodic,0.5779647577929148,1780320266649,906cef2b2f4f465eb47f298a50065e54,18,f
val_pr_auc_mood/theme---motivational,0.2012725199740845,1780320266649,906cef2b2f4f465eb47f298a50065e54,18,f
val_roc_auc_mood/theme---motivational,0.8127323137465342,1780320266649,906cef2b2f4f465eb47f298a50065e54,18,f
val_pr_auc_mood/theme---movie,0.11490202466394069,1780320266649,906cef2b2f4f465eb47f298a50065e54,18,f
val_roc_auc_mood/theme---movie,0.7677524906622655,1780320266649,906cef2b2f4f465eb47f298a50065e54,18,f
val_pr_auc_mood/theme---nature,0.02726522908553294,1780320266649,906cef2b2f4f465eb47f298a50065e54,18,f
val_roc_auc_mood/theme---nature,0.6831106811304832,1780320266649,906cef2b2f4f465eb47f298a50065e54,18,f
val_pr_auc_mood/theme---party,0.0930742006873016,1780320266649,906cef2b2f4f465eb47f298a50065e54,18,f
val_roc_auc_mood/theme---party,0.8196226850073004,1780320266649,906cef2b2f4f465eb47f298a50065e54,18,f
val_pr_auc_mood/theme---positive,0.05005271338632109,1780320266649,906cef2b2f4f465eb47f298a50065e54,18,f
val_roc_auc_mood/theme---positive,0.6899327849117175,1780320266649,906cef2b2f4f465eb47f298a50065e54,18,f
val_pr_auc_mood/theme---powerful,0.02009979083594704,1780320266649,906cef2b2f4f465eb47f298a50065e54,18,f
val_roc_auc_mood/theme---powerful,0.6680737739751254,1780320266649,906cef2b2f4f465eb47f298a50065e54,18,f
val_pr_auc_mood/theme---relaxing,0.1369072430944641,1780320266649,906cef2b2f4f465eb47f298a50065e54,18,f
val_roc_auc_mood/theme---relaxing,0.709268510276909,1780320266649,906cef2b2f4f465eb47f298a50065e54,18,f
val_pr_auc_mood/theme---retro,0.011037656261036102,1780320266649,906cef2b2f4f465eb47f298a50065e54,18,f
val_roc_auc_mood/theme---retro,0.4964624094525976,1780320266649,906cef2b2f4f465eb47f298a50065e54,18,f
val_pr_auc_mood/theme---romantic,0.05411785836475541,1780320266649,906cef2b2f4f465eb47f298a50065e54,18,f
val_roc_auc_mood/theme---romantic,0.6621924400522645,1780320266649,906cef2b2f4f465eb47f298a50065e54,18,f
val_pr_auc_mood/theme---sad,0.07883352483294612,1780320266649,906cef2b2f4f465eb47f298a50065e54,18,f
val_roc_auc_mood/theme---sad,0.7049591929795175,1780320266649,906cef2b2f4f465eb47f298a50065e54,18,f
val_pr_auc_mood/theme---sexy,0.03341322503179445,1780320266649,906cef2b2f4f465eb47f298a50065e54,18,f
val_roc_auc_mood/theme---sexy,0.7225297010157568,1780320266649,906cef2b2f4f465eb47f298a50065e54,18,f
val_pr_auc_mood/theme---slow,0.031065708167968206,1780320266649,906cef2b2f4f465eb47f298a50065e54,18,f
val_roc_auc_mood/theme---slow,0.7050030951649999,1780320266649,906cef2b2f4f465eb47f298a50065e54,18,f
val_pr_auc_mood/theme---soft,0.05233280552543601,1780320266649,906cef2b2f4f465eb47f298a50065e54,18,f
val_roc_auc_mood/theme---soft,0.6826432362547632,1780320266649,906cef2b2f4f465eb47f298a50065e54,18,f
val_pr_auc_mood/theme---soundscape,0.025109712938095483,1780320266649,906cef2b2f4f465eb47f298a50065e54,18,f
val_roc_auc_mood/theme---soundscape,0.7363102614031982,1780320266649,906cef2b2f4f465eb47f298a50065e54,18,f
val_pr_auc_mood/theme---space,0.05300346632830489,1780320266649,906cef2b2f4f465eb47f298a50065e54,18,f
val_roc_auc_mood/theme---space,0.7574049754013052,1780320266649,906cef2b2f4f465eb47f298a50065e54,18,f
val_pr_auc_mood/theme---sport,0.04375487315427358,1780320266649,906cef2b2f4f465eb47f298a50065e54,18,f
val_roc_auc_mood/theme---sport,0.8512850271267968,1780320266649,906cef2b2f4f465eb47f298a50065e54,18,f
val_pr_auc_mood/theme---summer,0.22445109859497187,1780320266649,906cef2b2f4f465eb47f298a50065e54,18,f
val_roc_auc_mood/theme---summer,0.8283303869399262,1780320266649,906cef2b2f4f465eb47f298a50065e54,18,f
val_pr_auc_mood/theme---trailer,0.21679350924701682,1780320266649,906cef2b2f4f465eb47f298a50065e54,18,f
val_roc_auc_mood/theme---trailer,0.9294623274355325,1780320266649,906cef2b2f4f465eb47f298a50065e54,18,f
val_pr_auc_mood/theme---travel,0.025049624785083442,1780320266649,906cef2b2f4f465eb47f298a50065e54,18,f
val_roc_auc_mood/theme---travel,0.6524249987764891,1780320266649,906cef2b2f4f465eb47f298a50065e54,18,f
val_pr_auc_mood/theme---upbeat,0.04763228595567637,1780320266649,906cef2b2f4f465eb47f298a50065e54,18,f
val_roc_auc_mood/theme---upbeat,0.5808180579638345,1780320266649,906cef2b2f4f465eb47f298a50065e54,18,f
val_pr_auc_mood/theme---uplifting,0.07014824249199311,1780320266649,906cef2b2f4f465eb47f298a50065e54,18,f
val_roc_auc_mood/theme---uplifting,0.6733335690170223,1780320266649,906cef2b2f4f465eb47f298a50065e54,18,f
val_macro_pr_auc,0.09284396617526085,1780320266649,906cef2b2f4f465eb47f298a50065e54,18,f
val_macro_roc_auc,0.7149812902575003,1780320266649,906cef2b2f4f465eb47f298a50065e54,18,f
val_roc_auc_mood/theme---groovy,0.5,1780321211416,906cef2b2f4f465eb47f298a50065e54,19,f
val_pr_auc_mood/theme---happy,0,1780321211416,906cef2b2f4f465eb47f298a50065e54,19,f
val_roc_auc_mood/theme---happy,0.5,1780321211416,906cef2b2f4f465eb47f298a50065e54,19,f
val_pr_auc_mood/theme---heavy,0,1780321211416,906cef2b2f4f465eb47f298a50065e54,19,f
val_roc_auc_mood/theme---heavy,0.5,1780321211416,906cef2b2f4f465eb47f298a50065e54,19,f
val_pr_auc_mood/theme---holiday,0,1780321211416,906cef2b2f4f465eb47f298a50065e54,19,f
val_roc_auc_mood/theme---holiday,0.5,1780321211416,906cef2b2f4f465eb47f298a50065e54,19,f
val_pr_auc_mood/theme---hopeful,0,1780321211416,906cef2b2f4f465eb47f298a50065e54,19,f
val_roc_auc_mood/theme---hopeful,0.5,1780321211416,906cef2b2f4f465eb47f298a50065e54,19,f
val_pr_auc_mood/theme---inspiring,0,1780321211416,906cef2b2f4f465eb47f298a50065e54,19,f
val_roc_auc_mood/theme---inspiring,0.5,1780321211416,906cef2b2f4f465eb47f298a50065e54,19,f
val_pr_auc_mood/theme---love,0,1780321211416,906cef2b2f4f465eb47f298a50065e54,19,f
val_roc_auc_mood/theme---love,0.5,1780321211416,906cef2b2f4f465eb47f298a50065e54,19,f
val_pr_auc_mood/theme---meditative,0,1780321211416,906cef2b2f4f465eb47f298a50065e54,19,f
val_roc_auc_mood/theme---meditative,0.5,1780321211416,906cef2b2f4f465eb47f298a50065e54,19,f
val_pr_auc_mood/theme---melancholic,0,1780321211416,906cef2b2f4f465eb47f298a50065e54,19,f
val_roc_auc_mood/theme---melancholic,0.5,1780321211416,906cef2b2f4f465eb47f298a50065e54,19,f
val_pr_auc_mood/theme---melodic,0,1780321211416,906cef2b2f4f465eb47f298a50065e54,19,f
val_roc_auc_mood/theme---melodic,0.5,1780321211416,906cef2b2f4f465eb47f298a50065e54,19,f
val_pr_auc_mood/theme---motivational,0,1780321211416,906cef2b2f4f465eb47f298a50065e54,19,f
val_roc_auc_mood/theme---motivational,0.5,1780321211416,906cef2b2f4f465eb47f298a50065e54,19,f
val_pr_auc_mood/theme---movie,0,1780321211416,906cef2b2f4f465eb47f298a50065e54,19,f
val_roc_auc_mood/theme---movie,0.5,1780321211416,906cef2b2f4f465eb47f298a50065e54,19,f
val_pr_auc_mood/theme---nature,0,1780321211416,906cef2b2f4f465eb47f298a50065e54,19,f
val_roc_auc_mood/theme---nature,0.5,1780321211416,906cef2b2f4f465eb47f298a50065e54,19,f
val_pr_auc_mood/theme---party,0,1780321211416,906cef2b2f4f465eb47f298a50065e54,19,f
val_roc_auc_mood/theme---party,0.5,1780321211416,906cef2b2f4f465eb47f298a50065e54,19,f
val_pr_auc_mood/theme---positive,0,1780321211416,906cef2b2f4f465eb47f298a50065e54,19,f
val_roc_auc_mood/theme---positive,0.5,1780321211416,906cef2b2f4f465eb47f298a50065e54,19,f
val_pr_auc_mood/theme---powerful,0,1780321211416,906cef2b2f4f465eb47f298a50065e54,19,f
val_roc_auc_mood/theme---powerful,0.5,1780321211416,906cef2b2f4f465eb47f298a50065e54,19,f
val_pr_auc_mood/theme---relaxing,0,1780321211416,906cef2b2f4f465eb47f298a50065e54,19,f
val_roc_auc_mood/theme---relaxing,0.5,1780321211416,906cef2b2f4f465eb47f298a50065e54,19,f
val_pr_auc_mood/theme---retro,0,1780321211416,906cef2b2f4f465eb47f298a50065e54,19,f
val_roc_auc_mood/theme---retro,0.5,1780321211416,906cef2b2f4f465eb47f298a50065e54,19,f
val_pr_auc_mood/theme---romantic,0,1780321211416,906cef2b2f4f465eb47f298a50065e54,19,f
val_roc_auc_mood/theme---romantic,0.5,1780321211416,906cef2b2f4f465eb47f298a50065e54,19,f
val_pr_auc_mood/theme---sad,0,1780321211416,906cef2b2f4f465eb47f298a50065e54,19,f
val_roc_auc_mood/theme---sad,0.5,1780321211416,906cef2b2f4f465eb47f298a50065e54,19,f
val_pr_auc_mood/theme---sexy,0,1780321211416,906cef2b2f4f465eb47f298a50065e54,19,f
val_roc_auc_mood/theme---sexy,0.5,1780321211416,906cef2b2f4f465eb47f298a50065e54,19,f
val_pr_auc_mood/theme---slow,0,1780321211416,906cef2b2f4f465eb47f298a50065e54,19,f
val_roc_auc_mood/theme---slow,0.5,1780321211416,906cef2b2f4f465eb47f298a50065e54,19,f
val_pr_auc_mood/theme---soft,0,1780321211416,906cef2b2f4f465eb47f298a50065e54,19,f
val_roc_auc_mood/theme---soft,0.5,1780321211416,906cef2b2f4f465eb47f298a50065e54,19,f
val_pr_auc_mood/theme---soundscape,0,1780321211416,906cef2b2f4f465eb47f298a50065e54,19,f
val_roc_auc_mood/theme---soundscape,0.5,1780321211416,906cef2b2f4f465eb47f298a50065e54,19,f
val_pr_auc_mood/theme---space,0,1780321211416,906cef2b2f4f465eb47f298a50065e54,19,f
val_roc_auc_mood/theme---space,0.5,1780321211416,906cef2b2f4f465eb47f298a50065e54,19,f
val_pr_auc_mood/theme---sport,0,1780321211416,906cef2b2f4f465eb47f298a50065e54,19,f
val_roc_auc_mood/theme---sport,0.5,1780321211416,906cef2b2f4f465eb47f298a50065e54,19,f
val_pr_auc_mood/theme---summer,0,1780321211416,906cef2b2f4f465eb47f298a50065e54,19,f
val_roc_auc_mood/theme---summer,0.5,1780321211416,906cef2b2f4f465eb47f298a50065e54,19,f
stdev_train_loss,0,1780320989727,906cef2b2f4f465eb47f298a50065e54,19,t
val_roc_auc_mood/theme---uplifting,0.5,1780321211416,906cef2b2f4f465eb47f298a50065e54,19,f
val_pr_auc_mood/theme---trailer,0,1780321211416,906cef2b2f4f465eb47f298a50065e54,19,f
val_pr_auc_mood/theme---uplifting,0,1780321211416,906cef2b2f4f465eb47f298a50065e54,19,f
val_roc_auc_mood/theme---upbeat,0.5,1780321211416,906cef2b2f4f465eb47f298a50065e54,19,f
val_pr_auc_mood/theme---upbeat,0,1780321211416,906cef2b2f4f465eb47f298a50065e54,19,f
val_roc_auc_mood/theme---travel,0.5,1780321211416,906cef2b2f4f465eb47f298a50065e54,19,f
val_pr_auc_mood/theme---travel,0,1780321211416,906cef2b2f4f465eb47f298a50065e54,19,f
val_roc_auc_mood/theme---trailer,0.5,1780321211416,906cef2b2f4f465eb47f298a50065e54,19,f
val_macro_roc_auc,0.5,1780321211416,906cef2b2f4f465eb47f298a50065e54,19,f
val_macro_pr_auc,0,1780321211416,906cef2b2f4f465eb47f298a50065e54,19,f
avg_train_loss,0,1780320988493,906cef2b2f4f465eb47f298a50065e54,19,t
train_loss,0,1780320990171,906cef2b2f4f465eb47f298a50065e54,19,t
val_loss_avg,0,1780321211416,906cef2b2f4f465eb47f298a50065e54,19,t
val_loss_std,0,1780321211416,906cef2b2f4f465eb47f298a50065e54,19,t
val_pr_auc_mood/theme---action,0,1780321211416,906cef2b2f4f465eb47f298a50065e54,19,f
val_roc_auc_mood/theme---action,0.5,1780321211416,906cef2b2f4f465eb47f298a50065e54,19,f
val_pr_auc_mood/theme---adventure,0,1780321211416,906cef2b2f4f465eb47f298a50065e54,19,f
val_roc_auc_mood/theme---adventure,0.5,1780321211416,906cef2b2f4f465eb47f298a50065e54,19,f
val_pr_auc_mood/theme---advertising,0,1780321211416,906cef2b2f4f465eb47f298a50065e54,19,f
val_roc_auc_mood/theme---advertising,0.5,1780321211416,906cef2b2f4f465eb47f298a50065e54,19,f
val_pr_auc_mood/theme---background,0,1780321211416,906cef2b2f4f465eb47f298a50065e54,19,f
val_roc_auc_mood/theme---background,0.5,1780321211416,906cef2b2f4f465eb47f298a50065e54,19,f
val_pr_auc_mood/theme---ballad,0,1780321211416,906cef2b2f4f465eb47f298a50065e54,19,f
val_roc_auc_mood/theme---ballad,0.5,1780321211416,906cef2b2f4f465eb47f298a50065e54,19,f
val_pr_auc_mood/theme---calm,0,1780321211416,906cef2b2f4f465eb47f298a50065e54,19,f
val_roc_auc_mood/theme---calm,0.5,1780321211416,906cef2b2f4f465eb47f298a50065e54,19,f
val_pr_auc_mood/theme---children,0,1780321211416,906cef2b2f4f465eb47f298a50065e54,19,f
val_roc_auc_mood/theme---children,0.5,1780321211416,906cef2b2f4f465eb47f298a50065e54,19,f
val_pr_auc_mood/theme---christmas,0,1780321211416,906cef2b2f4f465eb47f298a50065e54,19,f
val_roc_auc_mood/theme---christmas,0.5,1780321211416,906cef2b2f4f465eb47f298a50065e54,19,f
val_pr_auc_mood/theme---commercial,0,1780321211416,906cef2b2f4f465eb47f298a50065e54,19,f
val_roc_auc_mood/theme---commercial,0.5,1780321211416,906cef2b2f4f465eb47f298a50065e54,19,f
val_pr_auc_mood/theme---cool,0,1780321211416,906cef2b2f4f465eb47f298a50065e54,19,f
val_roc_auc_mood/theme---cool,0.5,1780321211416,906cef2b2f4f465eb47f298a50065e54,19,f
val_pr_auc_mood/theme---corporate,0,1780321211416,906cef2b2f4f465eb47f298a50065e54,19,f
val_roc_auc_mood/theme---corporate,0.5,1780321211416,906cef2b2f4f465eb47f298a50065e54,19,f
val_pr_auc_mood/theme---dark,0,1780321211416,906cef2b2f4f465eb47f298a50065e54,19,f
val_roc_auc_mood/theme---dark,0.5,1780321211416,906cef2b2f4f465eb47f298a50065e54,19,f
val_pr_auc_mood/theme---deep,0,1780321211416,906cef2b2f4f465eb47f298a50065e54,19,f
val_roc_auc_mood/theme---deep,0.5,1780321211416,906cef2b2f4f465eb47f298a50065e54,19,f
val_pr_auc_mood/theme---documentary,0,1780321211416,906cef2b2f4f465eb47f298a50065e54,19,f
val_roc_auc_mood/theme---documentary,0.5,1780321211416,906cef2b2f4f465eb47f298a50065e54,19,f
val_pr_auc_mood/theme---drama,0,1780321211416,906cef2b2f4f465eb47f298a50065e54,19,f
val_roc_auc_mood/theme---drama,0.5,1780321211416,906cef2b2f4f465eb47f298a50065e54,19,f
val_pr_auc_mood/theme---dramatic,0,1780321211416,906cef2b2f4f465eb47f298a50065e54,19,f
val_roc_auc_mood/theme---dramatic,0.5,1780321211416,906cef2b2f4f465eb47f298a50065e54,19,f
val_pr_auc_mood/theme---dream,0,1780321211416,906cef2b2f4f465eb47f298a50065e54,19,f
val_roc_auc_mood/theme---dream,0.5,1780321211416,906cef2b2f4f465eb47f298a50065e54,19,f
val_pr_auc_mood/theme---emotional,0,1780321211416,906cef2b2f4f465eb47f298a50065e54,19,f
val_roc_auc_mood/theme---emotional,0.5,1780321211416,906cef2b2f4f465eb47f298a50065e54,19,f
val_pr_auc_mood/theme---energetic,0,1780321211416,906cef2b2f4f465eb47f298a50065e54,19,f
val_roc_auc_mood/theme---energetic,0.5,1780321211416,906cef2b2f4f465eb47f298a50065e54,19,f
val_pr_auc_mood/theme---epic,0,1780321211416,906cef2b2f4f465eb47f298a50065e54,19,f
val_roc_auc_mood/theme---epic,0.5,1780321211416,906cef2b2f4f465eb47f298a50065e54,19,f
val_pr_auc_mood/theme---fast,0,1780321211416,906cef2b2f4f465eb47f298a50065e54,19,f
val_roc_auc_mood/theme---fast,0.5,1780321211416,906cef2b2f4f465eb47f298a50065e54,19,f
val_pr_auc_mood/theme---film,0,1780321211416,906cef2b2f4f465eb47f298a50065e54,19,f
val_roc_auc_mood/theme---film,0.5,1780321211416,906cef2b2f4f465eb47f298a50065e54,19,f
val_pr_auc_mood/theme---fun,0,1780321211416,906cef2b2f4f465eb47f298a50065e54,19,f
val_roc_auc_mood/theme---fun,0.5,1780321211416,906cef2b2f4f465eb47f298a50065e54,19,f
val_pr_auc_mood/theme---funny,0,1780321211416,906cef2b2f4f465eb47f298a50065e54,19,f
val_roc_auc_mood/theme---funny,0.5,1780321211416,906cef2b2f4f465eb47f298a50065e54,19,f
val_pr_auc_mood/theme---game,0,1780321211416,906cef2b2f4f465eb47f298a50065e54,19,f
val_roc_auc_mood/theme---game,0.5,1780321211416,906cef2b2f4f465eb47f298a50065e54,19,f
val_pr_auc_mood/theme---groovy,0,1780321211416,906cef2b2f4f465eb47f298a50065e54,19,f
val_roc_auc_mood/theme---drama,0.5,1780322150032,906cef2b2f4f465eb47f298a50065e54,20,f
train_loss,0,1780321927514,906cef2b2f4f465eb47f298a50065e54,20,t
avg_train_loss,0,1780321926550,906cef2b2f4f465eb47f298a50065e54,20,t
val_loss_avg,0,1780322150032,906cef2b2f4f465eb47f298a50065e54,20,t
val_loss_std,0,1780322150032,906cef2b2f4f465eb47f298a50065e54,20,t
val_pr_auc_mood/theme---action,0,1780322150032,906cef2b2f4f465eb47f298a50065e54,20,f
val_roc_auc_mood/theme---action,0.5,1780322150032,906cef2b2f4f465eb47f298a50065e54,20,f
val_pr_auc_mood/theme---adventure,0,1780322150032,906cef2b2f4f465eb47f298a50065e54,20,f
val_roc_auc_mood/theme---adventure,0.5,1780322150032,906cef2b2f4f465eb47f298a50065e54,20,f
val_pr_auc_mood/theme---advertising,0,1780322150032,906cef2b2f4f465eb47f298a50065e54,20,f
val_roc_auc_mood/theme---advertising,0.5,1780322150032,906cef2b2f4f465eb47f298a50065e54,20,f
val_pr_auc_mood/theme---background,0,1780322150032,906cef2b2f4f465eb47f298a50065e54,20,f
val_roc_auc_mood/theme---background,0.5,1780322150032,906cef2b2f4f465eb47f298a50065e54,20,f
val_pr_auc_mood/theme---ballad,0,1780322150032,906cef2b2f4f465eb47f298a50065e54,20,f
val_roc_auc_mood/theme---ballad,0.5,1780322150032,906cef2b2f4f465eb47f298a50065e54,20,f
val_pr_auc_mood/theme---calm,0,1780322150032,906cef2b2f4f465eb47f298a50065e54,20,f
val_roc_auc_mood/theme---calm,0.5,1780322150032,906cef2b2f4f465eb47f298a50065e54,20,f
val_pr_auc_mood/theme---children,0,1780322150032,906cef2b2f4f465eb47f298a50065e54,20,f
val_roc_auc_mood/theme---children,0.5,1780322150032,906cef2b2f4f465eb47f298a50065e54,20,f
val_pr_auc_mood/theme---christmas,0,1780322150032,906cef2b2f4f465eb47f298a50065e54,20,f
val_roc_auc_mood/theme---christmas,0.5,1780322150032,906cef2b2f4f465eb47f298a50065e54,20,f
val_pr_auc_mood/theme---commercial,0,1780322150032,906cef2b2f4f465eb47f298a50065e54,20,f
val_roc_auc_mood/theme---commercial,0.5,1780322150032,906cef2b2f4f465eb47f298a50065e54,20,f
val_pr_auc_mood/theme---cool,0,1780322150032,906cef2b2f4f465eb47f298a50065e54,20,f
val_roc_auc_mood/theme---cool,0.5,1780322150032,906cef2b2f4f465eb47f298a50065e54,20,f
val_pr_auc_mood/theme---corporate,0,1780322150032,906cef2b2f4f465eb47f298a50065e54,20,f
val_roc_auc_mood/theme---corporate,0.5,1780322150032,906cef2b2f4f465eb47f298a50065e54,20,f
val_pr_auc_mood/theme---dark,0,1780322150032,906cef2b2f4f465eb47f298a50065e54,20,f
val_roc_auc_mood/theme---dark,0.5,1780322150032,906cef2b2f4f465eb47f298a50065e54,20,f
val_pr_auc_mood/theme---deep,0,1780322150032,906cef2b2f4f465eb47f298a50065e54,20,f
val_roc_auc_mood/theme---deep,0.5,1780322150032,906cef2b2f4f465eb47f298a50065e54,20,f
val_pr_auc_mood/theme---documentary,0,1780322150032,906cef2b2f4f465eb47f298a50065e54,20,f
val_roc_auc_mood/theme---documentary,0.5,1780322150032,906cef2b2f4f465eb47f298a50065e54,20,f
val_pr_auc_mood/theme---drama,0,1780322150032,906cef2b2f4f465eb47f298a50065e54,20,f
val_pr_auc_mood/theme---dramatic,0,1780322150032,906cef2b2f4f465eb47f298a50065e54,20,f
val_roc_auc_mood/theme---dramatic,0.5,1780322150032,906cef2b2f4f465eb47f298a50065e54,20,f
val_pr_auc_mood/theme---dream,0,1780322150032,906cef2b2f4f465eb47f298a50065e54,20,f
val_roc_auc_mood/theme---dream,0.5,1780322150032,906cef2b2f4f465eb47f298a50065e54,20,f
val_pr_auc_mood/theme---emotional,0,1780322150032,906cef2b2f4f465eb47f298a50065e54,20,f
val_roc_auc_mood/theme---emotional,0.5,1780322150032,906cef2b2f4f465eb47f298a50065e54,20,f
val_pr_auc_mood/theme---energetic,0,1780322150032,906cef2b2f4f465eb47f298a50065e54,20,f
val_roc_auc_mood/theme---energetic,0.5,1780322150032,906cef2b2f4f465eb47f298a50065e54,20,f
val_pr_auc_mood/theme---epic,0,1780322150032,906cef2b2f4f465eb47f298a50065e54,20,f
val_roc_auc_mood/theme---epic,0.5,1780322150032,906cef2b2f4f465eb47f298a50065e54,20,f
val_pr_auc_mood/theme---fast,0,1780322150032,906cef2b2f4f465eb47f298a50065e54,20,f
val_roc_auc_mood/theme---fast,0.5,1780322150032,906cef2b2f4f465eb47f298a50065e54,20,f
val_pr_auc_mood/theme---film,0,1780322150032,906cef2b2f4f465eb47f298a50065e54,20,f
val_roc_auc_mood/theme---film,0.5,1780322150032,906cef2b2f4f465eb47f298a50065e54,20,f
val_pr_auc_mood/theme---fun,0,1780322150032,906cef2b2f4f465eb47f298a50065e54,20,f
val_roc_auc_mood/theme---fun,0.5,1780322150032,906cef2b2f4f465eb47f298a50065e54,20,f
val_pr_auc_mood/theme---funny,0,1780322150032,906cef2b2f4f465eb47f298a50065e54,20,f
val_roc_auc_mood/theme---funny,0.5,1780322150032,906cef2b2f4f465eb47f298a50065e54,20,f
val_pr_auc_mood/theme---game,0,1780322150032,906cef2b2f4f465eb47f298a50065e54,20,f
stdev_train_loss,0,1780321927077,906cef2b2f4f465eb47f298a50065e54,20,t
val_pr_auc_mood/theme---groovy,0,1780322150032,906cef2b2f4f465eb47f298a50065e54,20,f
val_roc_auc_mood/theme---groovy,0.5,1780322150032,906cef2b2f4f465eb47f298a50065e54,20,f
val_pr_auc_mood/theme---happy,0,1780322150032,906cef2b2f4f465eb47f298a50065e54,20,f
val_roc_auc_mood/theme---happy,0.5,1780322150032,906cef2b2f4f465eb47f298a50065e54,20,f
val_pr_auc_mood/theme---heavy,0,1780322150032,906cef2b2f4f465eb47f298a50065e54,20,f
val_roc_auc_mood/theme---heavy,0.5,1780322150032,906cef2b2f4f465eb47f298a50065e54,20,f
val_pr_auc_mood/theme---holiday,0,1780322150032,906cef2b2f4f465eb47f298a50065e54,20,f
val_roc_auc_mood/theme---holiday,0.5,1780322150032,906cef2b2f4f465eb47f298a50065e54,20,f
val_pr_auc_mood/theme---hopeful,0,1780322150032,906cef2b2f4f465eb47f298a50065e54,20,f
val_roc_auc_mood/theme---hopeful,0.5,1780322150032,906cef2b2f4f465eb47f298a50065e54,20,f
val_pr_auc_mood/theme---inspiring,0,1780322150032,906cef2b2f4f465eb47f298a50065e54,20,f
val_roc_auc_mood/theme---inspiring,0.5,1780322150032,906cef2b2f4f465eb47f298a50065e54,20,f
val_pr_auc_mood/theme---love,0,1780322150032,906cef2b2f4f465eb47f298a50065e54,20,f
val_roc_auc_mood/theme---love,0.5,1780322150032,906cef2b2f4f465eb47f298a50065e54,20,f
val_pr_auc_mood/theme---meditative,0,1780322150032,906cef2b2f4f465eb47f298a50065e54,20,f
val_roc_auc_mood/theme---meditative,0.5,1780322150032,906cef2b2f4f465eb47f298a50065e54,20,f
val_pr_auc_mood/theme---melancholic,0,1780322150032,906cef2b2f4f465eb47f298a50065e54,20,f
val_roc_auc_mood/theme---melancholic,0.5,1780322150032,906cef2b2f4f465eb47f298a50065e54,20,f
val_pr_auc_mood/theme---melodic,0,1780322150032,906cef2b2f4f465eb47f298a50065e54,20,f
val_roc_auc_mood/theme---melodic,0.5,1780322150032,906cef2b2f4f465eb47f298a50065e54,20,f
val_pr_auc_mood/theme---motivational,0,1780322150032,906cef2b2f4f465eb47f298a50065e54,20,f
val_roc_auc_mood/theme---motivational,0.5,1780322150032,906cef2b2f4f465eb47f298a50065e54,20,f
val_pr_auc_mood/theme---movie,0,1780322150032,906cef2b2f4f465eb47f298a50065e54,20,f
val_roc_auc_mood/theme---movie,0.5,1780322150032,906cef2b2f4f465eb47f298a50065e54,20,f
val_pr_auc_mood/theme---nature,0,1780322150032,906cef2b2f4f465eb47f298a50065e54,20,f
val_roc_auc_mood/theme---nature,0.5,1780322150032,906cef2b2f4f465eb47f298a50065e54,20,f
val_pr_auc_mood/theme---party,0,1780322150032,906cef2b2f4f465eb47f298a50065e54,20,f
val_roc_auc_mood/theme---party,0.5,1780322150032,906cef2b2f4f465eb47f298a50065e54,20,f
val_pr_auc_mood/theme---positive,0,1780322150032,906cef2b2f4f465eb47f298a50065e54,20,f
val_roc_auc_mood/theme---positive,0.5,1780322150032,906cef2b2f4f465eb47f298a50065e54,20,f
val_pr_auc_mood/theme---powerful,0,1780322150032,906cef2b2f4f465eb47f298a50065e54,20,f
val_roc_auc_mood/theme---powerful,0.5,1780322150032,906cef2b2f4f465eb47f298a50065e54,20,f
val_pr_auc_mood/theme---relaxing,0,1780322150032,906cef2b2f4f465eb47f298a50065e54,20,f
val_roc_auc_mood/theme---relaxing,0.5,1780322150032,906cef2b2f4f465eb47f298a50065e54,20,f
val_pr_auc_mood/theme---retro,0,1780322150032,906cef2b2f4f465eb47f298a50065e54,20,f
val_roc_auc_mood/theme---retro,0.5,1780322150032,906cef2b2f4f465eb47f298a50065e54,20,f
val_pr_auc_mood/theme---romantic,0,1780322150032,906cef2b2f4f465eb47f298a50065e54,20,f
val_roc_auc_mood/theme---romantic,0.5,1780322150032,906cef2b2f4f465eb47f298a50065e54,20,f
val_pr_auc_mood/theme---sad,0,1780322150032,906cef2b2f4f465eb47f298a50065e54,20,f
val_roc_auc_mood/theme---sad,0.5,1780322150032,906cef2b2f4f465eb47f298a50065e54,20,f
val_pr_auc_mood/theme---sexy,0,1780322150032,906cef2b2f4f465eb47f298a50065e54,20,f
val_roc_auc_mood/theme---sexy,0.5,1780322150032,906cef2b2f4f465eb47f298a50065e54,20,f
val_pr_auc_mood/theme---slow,0,1780322150032,906cef2b2f4f465eb47f298a50065e54,20,f
val_roc_auc_mood/theme---slow,0.5,1780322150032,906cef2b2f4f465eb47f298a50065e54,20,f
val_pr_auc_mood/theme---soft,0,1780322150032,906cef2b2f4f465eb47f298a50065e54,20,f
val_roc_auc_mood/theme---soft,0.5,1780322150032,906cef2b2f4f465eb47f298a50065e54,20,f
val_pr_auc_mood/theme---soundscape,0,1780322150032,906cef2b2f4f465eb47f298a50065e54,20,f
val_roc_auc_mood/theme---soundscape,0.5,1780322150032,906cef2b2f4f465eb47f298a50065e54,20,f
val_pr_auc_mood/theme---space,0,1780322150032,906cef2b2f4f465eb47f298a50065e54,20,f
val_roc_auc_mood/theme---space,0.5,1780322150032,906cef2b2f4f465eb47f298a50065e54,20,f
val_pr_auc_mood/theme---sport,0,1780322150032,906cef2b2f4f465eb47f298a50065e54,20,f
val_roc_auc_mood/theme---sport,0.5,1780322150032,906cef2b2f4f465eb47f298a50065e54,20,f
val_pr_auc_mood/theme---summer,0,1780322150032,906cef2b2f4f465eb47f298a50065e54,20,f
val_roc_auc_mood/theme---summer,0.5,1780322150032,906cef2b2f4f465eb47f298a50065e54,20,f
val_pr_auc_mood/theme---trailer,0,1780322150032,906cef2b2f4f465eb47f298a50065e54,20,f
val_roc_auc_mood/theme---trailer,0.5,1780322150032,906cef2b2f4f465eb47f298a50065e54,20,f
val_pr_auc_mood/theme---travel,0,1780322150032,906cef2b2f4f465eb47f298a50065e54,20,f
val_roc_auc_mood/theme---travel,0.5,1780322150032,906cef2b2f4f465eb47f298a50065e54,20,f
val_pr_auc_mood/theme---upbeat,0,1780322150032,906cef2b2f4f465eb47f298a50065e54,20,f
val_roc_auc_mood/theme---upbeat,0.5,1780322150032,906cef2b2f4f465eb47f298a50065e54,20,f
val_pr_auc_mood/theme---uplifting,0,1780322150032,906cef2b2f4f465eb47f298a50065e54,20,f
val_roc_auc_mood/theme---uplifting,0.5,1780322150032,906cef2b2f4f465eb47f298a50065e54,20,f
val_macro_pr_auc,0,1780322150032,906cef2b2f4f465eb47f298a50065e54,20,f
val_macro_roc_auc,0.5,1780322150032,906cef2b2f4f465eb47f298a50065e54,20,f
val_roc_auc_mood/theme---game,0.5,1780322150032,906cef2b2f4f465eb47f298a50065e54,20,f
val_pr_auc_mood/theme---film,0,1780323119307,906cef2b2f4f465eb47f298a50065e54,21,f
val_roc_auc_mood/theme---film,0.5,1780323119307,906cef2b2f4f465eb47f298a50065e54,21,f
val_pr_auc_mood/theme---fun,0,1780323119307,906cef2b2f4f465eb47f298a50065e54,21,f
val_roc_auc_mood/theme---fun,0.5,1780323119307,906cef2b2f4f465eb47f298a50065e54,21,f
val_pr_auc_mood/theme---funny,0,1780323119307,906cef2b2f4f465eb47f298a50065e54,21,f
val_roc_auc_mood/theme---funny,0.5,1780323119307,906cef2b2f4f465eb47f298a50065e54,21,f
val_pr_auc_mood/theme---game,0,1780323119307,906cef2b2f4f465eb47f298a50065e54,21,f
val_roc_auc_mood/theme---game,0.5,1780323119307,906cef2b2f4f465eb47f298a50065e54,21,f
val_pr_auc_mood/theme---groovy,0,1780323119307,906cef2b2f4f465eb47f298a50065e54,21,f
val_roc_auc_mood/theme---groovy,0.5,1780323119307,906cef2b2f4f465eb47f298a50065e54,21,f
val_pr_auc_mood/theme---happy,0,1780323119307,906cef2b2f4f465eb47f298a50065e54,21,f
avg_train_loss,0,1780322925660,906cef2b2f4f465eb47f298a50065e54,21,t
val_roc_auc_mood/theme---happy,0.5,1780323119307,906cef2b2f4f465eb47f298a50065e54,21,f
val_roc_auc_mood/theme---advertising,0.5,1780323119307,906cef2b2f4f465eb47f298a50065e54,21,f
val_macro_roc_auc,0.5,1780323119307,906cef2b2f4f465eb47f298a50065e54,21,f
val_macro_pr_auc,0,1780323119307,906cef2b2f4f465eb47f298a50065e54,21,f
val_roc_auc_mood/theme---uplifting,0.5,1780323119307,906cef2b2f4f465eb47f298a50065e54,21,f
val_pr_auc_mood/theme---uplifting,0,1780323119307,906cef2b2f4f465eb47f298a50065e54,21,f
val_roc_auc_mood/theme---upbeat,0.5,1780323119307,906cef2b2f4f465eb47f298a50065e54,21,f
val_pr_auc_mood/theme---upbeat,0,1780323119307,906cef2b2f4f465eb47f298a50065e54,21,f
val_roc_auc_mood/theme---travel,0.5,1780323119307,906cef2b2f4f465eb47f298a50065e54,21,f
val_pr_auc_mood/theme---travel,0,1780323119307,906cef2b2f4f465eb47f298a50065e54,21,f
val_roc_auc_mood/theme---trailer,0.5,1780323119307,906cef2b2f4f465eb47f298a50065e54,21,f
val_pr_auc_mood/theme---trailer,0,1780323119307,906cef2b2f4f465eb47f298a50065e54,21,f
val_roc_auc_mood/theme---summer,0.5,1780323119307,906cef2b2f4f465eb47f298a50065e54,21,f
val_pr_auc_mood/theme---summer,0,1780323119307,906cef2b2f4f465eb47f298a50065e54,21,f
val_roc_auc_mood/theme---sport,0.5,1780323119307,906cef2b2f4f465eb47f298a50065e54,21,f
val_pr_auc_mood/theme---sport,0,1780323119307,906cef2b2f4f465eb47f298a50065e54,21,f
val_roc_auc_mood/theme---space,0.5,1780323119307,906cef2b2f4f465eb47f298a50065e54,21,f
val_pr_auc_mood/theme---space,0,1780323119307,906cef2b2f4f465eb47f298a50065e54,21,f
val_roc_auc_mood/theme---soundscape,0.5,1780323119307,906cef2b2f4f465eb47f298a50065e54,21,f
val_pr_auc_mood/theme---soundscape,0,1780323119307,906cef2b2f4f465eb47f298a50065e54,21,f
val_roc_auc_mood/theme---soft,0.5,1780323119307,906cef2b2f4f465eb47f298a50065e54,21,f
val_pr_auc_mood/theme---soft,0,1780323119307,906cef2b2f4f465eb47f298a50065e54,21,f
val_roc_auc_mood/theme---slow,0.5,1780323119307,906cef2b2f4f465eb47f298a50065e54,21,f
val_pr_auc_mood/theme---slow,0,1780323119307,906cef2b2f4f465eb47f298a50065e54,21,f
val_roc_auc_mood/theme---sexy,0.5,1780323119307,906cef2b2f4f465eb47f298a50065e54,21,f
val_pr_auc_mood/theme---sexy,0,1780323119307,906cef2b2f4f465eb47f298a50065e54,21,f
val_roc_auc_mood/theme---sad,0.5,1780323119307,906cef2b2f4f465eb47f298a50065e54,21,f
val_pr_auc_mood/theme---sad,0,1780323119307,906cef2b2f4f465eb47f298a50065e54,21,f
val_roc_auc_mood/theme---romantic,0.5,1780323119307,906cef2b2f4f465eb47f298a50065e54,21,f
val_pr_auc_mood/theme---romantic,0,1780323119307,906cef2b2f4f465eb47f298a50065e54,21,f
val_roc_auc_mood/theme---retro,0.5,1780323119307,906cef2b2f4f465eb47f298a50065e54,21,f
val_pr_auc_mood/theme---retro,0,1780323119307,906cef2b2f4f465eb47f298a50065e54,21,f
val_roc_auc_mood/theme---relaxing,0.5,1780323119307,906cef2b2f4f465eb47f298a50065e54,21,f
val_pr_auc_mood/theme---relaxing,0,1780323119307,906cef2b2f4f465eb47f298a50065e54,21,f
val_roc_auc_mood/theme---powerful,0.5,1780323119307,906cef2b2f4f465eb47f298a50065e54,21,f
val_pr_auc_mood/theme---powerful,0,1780323119307,906cef2b2f4f465eb47f298a50065e54,21,f
val_roc_auc_mood/theme---positive,0.5,1780323119307,906cef2b2f4f465eb47f298a50065e54,21,f
val_pr_auc_mood/theme---positive,0,1780323119307,906cef2b2f4f465eb47f298a50065e54,21,f
val_roc_auc_mood/theme---party,0.5,1780323119307,906cef2b2f4f465eb47f298a50065e54,21,f
val_pr_auc_mood/theme---party,0,1780323119307,906cef2b2f4f465eb47f298a50065e54,21,f
val_roc_auc_mood/theme---nature,0.5,1780323119307,906cef2b2f4f465eb47f298a50065e54,21,f
val_pr_auc_mood/theme---heavy,0,1780323119307,906cef2b2f4f465eb47f298a50065e54,21,f
val_loss_avg,0,1780323119307,906cef2b2f4f465eb47f298a50065e54,21,t
val_loss_std,0,1780323119307,906cef2b2f4f465eb47f298a50065e54,21,t
val_pr_auc_mood/theme---action,0,1780323119307,906cef2b2f4f465eb47f298a50065e54,21,f
val_roc_auc_mood/theme---action,0.5,1780323119307,906cef2b2f4f465eb47f298a50065e54,21,f
val_pr_auc_mood/theme---adventure,0,1780323119307,906cef2b2f4f465eb47f298a50065e54,21,f
val_roc_auc_mood/theme---adventure,0.5,1780323119307,906cef2b2f4f465eb47f298a50065e54,21,f
val_pr_auc_mood/theme---advertising,0,1780323119307,906cef2b2f4f465eb47f298a50065e54,21,f
val_pr_auc_mood/theme---holiday,0,1780323119307,906cef2b2f4f465eb47f298a50065e54,21,f
val_roc_auc_mood/theme---heavy,0.5,1780323119307,906cef2b2f4f465eb47f298a50065e54,21,f
train_loss,0,1780322926571,906cef2b2f4f465eb47f298a50065e54,21,t
stdev_train_loss,0,1780322926133,906cef2b2f4f465eb47f298a50065e54,21,t
val_pr_auc_mood/theme---nature,0,1780323119307,906cef2b2f4f465eb47f298a50065e54,21,f
val_roc_auc_mood/theme---movie,0.5,1780323119307,906cef2b2f4f465eb47f298a50065e54,21,f
val_pr_auc_mood/theme---movie,0,1780323119307,906cef2b2f4f465eb47f298a50065e54,21,f
val_roc_auc_mood/theme---motivational,0.5,1780323119307,906cef2b2f4f465eb47f298a50065e54,21,f
val_pr_auc_mood/theme---motivational,0,1780323119307,906cef2b2f4f465eb47f298a50065e54,21,f
val_roc_auc_mood/theme---melodic,0.5,1780323119307,906cef2b2f4f465eb47f298a50065e54,21,f
val_pr_auc_mood/theme---melodic,0,1780323119307,906cef2b2f4f465eb47f298a50065e54,21,f
val_roc_auc_mood/theme---melancholic,0.5,1780323119307,906cef2b2f4f465eb47f298a50065e54,21,f
val_pr_auc_mood/theme---melancholic,0,1780323119307,906cef2b2f4f465eb47f298a50065e54,21,f
val_roc_auc_mood/theme---meditative,0.5,1780323119307,906cef2b2f4f465eb47f298a50065e54,21,f
val_pr_auc_mood/theme---meditative,0,1780323119307,906cef2b2f4f465eb47f298a50065e54,21,f
val_roc_auc_mood/theme---love,0.5,1780323119307,906cef2b2f4f465eb47f298a50065e54,21,f
val_pr_auc_mood/theme---love,0,1780323119307,906cef2b2f4f465eb47f298a50065e54,21,f
val_roc_auc_mood/theme---inspiring,0.5,1780323119307,906cef2b2f4f465eb47f298a50065e54,21,f
val_pr_auc_mood/theme---inspiring,0,1780323119307,906cef2b2f4f465eb47f298a50065e54,21,f
val_roc_auc_mood/theme---hopeful,0.5,1780323119307,906cef2b2f4f465eb47f298a50065e54,21,f
val_pr_auc_mood/theme---hopeful,0,1780323119307,906cef2b2f4f465eb47f298a50065e54,21,f
val_roc_auc_mood/theme---holiday,0.5,1780323119307,906cef2b2f4f465eb47f298a50065e54,21,f
val_pr_auc_mood/theme---background,0,1780323119307,906cef2b2f4f465eb47f298a50065e54,21,f
val_roc_auc_mood/theme---background,0.5,1780323119307,906cef2b2f4f465eb47f298a50065e54,21,f
val_pr_auc_mood/theme---ballad,0,1780323119307,906cef2b2f4f465eb47f298a50065e54,21,f
val_roc_auc_mood/theme---ballad,0.5,1780323119307,906cef2b2f4f465eb47f298a50065e54,21,f
val_pr_auc_mood/theme---calm,0,1780323119307,906cef2b2f4f465eb47f298a50065e54,21,f
val_roc_auc_mood/theme---calm,0.5,1780323119307,906cef2b2f4f465eb47f298a50065e54,21,f
val_pr_auc_mood/theme---children,0,1780323119307,906cef2b2f4f465eb47f298a50065e54,21,f
val_roc_auc_mood/theme---children,0.5,1780323119307,906cef2b2f4f465eb47f298a50065e54,21,f
val_pr_auc_mood/theme---christmas,0,1780323119307,906cef2b2f4f465eb47f298a50065e54,21,f
val_roc_auc_mood/theme---christmas,0.5,1780323119307,906cef2b2f4f465eb47f298a50065e54,21,f
val_pr_auc_mood/theme---commercial,0,1780323119307,906cef2b2f4f465eb47f298a50065e54,21,f
val_roc_auc_mood/theme---commercial,0.5,1780323119307,906cef2b2f4f465eb47f298a50065e54,21,f
val_pr_auc_mood/theme---cool,0,1780323119307,906cef2b2f4f465eb47f298a50065e54,21,f
val_roc_auc_mood/theme---cool,0.5,1780323119307,906cef2b2f4f465eb47f298a50065e54,21,f
val_pr_auc_mood/theme---corporate,0,1780323119307,906cef2b2f4f465eb47f298a50065e54,21,f
val_roc_auc_mood/theme---corporate,0.5,1780323119307,906cef2b2f4f465eb47f298a50065e54,21,f
val_pr_auc_mood/theme---dark,0,1780323119307,906cef2b2f4f465eb47f298a50065e54,21,f
val_roc_auc_mood/theme---dark,0.5,1780323119307,906cef2b2f4f465eb47f298a50065e54,21,f
val_pr_auc_mood/theme---deep,0,1780323119307,906cef2b2f4f465eb47f298a50065e54,21,f
val_roc_auc_mood/theme---deep,0.5,1780323119307,906cef2b2f4f465eb47f298a50065e54,21,f
val_pr_auc_mood/theme---documentary,0,1780323119307,906cef2b2f4f465eb47f298a50065e54,21,f
val_roc_auc_mood/theme---documentary,0.5,1780323119307,906cef2b2f4f465eb47f298a50065e54,21,f
val_pr_auc_mood/theme---drama,0,1780323119307,906cef2b2f4f465eb47f298a50065e54,21,f
val_roc_auc_mood/theme---drama,0.5,1780323119307,906cef2b2f4f465eb47f298a50065e54,21,f
val_pr_auc_mood/theme---dramatic,0,1780323119307,906cef2b2f4f465eb47f298a50065e54,21,f
val_roc_auc_mood/theme---dramatic,0.5,1780323119307,906cef2b2f4f465eb47f298a50065e54,21,f
val_pr_auc_mood/theme---dream,0,1780323119307,906cef2b2f4f465eb47f298a50065e54,21,f
val_roc_auc_mood/theme---dream,0.5,1780323119307,906cef2b2f4f465eb47f298a50065e54,21,f
val_pr_auc_mood/theme---emotional,0,1780323119307,906cef2b2f4f465eb47f298a50065e54,21,f
val_roc_auc_mood/theme---emotional,0.5,1780323119307,906cef2b2f4f465eb47f298a50065e54,21,f
val_pr_auc_mood/theme---energetic,0,1780323119307,906cef2b2f4f465eb47f298a50065e54,21,f
val_roc_auc_mood/theme---energetic,0.5,1780323119307,906cef2b2f4f465eb47f298a50065e54,21,f
val_pr_auc_mood/theme---epic,0,1780323119307,906cef2b2f4f465eb47f298a50065e54,21,f
val_roc_auc_mood/theme---epic,0.5,1780323119307,906cef2b2f4f465eb47f298a50065e54,21,f
val_pr_auc_mood/theme---fast,0,1780323119307,906cef2b2f4f465eb47f298a50065e54,21,f
val_roc_auc_mood/theme---fast,0.5,1780323119307,906cef2b2f4f465eb47f298a50065e54,21,f
val_roc_auc_mood/theme---deep,0.5,1780324128842,906cef2b2f4f465eb47f298a50065e54,22,f
stdev_train_loss,0,1780323915230,906cef2b2f4f465eb47f298a50065e54,22,t
avg_train_loss,0,1780323914107,906cef2b2f4f465eb47f298a50065e54,22,t
train_loss,0,1780323915683,906cef2b2f4f465eb47f298a50065e54,22,t
val_loss_avg,0,1780324128842,906cef2b2f4f465eb47f298a50065e54,22,t
val_loss_std,0,1780324128842,906cef2b2f4f465eb47f298a50065e54,22,t
val_pr_auc_mood/theme---action,0,1780324128842,906cef2b2f4f465eb47f298a50065e54,22,f
val_roc_auc_mood/theme---action,0.5,1780324128842,906cef2b2f4f465eb47f298a50065e54,22,f
val_pr_auc_mood/theme---adventure,0,1780324128842,906cef2b2f4f465eb47f298a50065e54,22,f
val_roc_auc_mood/theme---adventure,0.5,1780324128842,906cef2b2f4f465eb47f298a50065e54,22,f
val_pr_auc_mood/theme---advertising,0,1780324128842,906cef2b2f4f465eb47f298a50065e54,22,f
val_roc_auc_mood/theme---advertising,0.5,1780324128842,906cef2b2f4f465eb47f298a50065e54,22,f
val_pr_auc_mood/theme---background,0,1780324128842,906cef2b2f4f465eb47f298a50065e54,22,f
val_roc_auc_mood/theme---background,0.5,1780324128842,906cef2b2f4f465eb47f298a50065e54,22,f
val_pr_auc_mood/theme---ballad,0,1780324128842,906cef2b2f4f465eb47f298a50065e54,22,f
val_roc_auc_mood/theme---ballad,0.5,1780324128842,906cef2b2f4f465eb47f298a50065e54,22,f
val_pr_auc_mood/theme---calm,0,1780324128842,906cef2b2f4f465eb47f298a50065e54,22,f
val_roc_auc_mood/theme---calm,0.5,1780324128842,906cef2b2f4f465eb47f298a50065e54,22,f
val_pr_auc_mood/theme---children,0,1780324128842,906cef2b2f4f465eb47f298a50065e54,22,f
val_roc_auc_mood/theme---children,0.5,1780324128842,906cef2b2f4f465eb47f298a50065e54,22,f
val_pr_auc_mood/theme---christmas,0,1780324128842,906cef2b2f4f465eb47f298a50065e54,22,f
val_roc_auc_mood/theme---christmas,0.5,1780324128842,906cef2b2f4f465eb47f298a50065e54,22,f
val_pr_auc_mood/theme---commercial,0,1780324128842,906cef2b2f4f465eb47f298a50065e54,22,f
val_roc_auc_mood/theme---commercial,0.5,1780324128842,906cef2b2f4f465eb47f298a50065e54,22,f
val_pr_auc_mood/theme---cool,0,1780324128842,906cef2b2f4f465eb47f298a50065e54,22,f
val_roc_auc_mood/theme---cool,0.5,1780324128842,906cef2b2f4f465eb47f298a50065e54,22,f
val_pr_auc_mood/theme---corporate,0,1780324128842,906cef2b2f4f465eb47f298a50065e54,22,f
val_roc_auc_mood/theme---corporate,0.5,1780324128842,906cef2b2f4f465eb47f298a50065e54,22,f
val_pr_auc_mood/theme---dark,0,1780324128842,906cef2b2f4f465eb47f298a50065e54,22,f
val_roc_auc_mood/theme---dark,0.5,1780324128842,906cef2b2f4f465eb47f298a50065e54,22,f
val_pr_auc_mood/theme---deep,0,1780324128842,906cef2b2f4f465eb47f298a50065e54,22,f
val_pr_auc_mood/theme---documentary,0,1780324128842,906cef2b2f4f465eb47f298a50065e54,22,f
val_roc_auc_mood/theme---documentary,0.5,1780324128842,906cef2b2f4f465eb47f298a50065e54,22,f
val_pr_auc_mood/theme---drama,0,1780324128842,906cef2b2f4f465eb47f298a50065e54,22,f
val_roc_auc_mood/theme---drama,0.5,1780324128842,906cef2b2f4f465eb47f298a50065e54,22,f
val_pr_auc_mood/theme---dramatic,0,1780324128842,906cef2b2f4f465eb47f298a50065e54,22,f
val_roc_auc_mood/theme---dramatic,0.5,1780324128842,906cef2b2f4f465eb47f298a50065e54,22,f
val_pr_auc_mood/theme---dream,0,1780324128842,906cef2b2f4f465eb47f298a50065e54,22,f
val_roc_auc_mood/theme---dream,0.5,1780324128842,906cef2b2f4f465eb47f298a50065e54,22,f
val_pr_auc_mood/theme---emotional,0,1780324128842,906cef2b2f4f465eb47f298a50065e54,22,f
val_roc_auc_mood/theme---emotional,0.5,1780324128842,906cef2b2f4f465eb47f298a50065e54,22,f
val_pr_auc_mood/theme---energetic,0,1780324128842,906cef2b2f4f465eb47f298a50065e54,22,f
val_roc_auc_mood/theme---energetic,0.5,1780324128842,906cef2b2f4f465eb47f298a50065e54,22,f
val_pr_auc_mood/theme---epic,0,1780324128842,906cef2b2f4f465eb47f298a50065e54,22,f
val_roc_auc_mood/theme---epic,0.5,1780324128842,906cef2b2f4f465eb47f298a50065e54,22,f
val_pr_auc_mood/theme---fast,0,1780324128842,906cef2b2f4f465eb47f298a50065e54,22,f
val_roc_auc_mood/theme---fast,0.5,1780324128842,906cef2b2f4f465eb47f298a50065e54,22,f
val_pr_auc_mood/theme---film,0,1780324128842,906cef2b2f4f465eb47f298a50065e54,22,f
val_roc_auc_mood/theme---film,0.5,1780324128842,906cef2b2f4f465eb47f298a50065e54,22,f
val_pr_auc_mood/theme---fun,0,1780324128842,906cef2b2f4f465eb47f298a50065e54,22,f
val_roc_auc_mood/theme---fun,0.5,1780324128842,906cef2b2f4f465eb47f298a50065e54,22,f
val_pr_auc_mood/theme---funny,0,1780324128842,906cef2b2f4f465eb47f298a50065e54,22,f
val_roc_auc_mood/theme---funny,0.5,1780324128842,906cef2b2f4f465eb47f298a50065e54,22,f
val_pr_auc_mood/theme---game,0,1780324128842,906cef2b2f4f465eb47f298a50065e54,22,f
val_roc_auc_mood/theme---game,0.5,1780324128842,906cef2b2f4f465eb47f298a50065e54,22,f
val_pr_auc_mood/theme---groovy,0,1780324128842,906cef2b2f4f465eb47f298a50065e54,22,f
val_roc_auc_mood/theme---groovy,0.5,1780324128842,906cef2b2f4f465eb47f298a50065e54,22,f
val_pr_auc_mood/theme---happy,0,1780324128842,906cef2b2f4f465eb47f298a50065e54,22,f
val_roc_auc_mood/theme---happy,0.5,1780324128842,906cef2b2f4f465eb47f298a50065e54,22,f
val_pr_auc_mood/theme---heavy,0,1780324128842,906cef2b2f4f465eb47f298a50065e54,22,f
val_roc_auc_mood/theme---heavy,0.5,1780324128842,906cef2b2f4f465eb47f298a50065e54,22,f
val_pr_auc_mood/theme---holiday,0,1780324128842,906cef2b2f4f465eb47f298a50065e54,22,f
val_roc_auc_mood/theme---holiday,0.5,1780324128842,906cef2b2f4f465eb47f298a50065e54,22,f
val_pr_auc_mood/theme---hopeful,0,1780324128842,906cef2b2f4f465eb47f298a50065e54,22,f
val_roc_auc_mood/theme---hopeful,0.5,1780324128842,906cef2b2f4f465eb47f298a50065e54,22,f
val_pr_auc_mood/theme---inspiring,0,1780324128842,906cef2b2f4f465eb47f298a50065e54,22,f
val_roc_auc_mood/theme---inspiring,0.5,1780324128842,906cef2b2f4f465eb47f298a50065e54,22,f
val_pr_auc_mood/theme---love,0,1780324128842,906cef2b2f4f465eb47f298a50065e54,22,f
val_roc_auc_mood/theme---love,0.5,1780324128842,906cef2b2f4f465eb47f298a50065e54,22,f
val_pr_auc_mood/theme---meditative,0,1780324128842,906cef2b2f4f465eb47f298a50065e54,22,f
val_roc_auc_mood/theme---meditative,0.5,1780324128842,906cef2b2f4f465eb47f298a50065e54,22,f
val_pr_auc_mood/theme---melancholic,0,1780324128842,906cef2b2f4f465eb47f298a50065e54,22,f
val_roc_auc_mood/theme---melancholic,0.5,1780324128842,906cef2b2f4f465eb47f298a50065e54,22,f
val_pr_auc_mood/theme---melodic,0,1780324128842,906cef2b2f4f465eb47f298a50065e54,22,f
val_roc_auc_mood/theme---melodic,0.5,1780324128842,906cef2b2f4f465eb47f298a50065e54,22,f
val_pr_auc_mood/theme---motivational,0,1780324128842,906cef2b2f4f465eb47f298a50065e54,22,f
val_roc_auc_mood/theme---motivational,0.5,1780324128842,906cef2b2f4f465eb47f298a50065e54,22,f
val_pr_auc_mood/theme---movie,0,1780324128842,906cef2b2f4f465eb47f298a50065e54,22,f
val_roc_auc_mood/theme---movie,0.5,1780324128842,906cef2b2f4f465eb47f298a50065e54,22,f
val_pr_auc_mood/theme---nature,0,1780324128842,906cef2b2f4f465eb47f298a50065e54,22,f
val_roc_auc_mood/theme---nature,0.5,1780324128842,906cef2b2f4f465eb47f298a50065e54,22,f
val_pr_auc_mood/theme---party,0,1780324128842,906cef2b2f4f465eb47f298a50065e54,22,f
val_roc_auc_mood/theme---party,0.5,1780324128842,906cef2b2f4f465eb47f298a50065e54,22,f
val_pr_auc_mood/theme---positive,0,1780324128842,906cef2b2f4f465eb47f298a50065e54,22,f
val_roc_auc_mood/theme---positive,0.5,1780324128842,906cef2b2f4f465eb47f298a50065e54,22,f
val_pr_auc_mood/theme---powerful,0,1780324128842,906cef2b2f4f465eb47f298a50065e54,22,f
val_roc_auc_mood/theme---powerful,0.5,1780324128842,906cef2b2f4f465eb47f298a50065e54,22,f
val_pr_auc_mood/theme---relaxing,0,1780324128842,906cef2b2f4f465eb47f298a50065e54,22,f
val_roc_auc_mood/theme---relaxing,0.5,1780324128842,906cef2b2f4f465eb47f298a50065e54,22,f
val_pr_auc_mood/theme---retro,0,1780324128842,906cef2b2f4f465eb47f298a50065e54,22,f
val_roc_auc_mood/theme---retro,0.5,1780324128842,906cef2b2f4f465eb47f298a50065e54,22,f
val_pr_auc_mood/theme---romantic,0,1780324128842,906cef2b2f4f465eb47f298a50065e54,22,f
val_roc_auc_mood/theme---romantic,0.5,1780324128842,906cef2b2f4f465eb47f298a50065e54,22,f
val_pr_auc_mood/theme---sad,0,1780324128842,906cef2b2f4f465eb47f298a50065e54,22,f
val_roc_auc_mood/theme---sad,0.5,1780324128842,906cef2b2f4f465eb47f298a50065e54,22,f
val_pr_auc_mood/theme---sexy,0,1780324128842,906cef2b2f4f465eb47f298a50065e54,22,f
val_roc_auc_mood/theme---sexy,0.5,1780324128842,906cef2b2f4f465eb47f298a50065e54,22,f
val_pr_auc_mood/theme---slow,0,1780324128842,906cef2b2f4f465eb47f298a50065e54,22,f
val_roc_auc_mood/theme---slow,0.5,1780324128842,906cef2b2f4f465eb47f298a50065e54,22,f
val_pr_auc_mood/theme---soft,0,1780324128842,906cef2b2f4f465eb47f298a50065e54,22,f
val_roc_auc_mood/theme---soft,0.5,1780324128842,906cef2b2f4f465eb47f298a50065e54,22,f
val_pr_auc_mood/theme---soundscape,0,1780324128842,906cef2b2f4f465eb47f298a50065e54,22,f
val_roc_auc_mood/theme---soundscape,0.5,1780324128842,906cef2b2f4f465eb47f298a50065e54,22,f
val_pr_auc_mood/theme---space,0,1780324128842,906cef2b2f4f465eb47f298a50065e54,22,f
val_roc_auc_mood/theme---space,0.5,1780324128842,906cef2b2f4f465eb47f298a50065e54,22,f
val_pr_auc_mood/theme---sport,0,1780324128842,906cef2b2f4f465eb47f298a50065e54,22,f
val_roc_auc_mood/theme---sport,0.5,1780324128842,906cef2b2f4f465eb47f298a50065e54,22,f
val_pr_auc_mood/theme---summer,0,1780324128842,906cef2b2f4f465eb47f298a50065e54,22,f
val_roc_auc_mood/theme---summer,0.5,1780324128842,906cef2b2f4f465eb47f298a50065e54,22,f
val_pr_auc_mood/theme---trailer,0,1780324128842,906cef2b2f4f465eb47f298a50065e54,22,f
val_roc_auc_mood/theme---trailer,0.5,1780324128842,906cef2b2f4f465eb47f298a50065e54,22,f
val_pr_auc_mood/theme---travel,0,1780324128842,906cef2b2f4f465eb47f298a50065e54,22,f
val_roc_auc_mood/theme---travel,0.5,1780324128842,906cef2b2f4f465eb47f298a50065e54,22,f
val_pr_auc_mood/theme---upbeat,0,1780324128842,906cef2b2f4f465eb47f298a50065e54,22,f
val_roc_auc_mood/theme---upbeat,0.5,1780324128842,906cef2b2f4f465eb47f298a50065e54,22,f
val_pr_auc_mood/theme---uplifting,0,1780324128842,906cef2b2f4f465eb47f298a50065e54,22,f
val_roc_auc_mood/theme---uplifting,0.5,1780324128842,906cef2b2f4f465eb47f298a50065e54,22,f
val_macro_pr_auc,0,1780324128842,906cef2b2f4f465eb47f298a50065e54,22,f
val_macro_roc_auc,0.5,1780324128842,906cef2b2f4f465eb47f298a50065e54,22,f
val_macro_pr_auc,0,1780325085457,906cef2b2f4f465eb47f298a50065e54,23,f
val_macro_roc_auc,0.5,1780325085457,906cef2b2f4f465eb47f298a50065e54,23,f
stdev_train_loss,0,1780324864018,906cef2b2f4f465eb47f298a50065e54,23,t
val_pr_auc_mood/theme---heavy,0,1780325085457,906cef2b2f4f465eb47f298a50065e54,23,f
val_roc_auc_mood/theme---happy,0.5,1780325085457,906cef2b2f4f465eb47f298a50065e54,23,f
val_pr_auc_mood/theme---happy,0,1780325085457,906cef2b2f4f465eb47f298a50065e54,23,f
val_roc_auc_mood/theme---groovy,0.5,1780325085457,906cef2b2f4f465eb47f298a50065e54,23,f
val_pr_auc_mood/theme---groovy,0,1780325085457,906cef2b2f4f465eb47f298a50065e54,23,f
val_roc_auc_mood/theme---game,0.5,1780325085457,906cef2b2f4f465eb47f298a50065e54,23,f
val_pr_auc_mood/theme---game,0,1780325085457,906cef2b2f4f465eb47f298a50065e54,23,f
val_roc_auc_mood/theme---funny,0.5,1780325085457,906cef2b2f4f465eb47f298a50065e54,23,f
val_pr_auc_mood/theme---funny,0,1780325085457,906cef2b2f4f465eb47f298a50065e54,23,f
val_roc_auc_mood/theme---fun,0.5,1780325085457,906cef2b2f4f465eb47f298a50065e54,23,f
val_pr_auc_mood/theme---fun,0,1780325085457,906cef2b2f4f465eb47f298a50065e54,23,f
val_roc_auc_mood/theme---film,0.5,1780325085457,906cef2b2f4f465eb47f298a50065e54,23,f
val_pr_auc_mood/theme---film,0,1780325085457,906cef2b2f4f465eb47f298a50065e54,23,f
val_roc_auc_mood/theme---fast,0.5,1780325085457,906cef2b2f4f465eb47f298a50065e54,23,f
val_pr_auc_mood/theme---fast,0,1780325085457,906cef2b2f4f465eb47f298a50065e54,23,f
val_roc_auc_mood/theme---epic,0.5,1780325085457,906cef2b2f4f465eb47f298a50065e54,23,f
val_pr_auc_mood/theme---epic,0,1780325085457,906cef2b2f4f465eb47f298a50065e54,23,f
val_roc_auc_mood/theme---energetic,0.5,1780325085457,906cef2b2f4f465eb47f298a50065e54,23,f
val_pr_auc_mood/theme---energetic,0,1780325085457,906cef2b2f4f465eb47f298a50065e54,23,f
val_roc_auc_mood/theme---emotional,0.5,1780325085457,906cef2b2f4f465eb47f298a50065e54,23,f
val_pr_auc_mood/theme---emotional,0,1780325085457,906cef2b2f4f465eb47f298a50065e54,23,f
val_roc_auc_mood/theme---dream,0.5,1780325085457,906cef2b2f4f465eb47f298a50065e54,23,f
val_pr_auc_mood/theme---dream,0,1780325085457,906cef2b2f4f465eb47f298a50065e54,23,f
val_roc_auc_mood/theme---dramatic,0.5,1780325085457,906cef2b2f4f465eb47f298a50065e54,23,f
val_pr_auc_mood/theme---dramatic,0,1780325085457,906cef2b2f4f465eb47f298a50065e54,23,f
val_roc_auc_mood/theme---drama,0.5,1780325085457,906cef2b2f4f465eb47f298a50065e54,23,f
val_pr_auc_mood/theme---drama,0,1780325085457,906cef2b2f4f465eb47f298a50065e54,23,f
val_roc_auc_mood/theme---documentary,0.5,1780325085457,906cef2b2f4f465eb47f298a50065e54,23,f
val_pr_auc_mood/theme---documentary,0,1780325085457,906cef2b2f4f465eb47f298a50065e54,23,f
val_roc_auc_mood/theme---deep,0.5,1780325085457,906cef2b2f4f465eb47f298a50065e54,23,f
val_pr_auc_mood/theme---deep,0,1780325085457,906cef2b2f4f465eb47f298a50065e54,23,f
val_roc_auc_mood/theme---dark,0.5,1780325085457,906cef2b2f4f465eb47f298a50065e54,23,f
val_pr_auc_mood/theme---dark,0,1780325085457,906cef2b2f4f465eb47f298a50065e54,23,f
val_roc_auc_mood/theme---corporate,0.5,1780325085457,906cef2b2f4f465eb47f298a50065e54,23,f
val_pr_auc_mood/theme---corporate,0,1780325085457,906cef2b2f4f465eb47f298a50065e54,23,f
val_roc_auc_mood/theme---cool,0.5,1780325085457,906cef2b2f4f465eb47f298a50065e54,23,f
val_pr_auc_mood/theme---cool,0,1780325085457,906cef2b2f4f465eb47f298a50065e54,23,f
val_roc_auc_mood/theme---commercial,0.5,1780325085457,906cef2b2f4f465eb47f298a50065e54,23,f
val_pr_auc_mood/theme---commercial,0,1780325085457,906cef2b2f4f465eb47f298a50065e54,23,f
val_roc_auc_mood/theme---christmas,0.5,1780325085457,906cef2b2f4f465eb47f298a50065e54,23,f
val_pr_auc_mood/theme---christmas,0,1780325085457,906cef2b2f4f465eb47f298a50065e54,23,f
val_roc_auc_mood/theme---children,0.5,1780325085457,906cef2b2f4f465eb47f298a50065e54,23,f
val_pr_auc_mood/theme---children,0,1780325085457,906cef2b2f4f465eb47f298a50065e54,23,f
val_roc_auc_mood/theme---calm,0.5,1780325085457,906cef2b2f4f465eb47f298a50065e54,23,f
val_pr_auc_mood/theme---calm,0,1780325085457,906cef2b2f4f465eb47f298a50065e54,23,f
val_roc_auc_mood/theme---ballad,0.5,1780325085457,906cef2b2f4f465eb47f298a50065e54,23,f
val_pr_auc_mood/theme---ballad,0,1780325085457,906cef2b2f4f465eb47f298a50065e54,23,f
val_roc_auc_mood/theme---background,0.5,1780325085457,906cef2b2f4f465eb47f298a50065e54,23,f
val_pr_auc_mood/theme---background,0,1780325085457,906cef2b2f4f465eb47f298a50065e54,23,f
val_roc_auc_mood/theme---advertising,0.5,1780325085457,906cef2b2f4f465eb47f298a50065e54,23,f
val_pr_auc_mood/theme---advertising,0,1780325085457,906cef2b2f4f465eb47f298a50065e54,23,f
val_roc_auc_mood/theme---adventure,0.5,1780325085457,906cef2b2f4f465eb47f298a50065e54,23,f
val_pr_auc_mood/theme---adventure,0,1780325085457,906cef2b2f4f465eb47f298a50065e54,23,f
val_roc_auc_mood/theme---action,0.5,1780325085457,906cef2b2f4f465eb47f298a50065e54,23,f
val_pr_auc_mood/theme---action,0,1780325085457,906cef2b2f4f465eb47f298a50065e54,23,f
val_loss_std,0,1780325085457,906cef2b2f4f465eb47f298a50065e54,23,t
val_loss_avg,0,1780325085457,906cef2b2f4f465eb47f298a50065e54,23,t
train_loss,0,1780324864441,906cef2b2f4f465eb47f298a50065e54,23,t
avg_train_loss,0,1780324862951,906cef2b2f4f465eb47f298a50065e54,23,t
val_roc_auc_mood/theme---heavy,0.5,1780325085457,906cef2b2f4f465eb47f298a50065e54,23,f
val_pr_auc_mood/theme---holiday,0,1780325085457,906cef2b2f4f465eb47f298a50065e54,23,f
val_roc_auc_mood/theme---holiday,0.5,1780325085457,906cef2b2f4f465eb47f298a50065e54,23,f
val_pr_auc_mood/theme---hopeful,0,1780325085457,906cef2b2f4f465eb47f298a50065e54,23,f
val_roc_auc_mood/theme---hopeful,0.5,1780325085457,906cef2b2f4f465eb47f298a50065e54,23,f
val_pr_auc_mood/theme---inspiring,0,1780325085457,906cef2b2f4f465eb47f298a50065e54,23,f
val_roc_auc_mood/theme---inspiring,0.5,1780325085457,906cef2b2f4f465eb47f298a50065e54,23,f
val_pr_auc_mood/theme---love,0,1780325085457,906cef2b2f4f465eb47f298a50065e54,23,f
val_roc_auc_mood/theme---love,0.5,1780325085457,906cef2b2f4f465eb47f298a50065e54,23,f
val_pr_auc_mood/theme---meditative,0,1780325085457,906cef2b2f4f465eb47f298a50065e54,23,f
val_roc_auc_mood/theme---meditative,0.5,1780325085457,906cef2b2f4f465eb47f298a50065e54,23,f
val_pr_auc_mood/theme---melancholic,0,1780325085457,906cef2b2f4f465eb47f298a50065e54,23,f
val_roc_auc_mood/theme---melancholic,0.5,1780325085457,906cef2b2f4f465eb47f298a50065e54,23,f
val_pr_auc_mood/theme---melodic,0,1780325085457,906cef2b2f4f465eb47f298a50065e54,23,f
val_roc_auc_mood/theme---melodic,0.5,1780325085457,906cef2b2f4f465eb47f298a50065e54,23,f
val_pr_auc_mood/theme---motivational,0,1780325085457,906cef2b2f4f465eb47f298a50065e54,23,f
val_roc_auc_mood/theme---motivational,0.5,1780325085457,906cef2b2f4f465eb47f298a50065e54,23,f
val_pr_auc_mood/theme---movie,0,1780325085457,906cef2b2f4f465eb47f298a50065e54,23,f
val_roc_auc_mood/theme---movie,0.5,1780325085457,906cef2b2f4f465eb47f298a50065e54,23,f
val_pr_auc_mood/theme---nature,0,1780325085457,906cef2b2f4f465eb47f298a50065e54,23,f
val_roc_auc_mood/theme---nature,0.5,1780325085457,906cef2b2f4f465eb47f298a50065e54,23,f
val_pr_auc_mood/theme---party,0,1780325085457,906cef2b2f4f465eb47f298a50065e54,23,f
val_roc_auc_mood/theme---party,0.5,1780325085457,906cef2b2f4f465eb47f298a50065e54,23,f
val_pr_auc_mood/theme---positive,0,1780325085457,906cef2b2f4f465eb47f298a50065e54,23,f
val_roc_auc_mood/theme---positive,0.5,1780325085457,906cef2b2f4f465eb47f298a50065e54,23,f
val_pr_auc_mood/theme---powerful,0,1780325085457,906cef2b2f4f465eb47f298a50065e54,23,f
val_roc_auc_mood/theme---powerful,0.5,1780325085457,906cef2b2f4f465eb47f298a50065e54,23,f
val_pr_auc_mood/theme---relaxing,0,1780325085457,906cef2b2f4f465eb47f298a50065e54,23,f
val_roc_auc_mood/theme---relaxing,0.5,1780325085457,906cef2b2f4f465eb47f298a50065e54,23,f
val_pr_auc_mood/theme---retro,0,1780325085457,906cef2b2f4f465eb47f298a50065e54,23,f
val_roc_auc_mood/theme---retro,0.5,1780325085457,906cef2b2f4f465eb47f298a50065e54,23,f
val_pr_auc_mood/theme---romantic,0,1780325085457,906cef2b2f4f465eb47f298a50065e54,23,f
val_roc_auc_mood/theme---romantic,0.5,1780325085457,906cef2b2f4f465eb47f298a50065e54,23,f
val_pr_auc_mood/theme---sad,0,1780325085457,906cef2b2f4f465eb47f298a50065e54,23,f
val_roc_auc_mood/theme---sad,0.5,1780325085457,906cef2b2f4f465eb47f298a50065e54,23,f
val_pr_auc_mood/theme---sexy,0,1780325085457,906cef2b2f4f465eb47f298a50065e54,23,f
val_roc_auc_mood/theme---sexy,0.5,1780325085457,906cef2b2f4f465eb47f298a50065e54,23,f
val_pr_auc_mood/theme---slow,0,1780325085457,906cef2b2f4f465eb47f298a50065e54,23,f
val_roc_auc_mood/theme---slow,0.5,1780325085457,906cef2b2f4f465eb47f298a50065e54,23,f
val_pr_auc_mood/theme---soft,0,1780325085457,906cef2b2f4f465eb47f298a50065e54,23,f
val_roc_auc_mood/theme---soft,0.5,1780325085457,906cef2b2f4f465eb47f298a50065e54,23,f
val_pr_auc_mood/theme---soundscape,0,1780325085457,906cef2b2f4f465eb47f298a50065e54,23,f
val_roc_auc_mood/theme---soundscape,0.5,1780325085457,906cef2b2f4f465eb47f298a50065e54,23,f
val_pr_auc_mood/theme---space,0,1780325085457,906cef2b2f4f465eb47f298a50065e54,23,f
val_roc_auc_mood/theme---space,0.5,1780325085457,906cef2b2f4f465eb47f298a50065e54,23,f
val_pr_auc_mood/theme---sport,0,1780325085457,906cef2b2f4f465eb47f298a50065e54,23,f
val_roc_auc_mood/theme---sport,0.5,1780325085457,906cef2b2f4f465eb47f298a50065e54,23,f
val_pr_auc_mood/theme---summer,0,1780325085457,906cef2b2f4f465eb47f298a50065e54,23,f
val_roc_auc_mood/theme---summer,0.5,1780325085457,906cef2b2f4f465eb47f298a50065e54,23,f
val_pr_auc_mood/theme---trailer,0,1780325085457,906cef2b2f4f465eb47f298a50065e54,23,f
val_roc_auc_mood/theme---trailer,0.5,1780325085457,906cef2b2f4f465eb47f298a50065e54,23,f
val_pr_auc_mood/theme---travel,0,1780325085457,906cef2b2f4f465eb47f298a50065e54,23,f
val_roc_auc_mood/theme---travel,0.5,1780325085457,906cef2b2f4f465eb47f298a50065e54,23,f
val_pr_auc_mood/theme---upbeat,0,1780325085457,906cef2b2f4f465eb47f298a50065e54,23,f
val_roc_auc_mood/theme---upbeat,0.5,1780325085457,906cef2b2f4f465eb47f298a50065e54,23,f
val_pr_auc_mood/theme---uplifting,0,1780325085457,906cef2b2f4f465eb47f298a50065e54,23,f
val_roc_auc_mood/theme---uplifting,0.5,1780325085457,906cef2b2f4f465eb47f298a50065e54,23,f
val_pr_auc_mood/theme---happy,0,1780326029174,906cef2b2f4f465eb47f298a50065e54,24,f
val_pr_auc_mood/theme---groovy,0,1780326029174,906cef2b2f4f465eb47f298a50065e54,24,f
val_roc_auc_mood/theme---game,0.5,1780326029174,906cef2b2f4f465eb47f298a50065e54,24,f
val_roc_auc_mood/theme---upbeat,0.5,1780326029174,906cef2b2f4f465eb47f298a50065e54,24,f
val_pr_auc_mood/theme---game,0,1780326029174,906cef2b2f4f465eb47f298a50065e54,24,f
val_roc_auc_mood/theme---funny,0.5,1780326029174,906cef2b2f4f465eb47f298a50065e54,24,f
val_loss_avg,0,1780326029174,906cef2b2f4f465eb47f298a50065e54,24,t
val_loss_std,0,1780326029174,906cef2b2f4f465eb47f298a50065e54,24,t
val_pr_auc_mood/theme---funny,0,1780326029174,906cef2b2f4f465eb47f298a50065e54,24,f
val_macro_roc_auc,0.5,1780326029174,906cef2b2f4f465eb47f298a50065e54,24,f
val_macro_pr_auc,0,1780326029174,906cef2b2f4f465eb47f298a50065e54,24,f
val_pr_auc_mood/theme---action,0,1780326029174,906cef2b2f4f465eb47f298a50065e54,24,f
val_roc_auc_mood/theme---uplifting,0.5,1780326029174,906cef2b2f4f465eb47f298a50065e54,24,f
val_roc_auc_mood/theme---action,0.5,1780326029174,906cef2b2f4f465eb47f298a50065e54,24,f
val_pr_auc_mood/theme---adventure,0,1780326029174,906cef2b2f4f465eb47f298a50065e54,24,f
val_pr_auc_mood/theme---uplifting,0,1780326029174,906cef2b2f4f465eb47f298a50065e54,24,f
val_roc_auc_mood/theme---adventure,0.5,1780326029174,906cef2b2f4f465eb47f298a50065e54,24,f
val_pr_auc_mood/theme---advertising,0,1780326029174,906cef2b2f4f465eb47f298a50065e54,24,f
val_roc_auc_mood/theme---advertising,0.5,1780326029174,906cef2b2f4f465eb47f298a50065e54,24,f
val_pr_auc_mood/theme---background,0,1780326029174,906cef2b2f4f465eb47f298a50065e54,24,f
val_roc_auc_mood/theme---background,0.5,1780326029174,906cef2b2f4f465eb47f298a50065e54,24,f
val_pr_auc_mood/theme---ballad,0,1780326029174,906cef2b2f4f465eb47f298a50065e54,24,f
val_roc_auc_mood/theme---ballad,0.5,1780326029174,906cef2b2f4f465eb47f298a50065e54,24,f
val_pr_auc_mood/theme---calm,0,1780326029174,906cef2b2f4f465eb47f298a50065e54,24,f
val_roc_auc_mood/theme---calm,0.5,1780326029174,906cef2b2f4f465eb47f298a50065e54,24,f
val_pr_auc_mood/theme---children,0,1780326029174,906cef2b2f4f465eb47f298a50065e54,24,f
val_roc_auc_mood/theme---children,0.5,1780326029174,906cef2b2f4f465eb47f298a50065e54,24,f
val_pr_auc_mood/theme---christmas,0,1780326029174,906cef2b2f4f465eb47f298a50065e54,24,f
val_roc_auc_mood/theme---christmas,0.5,1780326029174,906cef2b2f4f465eb47f298a50065e54,24,f
val_pr_auc_mood/theme---commercial,0,1780326029174,906cef2b2f4f465eb47f298a50065e54,24,f
val_roc_auc_mood/theme---commercial,0.5,1780326029174,906cef2b2f4f465eb47f298a50065e54,24,f
val_pr_auc_mood/theme---cool,0,1780326029174,906cef2b2f4f465eb47f298a50065e54,24,f
val_roc_auc_mood/theme---cool,0.5,1780326029174,906cef2b2f4f465eb47f298a50065e54,24,f
val_pr_auc_mood/theme---corporate,0,1780326029174,906cef2b2f4f465eb47f298a50065e54,24,f
val_roc_auc_mood/theme---corporate,0.5,1780326029174,906cef2b2f4f465eb47f298a50065e54,24,f
val_pr_auc_mood/theme---dark,0,1780326029174,906cef2b2f4f465eb47f298a50065e54,24,f
val_roc_auc_mood/theme---dark,0.5,1780326029174,906cef2b2f4f465eb47f298a50065e54,24,f
val_pr_auc_mood/theme---deep,0,1780326029174,906cef2b2f4f465eb47f298a50065e54,24,f
val_roc_auc_mood/theme---deep,0.5,1780326029174,906cef2b2f4f465eb47f298a50065e54,24,f
val_pr_auc_mood/theme---documentary,0,1780326029174,906cef2b2f4f465eb47f298a50065e54,24,f
val_roc_auc_mood/theme---documentary,0.5,1780326029174,906cef2b2f4f465eb47f298a50065e54,24,f
val_pr_auc_mood/theme---drama,0,1780326029174,906cef2b2f4f465eb47f298a50065e54,24,f
val_roc_auc_mood/theme---drama,0.5,1780326029174,906cef2b2f4f465eb47f298a50065e54,24,f
val_pr_auc_mood/theme---dramatic,0,1780326029174,906cef2b2f4f465eb47f298a50065e54,24,f
val_roc_auc_mood/theme---dramatic,0.5,1780326029174,906cef2b2f4f465eb47f298a50065e54,24,f
val_pr_auc_mood/theme---dream,0,1780326029174,906cef2b2f4f465eb47f298a50065e54,24,f
val_roc_auc_mood/theme---dream,0.5,1780326029174,906cef2b2f4f465eb47f298a50065e54,24,f
val_pr_auc_mood/theme---emotional,0,1780326029174,906cef2b2f4f465eb47f298a50065e54,24,f
val_roc_auc_mood/theme---emotional,0.5,1780326029174,906cef2b2f4f465eb47f298a50065e54,24,f
val_pr_auc_mood/theme---energetic,0,1780326029174,906cef2b2f4f465eb47f298a50065e54,24,f
val_roc_auc_mood/theme---energetic,0.5,1780326029174,906cef2b2f4f465eb47f298a50065e54,24,f
val_pr_auc_mood/theme---epic,0,1780326029174,906cef2b2f4f465eb47f298a50065e54,24,f
val_roc_auc_mood/theme---epic,0.5,1780326029174,906cef2b2f4f465eb47f298a50065e54,24,f
val_pr_auc_mood/theme---fast,0,1780326029174,906cef2b2f4f465eb47f298a50065e54,24,f
val_roc_auc_mood/theme---fast,0.5,1780326029174,906cef2b2f4f465eb47f298a50065e54,24,f
val_pr_auc_mood/theme---film,0,1780326029174,906cef2b2f4f465eb47f298a50065e54,24,f
val_roc_auc_mood/theme---film,0.5,1780326029174,906cef2b2f4f465eb47f298a50065e54,24,f
val_pr_auc_mood/theme---fun,0,1780326029174,906cef2b2f4f465eb47f298a50065e54,24,f
val_roc_auc_mood/theme---fun,0.5,1780326029174,906cef2b2f4f465eb47f298a50065e54,24,f
train_loss,0,1780325804786,906cef2b2f4f465eb47f298a50065e54,24,t
stdev_train_loss,0,1780325804339,906cef2b2f4f465eb47f298a50065e54,24,t
val_roc_auc_mood/theme---travel,0.5,1780326029174,906cef2b2f4f465eb47f298a50065e54,24,f
val_pr_auc_mood/theme---travel,0,1780326029174,906cef2b2f4f465eb47f298a50065e54,24,f
val_roc_auc_mood/theme---trailer,0.5,1780326029174,906cef2b2f4f465eb47f298a50065e54,24,f
val_pr_auc_mood/theme---trailer,0,1780326029174,906cef2b2f4f465eb47f298a50065e54,24,f
val_roc_auc_mood/theme---summer,0.5,1780326029174,906cef2b2f4f465eb47f298a50065e54,24,f
val_pr_auc_mood/theme---summer,0,1780326029174,906cef2b2f4f465eb47f298a50065e54,24,f
val_roc_auc_mood/theme---sport,0.5,1780326029174,906cef2b2f4f465eb47f298a50065e54,24,f
val_pr_auc_mood/theme---sport,0,1780326029174,906cef2b2f4f465eb47f298a50065e54,24,f
val_roc_auc_mood/theme---space,0.5,1780326029174,906cef2b2f4f465eb47f298a50065e54,24,f
val_pr_auc_mood/theme---space,0,1780326029174,906cef2b2f4f465eb47f298a50065e54,24,f
val_roc_auc_mood/theme---soundscape,0.5,1780326029174,906cef2b2f4f465eb47f298a50065e54,24,f
val_pr_auc_mood/theme---soundscape,0,1780326029174,906cef2b2f4f465eb47f298a50065e54,24,f
val_roc_auc_mood/theme---soft,0.5,1780326029174,906cef2b2f4f465eb47f298a50065e54,24,f
val_pr_auc_mood/theme---soft,0,1780326029174,906cef2b2f4f465eb47f298a50065e54,24,f
val_roc_auc_mood/theme---slow,0.5,1780326029174,906cef2b2f4f465eb47f298a50065e54,24,f
val_pr_auc_mood/theme---slow,0,1780326029174,906cef2b2f4f465eb47f298a50065e54,24,f
val_roc_auc_mood/theme---sexy,0.5,1780326029174,906cef2b2f4f465eb47f298a50065e54,24,f
val_pr_auc_mood/theme---sexy,0,1780326029174,906cef2b2f4f465eb47f298a50065e54,24,f
val_roc_auc_mood/theme---sad,0.5,1780326029174,906cef2b2f4f465eb47f298a50065e54,24,f
val_pr_auc_mood/theme---sad,0,1780326029174,906cef2b2f4f465eb47f298a50065e54,24,f
val_roc_auc_mood/theme---romantic,0.5,1780326029174,906cef2b2f4f465eb47f298a50065e54,24,f
val_pr_auc_mood/theme---romantic,0,1780326029174,906cef2b2f4f465eb47f298a50065e54,24,f
val_roc_auc_mood/theme---retro,0.5,1780326029174,906cef2b2f4f465eb47f298a50065e54,24,f
val_pr_auc_mood/theme---retro,0,1780326029174,906cef2b2f4f465eb47f298a50065e54,24,f
val_roc_auc_mood/theme---relaxing,0.5,1780326029174,906cef2b2f4f465eb47f298a50065e54,24,f
val_pr_auc_mood/theme---relaxing,0,1780326029174,906cef2b2f4f465eb47f298a50065e54,24,f
val_roc_auc_mood/theme---powerful,0.5,1780326029174,906cef2b2f4f465eb47f298a50065e54,24,f
val_pr_auc_mood/theme---powerful,0,1780326029174,906cef2b2f4f465eb47f298a50065e54,24,f
val_pr_auc_mood/theme---upbeat,0,1780326029174,906cef2b2f4f465eb47f298a50065e54,24,f
val_roc_auc_mood/theme---positive,0.5,1780326029174,906cef2b2f4f465eb47f298a50065e54,24,f
val_pr_auc_mood/theme---positive,0,1780326029174,906cef2b2f4f465eb47f298a50065e54,24,f
val_roc_auc_mood/theme---party,0.5,1780326029174,906cef2b2f4f465eb47f298a50065e54,24,f
val_pr_auc_mood/theme---party,0,1780326029174,906cef2b2f4f465eb47f298a50065e54,24,f
val_roc_auc_mood/theme---nature,0.5,1780326029174,906cef2b2f4f465eb47f298a50065e54,24,f
val_pr_auc_mood/theme---nature,0,1780326029174,906cef2b2f4f465eb47f298a50065e54,24,f
val_roc_auc_mood/theme---movie,0.5,1780326029174,906cef2b2f4f465eb47f298a50065e54,24,f
val_pr_auc_mood/theme---movie,0,1780326029174,906cef2b2f4f465eb47f298a50065e54,24,f
val_roc_auc_mood/theme---motivational,0.5,1780326029174,906cef2b2f4f465eb47f298a50065e54,24,f
val_pr_auc_mood/theme---motivational,0,1780326029174,906cef2b2f4f465eb47f298a50065e54,24,f
val_roc_auc_mood/theme---melodic,0.5,1780326029174,906cef2b2f4f465eb47f298a50065e54,24,f
val_pr_auc_mood/theme---melodic,0,1780326029174,906cef2b2f4f465eb47f298a50065e54,24,f
val_roc_auc_mood/theme---melancholic,0.5,1780326029174,906cef2b2f4f465eb47f298a50065e54,24,f
val_pr_auc_mood/theme---melancholic,0,1780326029174,906cef2b2f4f465eb47f298a50065e54,24,f
val_roc_auc_mood/theme---meditative,0.5,1780326029174,906cef2b2f4f465eb47f298a50065e54,24,f
val_pr_auc_mood/theme---meditative,0,1780326029174,906cef2b2f4f465eb47f298a50065e54,24,f
val_roc_auc_mood/theme---love,0.5,1780326029174,906cef2b2f4f465eb47f298a50065e54,24,f
val_pr_auc_mood/theme---love,0,1780326029174,906cef2b2f4f465eb47f298a50065e54,24,f
val_roc_auc_mood/theme---inspiring,0.5,1780326029174,906cef2b2f4f465eb47f298a50065e54,24,f
val_pr_auc_mood/theme---inspiring,0,1780326029174,906cef2b2f4f465eb47f298a50065e54,24,f
val_roc_auc_mood/theme---hopeful,0.5,1780326029174,906cef2b2f4f465eb47f298a50065e54,24,f
val_pr_auc_mood/theme---hopeful,0,1780326029174,906cef2b2f4f465eb47f298a50065e54,24,f
val_roc_auc_mood/theme---holiday,0.5,1780326029174,906cef2b2f4f465eb47f298a50065e54,24,f
val_pr_auc_mood/theme---holiday,0,1780326029174,906cef2b2f4f465eb47f298a50065e54,24,f
avg_train_loss,0,1780325803821,906cef2b2f4f465eb47f298a50065e54,24,t
val_roc_auc_mood/theme---heavy,0.5,1780326029174,906cef2b2f4f465eb47f298a50065e54,24,f
val_pr_auc_mood/theme---heavy,0,1780326029174,906cef2b2f4f465eb47f298a50065e54,24,f
val_roc_auc_mood/theme---happy,0.5,1780326029174,906cef2b2f4f465eb47f298a50065e54,24,f
val_roc_auc_mood/theme---groovy,0.5,1780326029174,906cef2b2f4f465eb47f298a50065e54,24,f
