key,value,timestamp,run_uuid,step,is_nan
val_pr_auc_mood/theme---dramatic,0.018507981943520373,1780302866422,91c6d578c3224667a208a9ce24612db6,0,f
avg_train_loss,0.05293986169808915,1780302490769,91c6d578c3224667a208a9ce24612db6,0,f
val_pr_auc_mood/theme---ballad,0.08359289349950509,1780302866422,91c6d578c3224667a208a9ce24612db6,0,f
train_loss,0.05293986169808915,1780302491689,91c6d578c3224667a208a9ce24612db6,0,f
stdev_train_loss,0.005202409847470011,1780302491249,91c6d578c3224667a208a9ce24612db6,0,f
val_pr_auc_mood/theme---soft,0.04631901799509862,1780302866422,91c6d578c3224667a208a9ce24612db6,0,f
val_roc_auc_mood/theme---slow,0.7095175065552072,1780302866422,91c6d578c3224667a208a9ce24612db6,0,f
val_pr_auc_mood/theme---slow,0.025503680091126687,1780302866422,91c6d578c3224667a208a9ce24612db6,0,f
val_roc_auc_mood/theme---sexy,0.742256200423531,1780302866422,91c6d578c3224667a208a9ce24612db6,0,f
val_loss_avg,0.0549769007327605,1780302866422,91c6d578c3224667a208a9ce24612db6,0,f
val_loss_std,0.02144885774675712,1780302866422,91c6d578c3224667a208a9ce24612db6,0,f
val_pr_auc_mood/theme---action,0.15656895295018902,1780302866422,91c6d578c3224667a208a9ce24612db6,0,f
val_roc_auc_mood/theme---action,0.7261178639881603,1780302866422,91c6d578c3224667a208a9ce24612db6,0,f
val_pr_auc_mood/theme---adventure,0.030401452381205875,1780302866422,91c6d578c3224667a208a9ce24612db6,0,f
val_roc_auc_mood/theme---adventure,0.5539432372139139,1780302866422,91c6d578c3224667a208a9ce24612db6,0,f
val_pr_auc_mood/theme---advertising,0.08950121046709385,1780302866422,91c6d578c3224667a208a9ce24612db6,0,f
val_roc_auc_mood/theme---advertising,0.723982616302335,1780302866422,91c6d578c3224667a208a9ce24612db6,0,f
val_pr_auc_mood/theme---background,0.010601374639240857,1780302866422,91c6d578c3224667a208a9ce24612db6,0,f
val_roc_auc_mood/theme---background,0.5505885278514588,1780302866422,91c6d578c3224667a208a9ce24612db6,0,f
val_roc_auc_mood/theme---ballad,0.7892536103742999,1780302866422,91c6d578c3224667a208a9ce24612db6,0,f
val_pr_auc_mood/theme---calm,0.042391328633855384,1780302866422,91c6d578c3224667a208a9ce24612db6,0,f
val_roc_auc_mood/theme---calm,0.6170747181428631,1780302866422,91c6d578c3224667a208a9ce24612db6,0,f
val_pr_auc_mood/theme---children,0.09300380966483023,1780302866422,91c6d578c3224667a208a9ce24612db6,0,f
val_roc_auc_mood/theme---children,0.7271771048902863,1780302866422,91c6d578c3224667a208a9ce24612db6,0,f
val_pr_auc_mood/theme---christmas,0.0918526419275063,1780302866422,91c6d578c3224667a208a9ce24612db6,0,f
val_roc_auc_mood/theme---christmas,0.7663191625101496,1780302866422,91c6d578c3224667a208a9ce24612db6,0,f
val_pr_auc_mood/theme---commercial,0.08482429768526357,1780302866422,91c6d578c3224667a208a9ce24612db6,0,f
val_roc_auc_mood/theme---commercial,0.7595448629612616,1780302866422,91c6d578c3224667a208a9ce24612db6,0,f
val_pr_auc_mood/theme---cool,0.03139125990708404,1780302866422,91c6d578c3224667a208a9ce24612db6,0,f
val_roc_auc_mood/theme---cool,0.7737448482577746,1780302866422,91c6d578c3224667a208a9ce24612db6,0,f
val_pr_auc_mood/theme---corporate,0.08694177178953787,1780302866422,91c6d578c3224667a208a9ce24612db6,0,f
val_roc_auc_mood/theme---corporate,0.752797254274094,1780302866422,91c6d578c3224667a208a9ce24612db6,0,f
val_pr_auc_mood/theme---dark,0.07857825182447885,1780302866422,91c6d578c3224667a208a9ce24612db6,0,f
val_roc_auc_mood/theme---dark,0.563894333986745,1780302866422,91c6d578c3224667a208a9ce24612db6,0,f
val_pr_auc_mood/theme---deep,0.20887796040702636,1780302866422,91c6d578c3224667a208a9ce24612db6,0,f
val_roc_auc_mood/theme---deep,0.7982001498581007,1780302866422,91c6d578c3224667a208a9ce24612db6,0,f
val_pr_auc_mood/theme---documentary,0.040779399731234865,1780302866422,91c6d578c3224667a208a9ce24612db6,0,f
val_roc_auc_mood/theme---documentary,0.6196805865856974,1780302866422,91c6d578c3224667a208a9ce24612db6,0,f
val_pr_auc_mood/theme---drama,0.06371303735271495,1780302866422,91c6d578c3224667a208a9ce24612db6,0,f
val_roc_auc_mood/theme---drama,0.706821719348659,1780302866422,91c6d578c3224667a208a9ce24612db6,0,f
val_roc_auc_mood/theme---dramatic,0.6790698763581866,1780302866422,91c6d578c3224667a208a9ce24612db6,0,f
val_pr_auc_mood/theme---dream,0.11193421946836497,1780302866422,91c6d578c3224667a208a9ce24612db6,0,f
val_roc_auc_mood/theme---dream,0.6711616375400618,1780302866422,91c6d578c3224667a208a9ce24612db6,0,f
val_pr_auc_mood/theme---emotional,0.15615898702716924,1780302866422,91c6d578c3224667a208a9ce24612db6,0,f
val_roc_auc_mood/theme---emotional,0.6613701503823591,1780302866422,91c6d578c3224667a208a9ce24612db6,0,f
val_pr_auc_mood/theme---energetic,0.20771251858641668,1780302866422,91c6d578c3224667a208a9ce24612db6,0,f
val_roc_auc_mood/theme---energetic,0.7690520541092407,1780302866422,91c6d578c3224667a208a9ce24612db6,0,f
val_pr_auc_mood/theme---epic,0.39442603335057186,1780302866422,91c6d578c3224667a208a9ce24612db6,0,f
val_roc_auc_mood/theme---epic,0.886163299261175,1780302866422,91c6d578c3224667a208a9ce24612db6,0,f
val_pr_auc_mood/theme---fast,0.06332827439634166,1780302866422,91c6d578c3224667a208a9ce24612db6,0,f
val_roc_auc_mood/theme---fast,0.8823032105606258,1780302866422,91c6d578c3224667a208a9ce24612db6,0,f
val_pr_auc_mood/theme---film,0.1327071221395155,1780302866422,91c6d578c3224667a208a9ce24612db6,0,f
val_roc_auc_mood/theme---film,0.7175131840740824,1780302866422,91c6d578c3224667a208a9ce24612db6,0,f
val_pr_auc_mood/theme---fun,0.08729830521129865,1780302866422,91c6d578c3224667a208a9ce24612db6,0,f
val_roc_auc_mood/theme---fun,0.6609625668449198,1780302866422,91c6d578c3224667a208a9ce24612db6,0,f
val_pr_auc_mood/theme---funny,0.018546769791697032,1780302866422,91c6d578c3224667a208a9ce24612db6,0,f
val_roc_auc_mood/theme---funny,0.7902251573340082,1780302866422,91c6d578c3224667a208a9ce24612db6,0,f
val_pr_auc_mood/theme---game,0.008888306439617924,1780302866422,91c6d578c3224667a208a9ce24612db6,0,f
val_roc_auc_mood/theme---game,0.5310259126466754,1780302866422,91c6d578c3224667a208a9ce24612db6,0,f
val_pr_auc_mood/theme---groovy,0.06144712600143554,1780302866422,91c6d578c3224667a208a9ce24612db6,0,f
val_roc_auc_mood/theme---groovy,0.8247919324904304,1780302866422,91c6d578c3224667a208a9ce24612db6,0,f
val_pr_auc_mood/theme---happy,0.28390690098411464,1780302866422,91c6d578c3224667a208a9ce24612db6,0,f
val_roc_auc_mood/theme---happy,0.7670076755042193,1780302866422,91c6d578c3224667a208a9ce24612db6,0,f
val_pr_auc_mood/theme---heavy,0.071295777509905,1780302866422,91c6d578c3224667a208a9ce24612db6,0,f
val_roc_auc_mood/theme---heavy,0.8980036501925598,1780302866422,91c6d578c3224667a208a9ce24612db6,0,f
val_pr_auc_mood/theme---holiday,0.020025526723829998,1780302866422,91c6d578c3224667a208a9ce24612db6,0,f
val_roc_auc_mood/theme---holiday,0.5922295119268839,1780302866422,91c6d578c3224667a208a9ce24612db6,0,f
val_pr_auc_mood/theme---hopeful,0.018091892120344864,1780302866422,91c6d578c3224667a208a9ce24612db6,0,f
val_roc_auc_mood/theme---hopeful,0.6892444090399481,1780302866422,91c6d578c3224667a208a9ce24612db6,0,f
val_pr_auc_mood/theme---inspiring,0.06167012488089677,1780302866422,91c6d578c3224667a208a9ce24612db6,0,f
val_roc_auc_mood/theme---inspiring,0.5979680129007413,1780302866422,91c6d578c3224667a208a9ce24612db6,0,f
val_pr_auc_mood/theme---love,0.09768176443139984,1780302866422,91c6d578c3224667a208a9ce24612db6,0,f
val_roc_auc_mood/theme---love,0.6351001208808535,1780302866422,91c6d578c3224667a208a9ce24612db6,0,f
val_pr_auc_mood/theme---meditative,0.1097373621352329,1780302866422,91c6d578c3224667a208a9ce24612db6,0,f
val_roc_auc_mood/theme---meditative,0.7254644737897069,1780302866422,91c6d578c3224667a208a9ce24612db6,0,f
val_pr_auc_mood/theme---melancholic,0.05251661034044855,1780302866422,91c6d578c3224667a208a9ce24612db6,0,f
val_roc_auc_mood/theme---melancholic,0.6893649271053768,1780302866422,91c6d578c3224667a208a9ce24612db6,0,f
val_pr_auc_mood/theme---melodic,0.13189801671472523,1780302866422,91c6d578c3224667a208a9ce24612db6,0,f
val_roc_auc_mood/theme---melodic,0.6049867374844902,1780302866422,91c6d578c3224667a208a9ce24612db6,0,f
val_pr_auc_mood/theme---motivational,0.11674826242927062,1780302866422,91c6d578c3224667a208a9ce24612db6,0,f
val_roc_auc_mood/theme---motivational,0.8019676236472587,1780302866422,91c6d578c3224667a208a9ce24612db6,0,f
val_pr_auc_mood/theme---movie,0.1081691983128619,1780302866422,91c6d578c3224667a208a9ce24612db6,0,f
val_roc_auc_mood/theme---movie,0.76722473174254,1780302866422,91c6d578c3224667a208a9ce24612db6,0,f
val_pr_auc_mood/theme---nature,0.03972542066416612,1780302866422,91c6d578c3224667a208a9ce24612db6,0,f
val_roc_auc_mood/theme---nature,0.7016240917231017,1780302866422,91c6d578c3224667a208a9ce24612db6,0,f
val_pr_auc_mood/theme---party,0.09440433167463293,1780302866422,91c6d578c3224667a208a9ce24612db6,0,f
val_roc_auc_mood/theme---party,0.8338360357591127,1780302866422,91c6d578c3224667a208a9ce24612db6,0,f
val_pr_auc_mood/theme---positive,0.03053547739420116,1780302866422,91c6d578c3224667a208a9ce24612db6,0,f
val_roc_auc_mood/theme---positive,0.6848707530765116,1780302866422,91c6d578c3224667a208a9ce24612db6,0,f
val_pr_auc_mood/theme---powerful,0.021043951255256373,1780302866422,91c6d578c3224667a208a9ce24612db6,0,f
val_roc_auc_mood/theme---powerful,0.6716151514293,1780302866422,91c6d578c3224667a208a9ce24612db6,0,f
val_pr_auc_mood/theme---relaxing,0.22351563246371808,1780302866422,91c6d578c3224667a208a9ce24612db6,0,f
val_roc_auc_mood/theme---relaxing,0.7544979340024007,1780302866422,91c6d578c3224667a208a9ce24612db6,0,f
val_pr_auc_mood/theme---retro,0.011526265798528104,1780302866422,91c6d578c3224667a208a9ce24612db6,0,f
val_roc_auc_mood/theme---retro,0.5309304090116147,1780302866422,91c6d578c3224667a208a9ce24612db6,0,f
val_pr_auc_mood/theme---romantic,0.058450272168774214,1780302866422,91c6d578c3224667a208a9ce24612db6,0,f
val_roc_auc_mood/theme---romantic,0.6778326800272364,1780302866422,91c6d578c3224667a208a9ce24612db6,0,f
val_pr_auc_mood/theme---sad,0.07458693344035568,1780302866422,91c6d578c3224667a208a9ce24612db6,0,f
val_roc_auc_mood/theme---sad,0.6944247466428431,1780302866422,91c6d578c3224667a208a9ce24612db6,0,f
val_pr_auc_mood/theme---sexy,0.031622624514703546,1780302866422,91c6d578c3224667a208a9ce24612db6,0,f
val_macro_pr_auc,0.08764159384446644,1780302866422,91c6d578c3224667a208a9ce24612db6,0,f
val_roc_auc_mood/theme---uplifting,0.6670604548302389,1780302866422,91c6d578c3224667a208a9ce24612db6,0,f
val_roc_auc_mood/theme---soundscape,0.7306676697940638,1780302866422,91c6d578c3224667a208a9ce24612db6,0,f
val_pr_auc_mood/theme---uplifting,0.06930847415166592,1780302866422,91c6d578c3224667a208a9ce24612db6,0,f
val_pr_auc_mood/theme---soundscape,0.03390610692426143,1780302866422,91c6d578c3224667a208a9ce24612db6,0,f
val_roc_auc_mood/theme---upbeat,0.6274275452068367,1780302866422,91c6d578c3224667a208a9ce24612db6,0,f
val_pr_auc_mood/theme---upbeat,0.046246245029804296,1780302866422,91c6d578c3224667a208a9ce24612db6,0,f
val_roc_auc_mood/theme---travel,0.4612853934539443,1780302866422,91c6d578c3224667a208a9ce24612db6,0,f
val_pr_auc_mood/theme---travel,0.012059166132093305,1780302866422,91c6d578c3224667a208a9ce24612db6,0,f
val_roc_auc_mood/theme---trailer,0.9063367069206987,1780302866422,91c6d578c3224667a208a9ce24612db6,0,f
val_pr_auc_mood/theme---trailer,0.1574945286594987,1780302866422,91c6d578c3224667a208a9ce24612db6,0,f
val_roc_auc_mood/theme---soft,0.6457305559335874,1780302866422,91c6d578c3224667a208a9ce24612db6,0,f
val_macro_roc_auc,0.7104300238972525,1780302866422,91c6d578c3224667a208a9ce24612db6,0,f
val_roc_auc_mood/theme---summer,0.8422006449492303,1780302866422,91c6d578c3224667a208a9ce24612db6,0,f
val_pr_auc_mood/theme---summer,0.29007043918759834,1780302866422,91c6d578c3224667a208a9ce24612db6,0,f
val_roc_auc_mood/theme---sport,0.8756991442474411,1780302866422,91c6d578c3224667a208a9ce24612db6,0,f
val_pr_auc_mood/theme---sport,0.055187645557941936,1780302866422,91c6d578c3224667a208a9ce24612db6,0,f
val_roc_auc_mood/theme---space,0.7549262618971001,1780302866422,91c6d578c3224667a208a9ce24612db6,0,f
val_pr_auc_mood/theme---space,0.06070631838694869,1780302866422,91c6d578c3224667a208a9ce24612db6,0,f
val_pr_auc_mood/theme---soundscape,0.02935594571298638,1780304171718,91c6d578c3224667a208a9ce24612db6,1,f
val_pr_auc_mood/theme---positive,0.03890324605886304,1780304171718,91c6d578c3224667a208a9ce24612db6,1,f
val_roc_auc_mood/theme---positive,0.7318084537185661,1780304171718,91c6d578c3224667a208a9ce24612db6,1,f
val_pr_auc_mood/theme---powerful,0.02033151729943571,1780304171718,91c6d578c3224667a208a9ce24612db6,1,f
val_roc_auc_mood/theme---powerful,0.6630421848882342,1780304171718,91c6d578c3224667a208a9ce24612db6,1,f
val_pr_auc_mood/theme---relaxing,0.17179313402255594,1780304171718,91c6d578c3224667a208a9ce24612db6,1,f
val_roc_auc_mood/theme---relaxing,0.7332204043802415,1780304171718,91c6d578c3224667a208a9ce24612db6,1,f
val_pr_auc_mood/theme---retro,0.011836625536866702,1780304171718,91c6d578c3224667a208a9ce24612db6,1,f
val_roc_auc_mood/theme---retro,0.553666967140291,1780304171718,91c6d578c3224667a208a9ce24612db6,1,f
val_pr_auc_mood/theme---romantic,0.05775597397317338,1780304171718,91c6d578c3224667a208a9ce24612db6,1,f
val_roc_auc_mood/theme---romantic,0.6549738677561237,1780304171718,91c6d578c3224667a208a9ce24612db6,1,f
val_pr_auc_mood/theme---sad,0.07654618861658762,1780304171718,91c6d578c3224667a208a9ce24612db6,1,f
val_roc_auc_mood/theme---sad,0.7020557060033316,1780304171718,91c6d578c3224667a208a9ce24612db6,1,f
val_pr_auc_mood/theme---sexy,0.031149888878386586,1780304171718,91c6d578c3224667a208a9ce24612db6,1,f
val_roc_auc_mood/theme---sexy,0.7394853020351029,1780304171718,91c6d578c3224667a208a9ce24612db6,1,f
val_pr_auc_mood/theme---slow,0.026379789271607484,1780304171718,91c6d578c3224667a208a9ce24612db6,1,f
val_roc_auc_mood/theme---slow,0.7067192760836851,1780304171718,91c6d578c3224667a208a9ce24612db6,1,f
val_pr_auc_mood/theme---soft,0.05363027005228586,1780304171718,91c6d578c3224667a208a9ce24612db6,1,f
val_roc_auc_mood/theme---soft,0.681210023135547,1780304171718,91c6d578c3224667a208a9ce24612db6,1,f
val_roc_auc_mood/theme---soundscape,0.7287130465569128,1780304171718,91c6d578c3224667a208a9ce24612db6,1,f
val_pr_auc_mood/theme---space,0.046022999740800034,1780304171718,91c6d578c3224667a208a9ce24612db6,1,f
val_roc_auc_mood/theme---space,0.7149479470164117,1780304171718,91c6d578c3224667a208a9ce24612db6,1,f
val_pr_auc_mood/theme---sport,0.04789501774081238,1780304171718,91c6d578c3224667a208a9ce24612db6,1,f
val_roc_auc_mood/theme---sport,0.8523197606130097,1780304171718,91c6d578c3224667a208a9ce24612db6,1,f
val_pr_auc_mood/theme---summer,0.25185187209444926,1780304171718,91c6d578c3224667a208a9ce24612db6,1,f
val_roc_auc_mood/theme---summer,0.8474271618976552,1780304171718,91c6d578c3224667a208a9ce24612db6,1,f
val_pr_auc_mood/theme---trailer,0.15706698518187692,1780304171718,91c6d578c3224667a208a9ce24612db6,1,f
val_roc_auc_mood/theme---trailer,0.9089490035900205,1780304171718,91c6d578c3224667a208a9ce24612db6,1,f
val_pr_auc_mood/theme---travel,0.011893789647086338,1780304171718,91c6d578c3224667a208a9ce24612db6,1,f
val_roc_auc_mood/theme---travel,0.4786755629509997,1780304171718,91c6d578c3224667a208a9ce24612db6,1,f
val_pr_auc_mood/theme---upbeat,0.046688024884052895,1780304171718,91c6d578c3224667a208a9ce24612db6,1,f
val_roc_auc_mood/theme---upbeat,0.6300666749236231,1780304171718,91c6d578c3224667a208a9ce24612db6,1,f
val_pr_auc_mood/theme---uplifting,0.07096252548581503,1780304171718,91c6d578c3224667a208a9ce24612db6,1,f
val_roc_auc_mood/theme---uplifting,0.6888376276865487,1780304171718,91c6d578c3224667a208a9ce24612db6,1,f
val_macro_pr_auc,0.08562132308786115,1780304171718,91c6d578c3224667a208a9ce24612db6,1,f
val_macro_roc_auc,0.7107441694941173,1780304171718,91c6d578c3224667a208a9ce24612db6,1,f
val_pr_auc_mood/theme---hopeful,0.017116968590219515,1780304171718,91c6d578c3224667a208a9ce24612db6,1,f
val_roc_auc_mood/theme---hopeful,0.6928881217914675,1780304171718,91c6d578c3224667a208a9ce24612db6,1,f
val_pr_auc_mood/theme---inspiring,0.07524385683321409,1780304171718,91c6d578c3224667a208a9ce24612db6,1,f
val_roc_auc_mood/theme---inspiring,0.6170202737396104,1780304171718,91c6d578c3224667a208a9ce24612db6,1,f
val_pr_auc_mood/theme---love,0.1054045364113541,1780304171718,91c6d578c3224667a208a9ce24612db6,1,f
val_roc_auc_mood/theme---love,0.6656172807063647,1780304171718,91c6d578c3224667a208a9ce24612db6,1,f
val_pr_auc_mood/theme---meditative,0.1214659419218005,1780304171718,91c6d578c3224667a208a9ce24612db6,1,f
val_roc_auc_mood/theme---meditative,0.7488591797011607,1780304171718,91c6d578c3224667a208a9ce24612db6,1,f
val_pr_auc_mood/theme---melancholic,0.04873585006889691,1780304171718,91c6d578c3224667a208a9ce24612db6,1,f
val_roc_auc_mood/theme---melancholic,0.6735558370616622,1780304171718,91c6d578c3224667a208a9ce24612db6,1,f
val_pr_auc_mood/theme---melodic,0.12080344146602805,1780304171718,91c6d578c3224667a208a9ce24612db6,1,f
val_roc_auc_mood/theme---melodic,0.5633997303183004,1780304171718,91c6d578c3224667a208a9ce24612db6,1,f
stdev_train_loss,0.004545758388766144,1780303868311,91c6d578c3224667a208a9ce24612db6,1,f
val_loss_avg,0.0548627015840052,1780304171718,91c6d578c3224667a208a9ce24612db6,1,f
avg_train_loss,0.049874719576721196,1780303867799,91c6d578c3224667a208a9ce24612db6,1,f
val_pr_auc_mood/theme---motivational,0.08852457410815825,1780304171718,91c6d578c3224667a208a9ce24612db6,1,f
val_roc_auc_mood/theme---motivational,0.7922368303371791,1780304171718,91c6d578c3224667a208a9ce24612db6,1,f
val_pr_auc_mood/theme---movie,0.09816815638522282,1780304171718,91c6d578c3224667a208a9ce24612db6,1,f
val_roc_auc_mood/theme---movie,0.7678892282005578,1780304171718,91c6d578c3224667a208a9ce24612db6,1,f
val_pr_auc_mood/theme---nature,0.03196340774168682,1780304171718,91c6d578c3224667a208a9ce24612db6,1,f
val_roc_auc_mood/theme---nature,0.7064407896091066,1780304171718,91c6d578c3224667a208a9ce24612db6,1,f
val_pr_auc_mood/theme---party,0.09124075605595303,1780304171718,91c6d578c3224667a208a9ce24612db6,1,f
val_roc_auc_mood/theme---party,0.8175350290734906,1780304171718,91c6d578c3224667a208a9ce24612db6,1,f
train_loss,0.049874719576721196,1780303868833,91c6d578c3224667a208a9ce24612db6,1,f
val_loss_std,0.023316237013738455,1780304171718,91c6d578c3224667a208a9ce24612db6,1,f
val_pr_auc_mood/theme---action,0.13854029242464244,1780304171718,91c6d578c3224667a208a9ce24612db6,1,f
val_roc_auc_mood/theme---action,0.724332193027149,1780304171718,91c6d578c3224667a208a9ce24612db6,1,f
val_pr_auc_mood/theme---adventure,0.025990121754785114,1780304171718,91c6d578c3224667a208a9ce24612db6,1,f
val_roc_auc_mood/theme---adventure,0.5433294775400039,1780304171718,91c6d578c3224667a208a9ce24612db6,1,f
val_pr_auc_mood/theme---advertising,0.0991908810937988,1780304171718,91c6d578c3224667a208a9ce24612db6,1,f
val_roc_auc_mood/theme---advertising,0.7348185785942284,1780304171718,91c6d578c3224667a208a9ce24612db6,1,f
val_pr_auc_mood/theme---background,0.01614780219856148,1780304171718,91c6d578c3224667a208a9ce24612db6,1,f
val_roc_auc_mood/theme---background,0.5765583554376658,1780304171718,91c6d578c3224667a208a9ce24612db6,1,f
val_pr_auc_mood/theme---ballad,0.06159518825830001,1780304171718,91c6d578c3224667a208a9ce24612db6,1,f
val_roc_auc_mood/theme---ballad,0.7423233495431771,1780304171718,91c6d578c3224667a208a9ce24612db6,1,f
val_pr_auc_mood/theme---calm,0.05221411056807681,1780304171718,91c6d578c3224667a208a9ce24612db6,1,f
val_roc_auc_mood/theme---calm,0.656303303240837,1780304171718,91c6d578c3224667a208a9ce24612db6,1,f
val_pr_auc_mood/theme---children,0.10726571556199233,1780304171718,91c6d578c3224667a208a9ce24612db6,1,f
val_roc_auc_mood/theme---children,0.7584518466631833,1780304171718,91c6d578c3224667a208a9ce24612db6,1,f
val_pr_auc_mood/theme---christmas,0.1188171799065002,1780304171718,91c6d578c3224667a208a9ce24612db6,1,f
val_roc_auc_mood/theme---christmas,0.7877348915439044,1780304171718,91c6d578c3224667a208a9ce24612db6,1,f
val_pr_auc_mood/theme---commercial,0.08732562797156361,1780304171718,91c6d578c3224667a208a9ce24612db6,1,f
val_roc_auc_mood/theme---commercial,0.7637766038891441,1780304171718,91c6d578c3224667a208a9ce24612db6,1,f
val_pr_auc_mood/theme---cool,0.017747051437000477,1780304171718,91c6d578c3224667a208a9ce24612db6,1,f
val_roc_auc_mood/theme---cool,0.656043149743974,1780304171718,91c6d578c3224667a208a9ce24612db6,1,f
val_pr_auc_mood/theme---corporate,0.10726596717613823,1780304171718,91c6d578c3224667a208a9ce24612db6,1,f
val_roc_auc_mood/theme---corporate,0.7879170577301754,1780304171718,91c6d578c3224667a208a9ce24612db6,1,f
val_pr_auc_mood/theme---dark,0.08796677383613116,1780304171718,91c6d578c3224667a208a9ce24612db6,1,f
val_roc_auc_mood/theme---dark,0.5817485977105131,1780304171718,91c6d578c3224667a208a9ce24612db6,1,f
val_pr_auc_mood/theme---deep,0.19932775829531135,1780304171718,91c6d578c3224667a208a9ce24612db6,1,f
val_roc_auc_mood/theme---deep,0.7952029878444116,1780304171718,91c6d578c3224667a208a9ce24612db6,1,f
val_pr_auc_mood/theme---documentary,0.04209453216384433,1780304171718,91c6d578c3224667a208a9ce24612db6,1,f
val_roc_auc_mood/theme---documentary,0.6277443720346418,1780304171718,91c6d578c3224667a208a9ce24612db6,1,f
val_pr_auc_mood/theme---drama,0.06673242936801653,1780304171718,91c6d578c3224667a208a9ce24612db6,1,f
val_roc_auc_mood/theme---drama,0.721075790229885,1780304171718,91c6d578c3224667a208a9ce24612db6,1,f
val_pr_auc_mood/theme---dramatic,0.020277204971559878,1780304171718,91c6d578c3224667a208a9ce24612db6,1,f
val_roc_auc_mood/theme---dramatic,0.6807480954165105,1780304171718,91c6d578c3224667a208a9ce24612db6,1,f
val_pr_auc_mood/theme---dream,0.09962331881176519,1780304171718,91c6d578c3224667a208a9ce24612db6,1,f
val_roc_auc_mood/theme---dream,0.6875800393729885,1780304171718,91c6d578c3224667a208a9ce24612db6,1,f
val_pr_auc_mood/theme---emotional,0.1551212270113214,1780304171718,91c6d578c3224667a208a9ce24612db6,1,f
val_roc_auc_mood/theme---emotional,0.6417793822899261,1780304171718,91c6d578c3224667a208a9ce24612db6,1,f
val_pr_auc_mood/theme---energetic,0.17055375920683047,1780304171718,91c6d578c3224667a208a9ce24612db6,1,f
val_roc_auc_mood/theme---energetic,0.7655538813603551,1780304171718,91c6d578c3224667a208a9ce24612db6,1,f
val_pr_auc_mood/theme---epic,0.4023898550519655,1780304171718,91c6d578c3224667a208a9ce24612db6,1,f
val_roc_auc_mood/theme---epic,0.8811126028548131,1780304171718,91c6d578c3224667a208a9ce24612db6,1,f
val_pr_auc_mood/theme---fast,0.06521483582811402,1780304171718,91c6d578c3224667a208a9ce24612db6,1,f
val_roc_auc_mood/theme---fast,0.8778622066492829,1780304171718,91c6d578c3224667a208a9ce24612db6,1,f
val_pr_auc_mood/theme---film,0.1293108095336648,1780304171718,91c6d578c3224667a208a9ce24612db6,1,f
val_roc_auc_mood/theme---film,0.7111744735615861,1780304171718,91c6d578c3224667a208a9ce24612db6,1,f
val_pr_auc_mood/theme---fun,0.08543202385154408,1780304171718,91c6d578c3224667a208a9ce24612db6,1,f
val_roc_auc_mood/theme---fun,0.6443103231484973,1780304171718,91c6d578c3224667a208a9ce24612db6,1,f
val_pr_auc_mood/theme---funny,0.015568637107607152,1780304171718,91c6d578c3224667a208a9ce24612db6,1,f
val_roc_auc_mood/theme---funny,0.7698839122381123,1780304171718,91c6d578c3224667a208a9ce24612db6,1,f
val_pr_auc_mood/theme---game,0.02244501152299353,1780304171718,91c6d578c3224667a208a9ce24612db6,1,f
val_roc_auc_mood/theme---game,0.5626629726205998,1780304171718,91c6d578c3224667a208a9ce24612db6,1,f
val_pr_auc_mood/theme---groovy,0.07363171592343201,1780304171718,91c6d578c3224667a208a9ce24612db6,1,f
val_roc_auc_mood/theme---groovy,0.8130546050342188,1780304171718,91c6d578c3224667a208a9ce24612db6,1,f
val_pr_auc_mood/theme---happy,0.27342130846159113,1780304171718,91c6d578c3224667a208a9ce24612db6,1,f
val_roc_auc_mood/theme---happy,0.7525476539589442,1780304171718,91c6d578c3224667a208a9ce24612db6,1,f
val_pr_auc_mood/theme---heavy,0.0893288124601696,1780304171718,91c6d578c3224667a208a9ce24612db6,1,f
val_roc_auc_mood/theme---heavy,0.8988237375077386,1780304171718,91c6d578c3224667a208a9ce24612db6,1,f
val_pr_auc_mood/theme---holiday,0.015522857382826783,1780304171718,91c6d578c3224667a208a9ce24612db6,1,f
val_roc_auc_mood/theme---holiday,0.5956577799689029,1780304171718,91c6d578c3224667a208a9ce24612db6,1,f
val_roc_auc_mood/theme---advertising,0.7028411364545818,1780305457816,91c6d578c3224667a208a9ce24612db6,2,f
train_loss,0.048232539089644595,1780305183461,91c6d578c3224667a208a9ce24612db6,2,f
stdev_train_loss,0.00435816599912691,1780305183030,91c6d578c3224667a208a9ce24612db6,2,f
avg_train_loss,0.048232539089644595,1780305181936,91c6d578c3224667a208a9ce24612db6,2,f
val_loss_avg,0.05802405759495701,1780305457816,91c6d578c3224667a208a9ce24612db6,2,f
val_loss_std,0.02840146145195182,1780305457816,91c6d578c3224667a208a9ce24612db6,2,f
val_pr_auc_mood/theme---action,0.15228734370294178,1780305457816,91c6d578c3224667a208a9ce24612db6,2,f
val_roc_auc_mood/theme---action,0.7363126865128465,1780305457816,91c6d578c3224667a208a9ce24612db6,2,f
val_pr_auc_mood/theme---adventure,0.025365276460530224,1780305457816,91c6d578c3224667a208a9ce24612db6,2,f
val_roc_auc_mood/theme---adventure,0.5415048610537332,1780305457816,91c6d578c3224667a208a9ce24612db6,2,f
val_pr_auc_mood/theme---advertising,0.08403581140295355,1780305457816,91c6d578c3224667a208a9ce24612db6,2,f
val_pr_auc_mood/theme---background,0.012843872189828577,1780305457816,91c6d578c3224667a208a9ce24612db6,2,f
val_roc_auc_mood/theme---background,0.5696783819628647,1780305457816,91c6d578c3224667a208a9ce24612db6,2,f
val_pr_auc_mood/theme---ballad,0.07479153573213375,1780305457816,91c6d578c3224667a208a9ce24612db6,2,f
val_roc_auc_mood/theme---ballad,0.7825992852932508,1780305457816,91c6d578c3224667a208a9ce24612db6,2,f
val_pr_auc_mood/theme---calm,0.05217717697140527,1780305457816,91c6d578c3224667a208a9ce24612db6,2,f
val_roc_auc_mood/theme---calm,0.6294930731788493,1780305457816,91c6d578c3224667a208a9ce24612db6,2,f
val_pr_auc_mood/theme---children,0.1104427149506472,1780305457816,91c6d578c3224667a208a9ce24612db6,2,f
val_roc_auc_mood/theme---children,0.7599805602393007,1780305457816,91c6d578c3224667a208a9ce24612db6,2,f
val_pr_auc_mood/theme---christmas,0.10646351819153538,1780305457816,91c6d578c3224667a208a9ce24612db6,2,f
val_roc_auc_mood/theme---christmas,0.7559085372926575,1780305457816,91c6d578c3224667a208a9ce24612db6,2,f
val_pr_auc_mood/theme---commercial,0.09052972266396608,1780305457816,91c6d578c3224667a208a9ce24612db6,2,f
val_roc_auc_mood/theme---commercial,0.767076251722554,1780305457816,91c6d578c3224667a208a9ce24612db6,2,f
val_pr_auc_mood/theme---cool,0.02404807820896951,1780305457816,91c6d578c3224667a208a9ce24612db6,2,f
val_roc_auc_mood/theme---cool,0.72063506931435,1780305457816,91c6d578c3224667a208a9ce24612db6,2,f
val_pr_auc_mood/theme---corporate,0.11583180109778235,1780305457816,91c6d578c3224667a208a9ce24612db6,2,f
val_roc_auc_mood/theme---corporate,0.8085859143524908,1780305457816,91c6d578c3224667a208a9ce24612db6,2,f
val_pr_auc_mood/theme---dark,0.10161780787172803,1780305457816,91c6d578c3224667a208a9ce24612db6,2,f
val_roc_auc_mood/theme---dark,0.6755725838615787,1780305457816,91c6d578c3224667a208a9ce24612db6,2,f
val_pr_auc_mood/theme---deep,0.19240121651190784,1780305457816,91c6d578c3224667a208a9ce24612db6,2,f
val_roc_auc_mood/theme---deep,0.7983903842346173,1780305457816,91c6d578c3224667a208a9ce24612db6,2,f
val_pr_auc_mood/theme---documentary,0.04302753125910982,1780305457816,91c6d578c3224667a208a9ce24612db6,2,f
val_roc_auc_mood/theme---documentary,0.6170221229257685,1780305457816,91c6d578c3224667a208a9ce24612db6,2,f
val_pr_auc_mood/theme---drama,0.06635960505807885,1780305457816,91c6d578c3224667a208a9ce24612db6,2,f
val_roc_auc_mood/theme---drama,0.698377634099617,1780305457816,91c6d578c3224667a208a9ce24612db6,2,f
val_pr_auc_mood/theme---dramatic,0.01951212828960338,1780305457816,91c6d578c3224667a208a9ce24612db6,2,f
val_roc_auc_mood/theme---dramatic,0.6562695141750968,1780305457816,91c6d578c3224667a208a9ce24612db6,2,f
val_pr_auc_mood/theme---dream,0.13440893946810176,1780305457816,91c6d578c3224667a208a9ce24612db6,2,f
val_roc_auc_mood/theme---dream,0.7427049108732606,1780305457816,91c6d578c3224667a208a9ce24612db6,2,f
val_pr_auc_mood/theme---emotional,0.15602102729749245,1780305457816,91c6d578c3224667a208a9ce24612db6,2,f
val_roc_auc_mood/theme---emotional,0.6613937302061609,1780305457816,91c6d578c3224667a208a9ce24612db6,2,f
val_pr_auc_mood/theme---energetic,0.20438768089636583,1780305457816,91c6d578c3224667a208a9ce24612db6,2,f
val_roc_auc_mood/theme---energetic,0.7564579106925756,1780305457816,91c6d578c3224667a208a9ce24612db6,2,f
val_pr_auc_mood/theme---epic,0.40125702073796427,1780305457816,91c6d578c3224667a208a9ce24612db6,2,f
val_roc_auc_mood/theme---epic,0.8950802658781474,1780305457816,91c6d578c3224667a208a9ce24612db6,2,f
val_pr_auc_mood/theme---fast,0.0611655827994164,1780305457816,91c6d578c3224667a208a9ce24612db6,2,f
val_roc_auc_mood/theme---fast,0.8700904498044328,1780305457816,91c6d578c3224667a208a9ce24612db6,2,f
val_pr_auc_mood/theme---film,0.1271019434866471,1780305457816,91c6d578c3224667a208a9ce24612db6,2,f
val_roc_auc_mood/theme---film,0.7011612340145413,1780305457816,91c6d578c3224667a208a9ce24612db6,2,f
val_pr_auc_mood/theme---fun,0.08651521998436386,1780305457816,91c6d578c3224667a208a9ce24612db6,2,f
val_roc_auc_mood/theme---fun,0.6486135457577976,1780305457816,91c6d578c3224667a208a9ce24612db6,2,f
val_pr_auc_mood/theme---funny,0.018232363104895965,1780305457816,91c6d578c3224667a208a9ce24612db6,2,f
val_roc_auc_mood/theme---funny,0.7712875501915621,1780305457816,91c6d578c3224667a208a9ce24612db6,2,f
val_pr_auc_mood/theme---game,0.011532389782938437,1780305457816,91c6d578c3224667a208a9ce24612db6,2,f
val_roc_auc_mood/theme---game,0.5309444263363755,1780305457816,91c6d578c3224667a208a9ce24612db6,2,f
val_pr_auc_mood/theme---groovy,0.08672725821250588,1780305457816,91c6d578c3224667a208a9ce24612db6,2,f
val_roc_auc_mood/theme---groovy,0.8328282681823455,1780305457816,91c6d578c3224667a208a9ce24612db6,2,f
val_pr_auc_mood/theme---happy,0.23017801429299842,1780305457816,91c6d578c3224667a208a9ce24612db6,2,f
val_roc_auc_mood/theme---happy,0.6957362050392004,1780305457816,91c6d578c3224667a208a9ce24612db6,2,f
val_pr_auc_mood/theme---heavy,0.08008808178635908,1780305457816,91c6d578c3224667a208a9ce24612db6,2,f
val_roc_auc_mood/theme---heavy,0.8983091729178225,1780305457816,91c6d578c3224667a208a9ce24612db6,2,f
val_pr_auc_mood/theme---holiday,0.0160301396587632,1780305457816,91c6d578c3224667a208a9ce24612db6,2,f
val_roc_auc_mood/theme---holiday,0.5681557889946529,1780305457816,91c6d578c3224667a208a9ce24612db6,2,f
val_pr_auc_mood/theme---hopeful,0.021125352580950545,1780305457816,91c6d578c3224667a208a9ce24612db6,2,f
val_roc_auc_mood/theme---hopeful,0.723808048622175,1780305457816,91c6d578c3224667a208a9ce24612db6,2,f
val_pr_auc_mood/theme---inspiring,0.08191831629688538,1780305457816,91c6d578c3224667a208a9ce24612db6,2,f
val_roc_auc_mood/theme---inspiring,0.6336095199127114,1780305457816,91c6d578c3224667a208a9ce24612db6,2,f
val_pr_auc_mood/theme---love,0.10274572546002923,1780305457816,91c6d578c3224667a208a9ce24612db6,2,f
val_roc_auc_mood/theme---love,0.6480711620329006,1780305457816,91c6d578c3224667a208a9ce24612db6,2,f
val_pr_auc_mood/theme---meditative,0.12608904190413867,1780305457816,91c6d578c3224667a208a9ce24612db6,2,f
val_roc_auc_mood/theme---meditative,0.7455463228483064,1780305457816,91c6d578c3224667a208a9ce24612db6,2,f
val_pr_auc_mood/theme---melancholic,0.049020867053985985,1780305457816,91c6d578c3224667a208a9ce24612db6,2,f
val_roc_auc_mood/theme---melancholic,0.6711467631272563,1780305457816,91c6d578c3224667a208a9ce24612db6,2,f
val_pr_auc_mood/theme---melodic,0.13055531105737103,1780305457816,91c6d578c3224667a208a9ce24612db6,2,f
val_roc_auc_mood/theme---melodic,0.6023927920285636,1780305457816,91c6d578c3224667a208a9ce24612db6,2,f
val_pr_auc_mood/theme---motivational,0.10324926803505552,1780305457816,91c6d578c3224667a208a9ce24612db6,2,f
val_roc_auc_mood/theme---motivational,0.7890492800286201,1780305457816,91c6d578c3224667a208a9ce24612db6,2,f
val_pr_auc_mood/theme---movie,0.09024986859783225,1780305457816,91c6d578c3224667a208a9ce24612db6,2,f
val_roc_auc_mood/theme---movie,0.7450420647848063,1780305457816,91c6d578c3224667a208a9ce24612db6,2,f
val_pr_auc_mood/theme---nature,0.03225578229456269,1780305457816,91c6d578c3224667a208a9ce24612db6,2,f
val_roc_auc_mood/theme---nature,0.7023445379881025,1780305457816,91c6d578c3224667a208a9ce24612db6,2,f
val_pr_auc_mood/theme---party,0.09923743826983789,1780305457816,91c6d578c3224667a208a9ce24612db6,2,f
val_roc_auc_mood/theme---party,0.8339993339993339,1780305457816,91c6d578c3224667a208a9ce24612db6,2,f
val_pr_auc_mood/theme---positive,0.042536415779618204,1780305457816,91c6d578c3224667a208a9ce24612db6,2,f
val_roc_auc_mood/theme---positive,0.7355537720706261,1780305457816,91c6d578c3224667a208a9ce24612db6,2,f
val_pr_auc_mood/theme---powerful,0.02071314733979119,1780305457816,91c6d578c3224667a208a9ce24612db6,2,f
val_roc_auc_mood/theme---powerful,0.6518287673173357,1780305457816,91c6d578c3224667a208a9ce24612db6,2,f
val_pr_auc_mood/theme---relaxing,0.19046749806585223,1780305457816,91c6d578c3224667a208a9ce24612db6,2,f
val_roc_auc_mood/theme---relaxing,0.7447344621465144,1780305457816,91c6d578c3224667a208a9ce24612db6,2,f
val_pr_auc_mood/theme---retro,0.012194990730687198,1780305457816,91c6d578c3224667a208a9ce24612db6,2,f
val_roc_auc_mood/theme---retro,0.5726811110174383,1780305457816,91c6d578c3224667a208a9ce24612db6,2,f
val_pr_auc_mood/theme---romantic,0.06587423210474247,1780305457816,91c6d578c3224667a208a9ce24612db6,2,f
val_roc_auc_mood/theme---romantic,0.6770298496475828,1780305457816,91c6d578c3224667a208a9ce24612db6,2,f
val_pr_auc_mood/theme---sad,0.07732025438229163,1780305457816,91c6d578c3224667a208a9ce24612db6,2,f
val_roc_auc_mood/theme---sad,0.7034758089282224,1780305457816,91c6d578c3224667a208a9ce24612db6,2,f
val_pr_auc_mood/theme---sexy,0.031163527916018875,1780305457816,91c6d578c3224667a208a9ce24612db6,2,f
val_roc_auc_mood/theme---sexy,0.7583719177344675,1780305457816,91c6d578c3224667a208a9ce24612db6,2,f
val_pr_auc_mood/theme---slow,0.03115066667853319,1780305457816,91c6d578c3224667a208a9ce24612db6,2,f
val_roc_auc_mood/theme---slow,0.7139614589047646,1780305457816,91c6d578c3224667a208a9ce24612db6,2,f
val_pr_auc_mood/theme---soft,0.050907462580193116,1780305457816,91c6d578c3224667a208a9ce24612db6,2,f
val_roc_auc_mood/theme---soft,0.6704120168753402,1780305457816,91c6d578c3224667a208a9ce24612db6,2,f
val_pr_auc_mood/theme---soundscape,0.041260447549797206,1780305457816,91c6d578c3224667a208a9ce24612db6,2,f
val_roc_auc_mood/theme---soundscape,0.7385230424263882,1780305457816,91c6d578c3224667a208a9ce24612db6,2,f
val_pr_auc_mood/theme---space,0.07065487469734374,1780305457816,91c6d578c3224667a208a9ce24612db6,2,f
val_roc_auc_mood/theme---space,0.7701696251779311,1780305457816,91c6d578c3224667a208a9ce24612db6,2,f
val_pr_auc_mood/theme---sport,0.04209324254069868,1780305457816,91c6d578c3224667a208a9ce24612db6,2,f
val_roc_auc_mood/theme---sport,0.8259829968119022,1780305457816,91c6d578c3224667a208a9ce24612db6,2,f
val_pr_auc_mood/theme---summer,0.20007592146561598,1780305457816,91c6d578c3224667a208a9ce24612db6,2,f
val_roc_auc_mood/theme---summer,0.8284369901184776,1780305457816,91c6d578c3224667a208a9ce24612db6,2,f
val_pr_auc_mood/theme---trailer,0.18761591711994954,1780305457816,91c6d578c3224667a208a9ce24612db6,2,f
val_roc_auc_mood/theme---trailer,0.9094095530028199,1780305457816,91c6d578c3224667a208a9ce24612db6,2,f
val_pr_auc_mood/theme---travel,0.013008412340397579,1780305457816,91c6d578c3224667a208a9ce24612db6,2,f
val_roc_auc_mood/theme---travel,0.5168980461888992,1780305457816,91c6d578c3224667a208a9ce24612db6,2,f
val_pr_auc_mood/theme---upbeat,0.04268725184254317,1780305457816,91c6d578c3224667a208a9ce24612db6,2,f
val_roc_auc_mood/theme---upbeat,0.5897747915118488,1780305457816,91c6d578c3224667a208a9ce24612db6,2,f
val_pr_auc_mood/theme---uplifting,0.06135596860013241,1780305457816,91c6d578c3224667a208a9ce24612db6,2,f
val_roc_auc_mood/theme---uplifting,0.6521691737519076,1780305457816,91c6d578c3224667a208a9ce24612db6,2,f
val_macro_pr_auc,0.08755192866708553,1780305457816,91c6d578c3224667a208a9ce24612db6,2,f
val_macro_roc_auc,0.7133470475815764,1780305457816,91c6d578c3224667a208a9ce24612db6,2,f
val_roc_auc_mood/theme---party,0.8301410128333205,1780306633171,91c6d578c3224667a208a9ce24612db6,3,f
val_pr_auc_mood/theme---commercial,0.08957917784035896,1780306633171,91c6d578c3224667a208a9ce24612db6,3,f
val_roc_auc_mood/theme---christmas,0.7788394617793759,1780306633171,91c6d578c3224667a208a9ce24612db6,3,f
avg_train_loss,0.04681446478649594,1780306427464,91c6d578c3224667a208a9ce24612db6,3,f
val_pr_auc_mood/theme---adventure,0.029585762016312727,1780306633171,91c6d578c3224667a208a9ce24612db6,3,f
train_loss,0.04681446478649594,1780306428391,91c6d578c3224667a208a9ce24612db6,3,f
stdev_train_loss,0.004123296359120797,1780306427940,91c6d578c3224667a208a9ce24612db6,3,f
val_pr_auc_mood/theme---christmas,0.1077213696707731,1780306633171,91c6d578c3224667a208a9ce24612db6,3,f
val_roc_auc_mood/theme---children,0.7546665693157523,1780306633171,91c6d578c3224667a208a9ce24612db6,3,f
val_pr_auc_mood/theme---children,0.09780995393461611,1780306633171,91c6d578c3224667a208a9ce24612db6,3,f
val_roc_auc_mood/theme---calm,0.6382348046761243,1780306633171,91c6d578c3224667a208a9ce24612db6,3,f
val_pr_auc_mood/theme---calm,0.04766337977706514,1780306633171,91c6d578c3224667a208a9ce24612db6,3,f
val_roc_auc_mood/theme---ballad,0.7985190097259063,1780306633171,91c6d578c3224667a208a9ce24612db6,3,f
val_pr_auc_mood/theme---ballad,0.07603655039482045,1780306633171,91c6d578c3224667a208a9ce24612db6,3,f
val_roc_auc_mood/theme---background,0.5810303381962865,1780306633171,91c6d578c3224667a208a9ce24612db6,3,f
val_pr_auc_mood/theme---background,0.011763641311418353,1780306633171,91c6d578c3224667a208a9ce24612db6,3,f
val_roc_auc_mood/theme---advertising,0.7534455642722206,1780306633171,91c6d578c3224667a208a9ce24612db6,3,f
val_pr_auc_mood/theme---advertising,0.13133183827424477,1780306633171,91c6d578c3224667a208a9ce24612db6,3,f
val_roc_auc_mood/theme---adventure,0.5456326255198436,1780306633171,91c6d578c3224667a208a9ce24612db6,3,f
val_loss_std,0.02279074731958413,1780306633171,91c6d578c3224667a208a9ce24612db6,3,f
val_pr_auc_mood/theme---action,0.17801168075653787,1780306633171,91c6d578c3224667a208a9ce24612db6,3,f
val_loss_avg,0.053716706268111876,1780306633171,91c6d578c3224667a208a9ce24612db6,3,f
val_roc_auc_mood/theme---action,0.7548147608996288,1780306633171,91c6d578c3224667a208a9ce24612db6,3,f
val_roc_auc_mood/theme---commercial,0.7511254019292605,1780306633171,91c6d578c3224667a208a9ce24612db6,3,f
val_pr_auc_mood/theme---cool,0.02075790352653638,1780306633171,91c6d578c3224667a208a9ce24612db6,3,f
val_roc_auc_mood/theme---cool,0.7534501061571126,1780306633171,91c6d578c3224667a208a9ce24612db6,3,f
val_pr_auc_mood/theme---corporate,0.10811485130037393,1780306633171,91c6d578c3224667a208a9ce24612db6,3,f
val_roc_auc_mood/theme---corporate,0.77697188023335,1780306633171,91c6d578c3224667a208a9ce24612db6,3,f
val_pr_auc_mood/theme---dark,0.10082482692958028,1780306633171,91c6d578c3224667a208a9ce24612db6,3,f
val_roc_auc_mood/theme---dark,0.6425922625866619,1780306633171,91c6d578c3224667a208a9ce24612db6,3,f
val_pr_auc_mood/theme---deep,0.1908845505476547,1780306633171,91c6d578c3224667a208a9ce24612db6,3,f
val_roc_auc_mood/theme---deep,0.8062637580218731,1780306633171,91c6d578c3224667a208a9ce24612db6,3,f
val_pr_auc_mood/theme---documentary,0.0399358504403755,1780306633171,91c6d578c3224667a208a9ce24612db6,3,f
val_roc_auc_mood/theme---documentary,0.6089406585829925,1780306633171,91c6d578c3224667a208a9ce24612db6,3,f
val_pr_auc_mood/theme---drama,0.05400104910557672,1780306633171,91c6d578c3224667a208a9ce24612db6,3,f
val_roc_auc_mood/theme---drama,0.6840666906130268,1780306633171,91c6d578c3224667a208a9ce24612db6,3,f
val_pr_auc_mood/theme---dramatic,0.018438766185214395,1780306633171,91c6d578c3224667a208a9ce24612db6,3,f
val_roc_auc_mood/theme---dramatic,0.6850880479580368,1780306633171,91c6d578c3224667a208a9ce24612db6,3,f
val_pr_auc_mood/theme---dream,0.11882876600228322,1780306633171,91c6d578c3224667a208a9ce24612db6,3,f
val_roc_auc_mood/theme---dream,0.6760731826946981,1780306633171,91c6d578c3224667a208a9ce24612db6,3,f
val_pr_auc_mood/theme---emotional,0.15591828013019954,1780306633171,91c6d578c3224667a208a9ce24612db6,3,f
val_roc_auc_mood/theme---emotional,0.6727120456310245,1780306633171,91c6d578c3224667a208a9ce24612db6,3,f
val_pr_auc_mood/theme---energetic,0.18319169014413933,1780306633171,91c6d578c3224667a208a9ce24612db6,3,f
val_roc_auc_mood/theme---energetic,0.7673552779838789,1780306633171,91c6d578c3224667a208a9ce24612db6,3,f
val_pr_auc_mood/theme---epic,0.4295771638517726,1780306633171,91c6d578c3224667a208a9ce24612db6,3,f
val_roc_auc_mood/theme---epic,0.8921529705376043,1780306633171,91c6d578c3224667a208a9ce24612db6,3,f
val_pr_auc_mood/theme---fast,0.07388194533861078,1780306633171,91c6d578c3224667a208a9ce24612db6,3,f
val_roc_auc_mood/theme---fast,0.870935870273794,1780306633171,91c6d578c3224667a208a9ce24612db6,3,f
val_pr_auc_mood/theme---film,0.13744925670788238,1780306633171,91c6d578c3224667a208a9ce24612db6,3,f
val_roc_auc_mood/theme---film,0.7130368858218504,1780306633171,91c6d578c3224667a208a9ce24612db6,3,f
val_pr_auc_mood/theme---fun,0.08915601688228762,1780306633171,91c6d578c3224667a208a9ce24612db6,3,f
val_roc_auc_mood/theme---fun,0.6797005939305183,1780306633171,91c6d578c3224667a208a9ce24612db6,3,f
val_pr_auc_mood/theme---funny,0.016488963463646412,1780306633171,91c6d578c3224667a208a9ce24612db6,3,f
val_roc_auc_mood/theme---funny,0.7638206564883739,1780306633171,91c6d578c3224667a208a9ce24612db6,3,f
val_pr_auc_mood/theme---game,0.019758630259190887,1780306633171,91c6d578c3224667a208a9ce24612db6,3,f
val_roc_auc_mood/theme---game,0.6409815026075619,1780306633171,91c6d578c3224667a208a9ce24612db6,3,f
val_pr_auc_mood/theme---groovy,0.07342378290066001,1780306633171,91c6d578c3224667a208a9ce24612db6,3,f
val_roc_auc_mood/theme---groovy,0.8335713664308085,1780306633171,91c6d578c3224667a208a9ce24612db6,3,f
val_pr_auc_mood/theme---happy,0.2829215441787129,1780306633171,91c6d578c3224667a208a9ce24612db6,3,f
val_roc_auc_mood/theme---happy,0.7587419205218744,1780306633171,91c6d578c3224667a208a9ce24612db6,3,f
val_pr_auc_mood/theme---heavy,0.11182302089466993,1780306633171,91c6d578c3224667a208a9ce24612db6,3,f
val_roc_auc_mood/theme---heavy,0.9030206549442421,1780306633171,91c6d578c3224667a208a9ce24612db6,3,f
val_pr_auc_mood/theme---holiday,0.018210157199001684,1780306633171,91c6d578c3224667a208a9ce24612db6,3,f
val_roc_auc_mood/theme---holiday,0.6063294019492587,1780306633171,91c6d578c3224667a208a9ce24612db6,3,f
val_pr_auc_mood/theme---hopeful,0.01720924226249591,1780306633171,91c6d578c3224667a208a9ce24612db6,3,f
val_roc_auc_mood/theme---hopeful,0.697601345370862,1780306633171,91c6d578c3224667a208a9ce24612db6,3,f
val_pr_auc_mood/theme---inspiring,0.07423164249997365,1780306633171,91c6d578c3224667a208a9ce24612db6,3,f
val_roc_auc_mood/theme---inspiring,0.6282021196367253,1780306633171,91c6d578c3224667a208a9ce24612db6,3,f
val_pr_auc_mood/theme---love,0.0900243282258751,1780306633171,91c6d578c3224667a208a9ce24612db6,3,f
val_roc_auc_mood/theme---love,0.6168274031639249,1780306633171,91c6d578c3224667a208a9ce24612db6,3,f
val_pr_auc_mood/theme---meditative,0.08967417411046202,1780306633171,91c6d578c3224667a208a9ce24612db6,3,f
val_roc_auc_mood/theme---meditative,0.715771552760913,1780306633171,91c6d578c3224667a208a9ce24612db6,3,f
val_pr_auc_mood/theme---melancholic,0.050637292387139765,1780306633171,91c6d578c3224667a208a9ce24612db6,3,f
val_roc_auc_mood/theme---melancholic,0.6688987822826892,1780306633171,91c6d578c3224667a208a9ce24612db6,3,f
val_pr_auc_mood/theme---melodic,0.13542501565344484,1780306633171,91c6d578c3224667a208a9ce24612db6,3,f
val_roc_auc_mood/theme---melodic,0.6031326757995492,1780306633171,91c6d578c3224667a208a9ce24612db6,3,f
val_pr_auc_mood/theme---motivational,0.10664594971452822,1780306633171,91c6d578c3224667a208a9ce24612db6,3,f
val_roc_auc_mood/theme---motivational,0.7979679813970127,1780306633171,91c6d578c3224667a208a9ce24612db6,3,f
val_pr_auc_mood/theme---movie,0.09818280243981245,1780306633171,91c6d578c3224667a208a9ce24612db6,3,f
val_roc_auc_mood/theme---movie,0.7633337091616549,1780306633171,91c6d578c3224667a208a9ce24612db6,3,f
val_pr_auc_mood/theme---nature,0.03363756835283464,1780306633171,91c6d578c3224667a208a9ce24612db6,3,f
val_roc_auc_mood/theme---nature,0.7196970008851198,1780306633171,91c6d578c3224667a208a9ce24612db6,3,f
val_pr_auc_mood/theme---party,0.09650301168426498,1780306633171,91c6d578c3224667a208a9ce24612db6,3,f
val_pr_auc_mood/theme---positive,0.05038414174060432,1780306633171,91c6d578c3224667a208a9ce24612db6,3,f
val_roc_auc_mood/theme---positive,0.7103021334938469,1780306633171,91c6d578c3224667a208a9ce24612db6,3,f
val_pr_auc_mood/theme---powerful,0.020089395185373088,1780306633171,91c6d578c3224667a208a9ce24612db6,3,f
val_roc_auc_mood/theme---powerful,0.661421650565204,1780306633171,91c6d578c3224667a208a9ce24612db6,3,f
val_pr_auc_mood/theme---relaxing,0.17342898102151713,1780306633171,91c6d578c3224667a208a9ce24612db6,3,f
val_roc_auc_mood/theme---relaxing,0.7408699033962387,1780306633171,91c6d578c3224667a208a9ce24612db6,3,f
val_pr_auc_mood/theme---retro,0.011476171620645879,1780306633171,91c6d578c3224667a208a9ce24612db6,3,f
val_roc_auc_mood/theme---retro,0.5480444355094973,1780306633171,91c6d578c3224667a208a9ce24612db6,3,f
val_pr_auc_mood/theme---romantic,0.0565454204436848,1780306633171,91c6d578c3224667a208a9ce24612db6,3,f
val_roc_auc_mood/theme---romantic,0.6961252507407203,1780306633171,91c6d578c3224667a208a9ce24612db6,3,f
val_pr_auc_mood/theme---sad,0.07227650603117466,1780306633171,91c6d578c3224667a208a9ce24612db6,3,f
val_roc_auc_mood/theme---sad,0.6932056543547652,1780306633171,91c6d578c3224667a208a9ce24612db6,3,f
val_pr_auc_mood/theme---sexy,0.021300101494808314,1780306633171,91c6d578c3224667a208a9ce24612db6,3,f
val_roc_auc_mood/theme---sexy,0.7185312802842683,1780306633171,91c6d578c3224667a208a9ce24612db6,3,f
val_pr_auc_mood/theme---slow,0.028912222395412353,1780306633171,91c6d578c3224667a208a9ce24612db6,3,f
val_roc_auc_mood/theme---slow,0.7374041882866879,1780306633171,91c6d578c3224667a208a9ce24612db6,3,f
val_pr_auc_mood/theme---soft,0.05658225198977213,1780306633171,91c6d578c3224667a208a9ce24612db6,3,f
val_roc_auc_mood/theme---soft,0.6983469141262928,1780306633171,91c6d578c3224667a208a9ce24612db6,3,f
val_pr_auc_mood/theme---soundscape,0.035210324779845176,1780306633171,91c6d578c3224667a208a9ce24612db6,3,f
val_roc_auc_mood/theme---soundscape,0.7565424558918983,1780306633171,91c6d578c3224667a208a9ce24612db6,3,f
val_pr_auc_mood/theme---space,0.05274692796953066,1780306633171,91c6d578c3224667a208a9ce24612db6,3,f
val_roc_auc_mood/theme---space,0.738410202442765,1780306633171,91c6d578c3224667a208a9ce24612db6,3,f
val_pr_auc_mood/theme---sport,0.059350425204964107,1780306633171,91c6d578c3224667a208a9ce24612db6,3,f
val_roc_auc_mood/theme---sport,0.8758389730969295,1780306633171,91c6d578c3224667a208a9ce24612db6,3,f
val_pr_auc_mood/theme---summer,0.23653102891562014,1780306633171,91c6d578c3224667a208a9ce24612db6,3,f
val_roc_auc_mood/theme---summer,0.8451411159576074,1780306633171,91c6d578c3224667a208a9ce24612db6,3,f
val_pr_auc_mood/theme---trailer,0.19771606382655318,1780306633171,91c6d578c3224667a208a9ce24612db6,3,f
val_roc_auc_mood/theme---trailer,0.9226409111328382,1780306633171,91c6d578c3224667a208a9ce24612db6,3,f
val_pr_auc_mood/theme---travel,0.01285931055086063,1780306633171,91c6d578c3224667a208a9ce24612db6,3,f
val_roc_auc_mood/theme---travel,0.5181596219622941,1780306633171,91c6d578c3224667a208a9ce24612db6,3,f
val_pr_auc_mood/theme---upbeat,0.04731881936135622,1780306633171,91c6d578c3224667a208a9ce24612db6,3,f
val_roc_auc_mood/theme---upbeat,0.6489462059284948,1780306633171,91c6d578c3224667a208a9ce24612db6,3,f
val_pr_auc_mood/theme---uplifting,0.08080398150349445,1780306633171,91c6d578c3224667a208a9ce24612db6,3,f
val_roc_auc_mood/theme---uplifting,0.6965130598224123,1780306633171,91c6d578c3224667a208a9ce24612db6,3,f
val_macro_pr_auc,0.08962131198804581,1780306633171,91c6d578c3224667a208a9ce24612db6,3,f
val_macro_roc_auc,0.7203594966172763,1780306633171,91c6d578c3224667a208a9ce24612db6,3,f
stdev_train_loss,0.00408214656903081,1780307634364,91c6d578c3224667a208a9ce24612db6,4,f
avg_train_loss,0.045875768510351383,1780307633819,91c6d578c3224667a208a9ce24612db6,4,f
train_loss,0.045875768510351383,1780307634829,91c6d578c3224667a208a9ce24612db6,4,f
val_loss_avg,0.07585464253413081,1780307941635,91c6d578c3224667a208a9ce24612db6,4,f
val_loss_std,0.05595544475971058,1780307941635,91c6d578c3224667a208a9ce24612db6,4,f
val_pr_auc_mood/theme---action,0.15738711404649242,1780307941635,91c6d578c3224667a208a9ce24612db6,4,f
val_roc_auc_mood/theme---action,0.7229589732391974,1780307941635,91c6d578c3224667a208a9ce24612db6,4,f
val_pr_auc_mood/theme---adventure,0.027544096555204393,1780307941635,91c6d578c3224667a208a9ce24612db6,4,f
val_roc_auc_mood/theme---adventure,0.5376077556528684,1780307941635,91c6d578c3224667a208a9ce24612db6,4,f
val_pr_auc_mood/theme---advertising,0.09762292749615589,1780307941635,91c6d578c3224667a208a9ce24612db6,4,f
val_roc_auc_mood/theme---advertising,0.7147603227337447,1780307941635,91c6d578c3224667a208a9ce24612db6,4,f
val_pr_auc_mood/theme---background,0.011198876493752896,1780307941635,91c6d578c3224667a208a9ce24612db6,4,f
val_roc_auc_mood/theme---background,0.5671336206896551,1780307941635,91c6d578c3224667a208a9ce24612db6,4,f
val_pr_auc_mood/theme---ballad,0.07815729489843298,1780307941635,91c6d578c3224667a208a9ce24612db6,4,f
val_roc_auc_mood/theme---ballad,0.7862925508399647,1780307941635,91c6d578c3224667a208a9ce24612db6,4,f
val_pr_auc_mood/theme---calm,0.051091495441894785,1780307941635,91c6d578c3224667a208a9ce24612db6,4,f
val_roc_auc_mood/theme---calm,0.653014103257478,1780307941635,91c6d578c3224667a208a9ce24612db6,4,f
val_pr_auc_mood/theme---children,0.1013182270691363,1780307941635,91c6d578c3224667a208a9ce24612db6,4,f
val_roc_auc_mood/theme---children,0.7388911578750424,1780307941635,91c6d578c3224667a208a9ce24612db6,4,f
val_pr_auc_mood/theme---christmas,0.11335304833703908,1780307941635,91c6d578c3224667a208a9ce24612db6,4,f
val_roc_auc_mood/theme---christmas,0.7660944206008583,1780307941635,91c6d578c3224667a208a9ce24612db6,4,f
val_pr_auc_mood/theme---commercial,0.09084646558469459,1780307941635,91c6d578c3224667a208a9ce24612db6,4,f
val_roc_auc_mood/theme---commercial,0.7745483080692085,1780307941635,91c6d578c3224667a208a9ce24612db6,4,f
val_pr_auc_mood/theme---cool,0.018310742534414056,1780307941635,91c6d578c3224667a208a9ce24612db6,4,f
val_roc_auc_mood/theme---cool,0.7116039090795554,1780307941635,91c6d578c3224667a208a9ce24612db6,4,f
val_pr_auc_mood/theme---corporate,0.1279813632791105,1780307941635,91c6d578c3224667a208a9ce24612db6,4,f
val_roc_auc_mood/theme---corporate,0.81610813596128,1780307941635,91c6d578c3224667a208a9ce24612db6,4,f
val_pr_auc_mood/theme---dark,0.08294804014783838,1780307941635,91c6d578c3224667a208a9ce24612db6,4,f
val_roc_auc_mood/theme---dark,0.6017025073311828,1780307941635,91c6d578c3224667a208a9ce24612db6,4,f
val_pr_auc_mood/theme---deep,0.16340002006129947,1780307941635,91c6d578c3224667a208a9ce24612db6,4,f
val_roc_auc_mood/theme---deep,0.7885117848255085,1780307941635,91c6d578c3224667a208a9ce24612db6,4,f
val_pr_auc_mood/theme---documentary,0.049955167185855846,1780307941635,91c6d578c3224667a208a9ce24612db6,4,f
val_roc_auc_mood/theme---documentary,0.6706156895763031,1780307941635,91c6d578c3224667a208a9ce24612db6,4,f
val_pr_auc_mood/theme---drama,0.07263489074982918,1780307941635,91c6d578c3224667a208a9ce24612db6,4,f
val_roc_auc_mood/theme---drama,0.7159273227969347,1780307941635,91c6d578c3224667a208a9ce24612db6,4,f
val_pr_auc_mood/theme---dramatic,0.017394514659934912,1780307941635,91c6d578c3224667a208a9ce24612db6,4,f
val_roc_auc_mood/theme---dramatic,0.6345619457974273,1780307941635,91c6d578c3224667a208a9ce24612db6,4,f
val_pr_auc_mood/theme---dream,0.1034547002873578,1780307941635,91c6d578c3224667a208a9ce24612db6,4,f
val_roc_auc_mood/theme---dream,0.6998206043014654,1780307941635,91c6d578c3224667a208a9ce24612db6,4,f
val_pr_auc_mood/theme---emotional,0.15367449920705706,1780307941635,91c6d578c3224667a208a9ce24612db6,4,f
val_roc_auc_mood/theme---emotional,0.6445585491090486,1780307941635,91c6d578c3224667a208a9ce24612db6,4,f
val_pr_auc_mood/theme---energetic,0.16638831049959388,1780307941635,91c6d578c3224667a208a9ce24612db6,4,f
val_roc_auc_mood/theme---energetic,0.7613774791751095,1780307941635,91c6d578c3224667a208a9ce24612db6,4,f
val_pr_auc_mood/theme---epic,0.3764637679316905,1780307941635,91c6d578c3224667a208a9ce24612db6,4,f
val_roc_auc_mood/theme---epic,0.8866986796695469,1780307941635,91c6d578c3224667a208a9ce24612db6,4,f
val_pr_auc_mood/theme---fast,0.05297602122394576,1780307941635,91c6d578c3224667a208a9ce24612db6,4,f
val_roc_auc_mood/theme---fast,0.8663217079530638,1780307941635,91c6d578c3224667a208a9ce24612db6,4,f
val_pr_auc_mood/theme---film,0.10467489726302937,1780307941635,91c6d578c3224667a208a9ce24612db6,4,f
val_roc_auc_mood/theme---film,0.6793551822841547,1780307941635,91c6d578c3224667a208a9ce24612db6,4,f
val_pr_auc_mood/theme---fun,0.0910059715207985,1780307941635,91c6d578c3224667a208a9ce24612db6,4,f
val_roc_auc_mood/theme---fun,0.686503798048831,1780307941635,91c6d578c3224667a208a9ce24612db6,4,f
val_pr_auc_mood/theme---funny,0.014446915831025628,1780307941635,91c6d578c3224667a208a9ce24612db6,4,f
val_roc_auc_mood/theme---funny,0.7409482609846175,1780307941635,91c6d578c3224667a208a9ce24612db6,4,f
val_pr_auc_mood/theme---game,0.020990138920352258,1780307941635,91c6d578c3224667a208a9ce24612db6,4,f
val_roc_auc_mood/theme---game,0.5471805736636246,1780307941635,91c6d578c3224667a208a9ce24612db6,4,f
val_pr_auc_mood/theme---groovy,0.08604002641493548,1780307941635,91c6d578c3224667a208a9ce24612db6,4,f
val_roc_auc_mood/theme---groovy,0.831309447859877,1780307941635,91c6d578c3224667a208a9ce24612db6,4,f
val_pr_auc_mood/theme---happy,0.29484314488431923,1780307941635,91c6d578c3224667a208a9ce24612db6,4,f
val_roc_auc_mood/theme---happy,0.7640661469866539,1780307941635,91c6d578c3224667a208a9ce24612db6,4,f
val_pr_auc_mood/theme---heavy,0.08235644270762338,1780307941635,91c6d578c3224667a208a9ce24612db6,4,f
val_roc_auc_mood/theme---heavy,0.887020912226537,1780307941635,91c6d578c3224667a208a9ce24612db6,4,f
val_pr_auc_mood/theme---holiday,0.015218961126430217,1780307941635,91c6d578c3224667a208a9ce24612db6,4,f
val_roc_auc_mood/theme---holiday,0.5668967348022298,1780307941635,91c6d578c3224667a208a9ce24612db6,4,f
val_pr_auc_mood/theme---hopeful,0.01542146148657649,1780307941635,91c6d578c3224667a208a9ce24612db6,4,f
val_roc_auc_mood/theme---hopeful,0.673629550952971,1780307941635,91c6d578c3224667a208a9ce24612db6,4,f
val_pr_auc_mood/theme---inspiring,0.08627418953365619,1780307941635,91c6d578c3224667a208a9ce24612db6,4,f
val_roc_auc_mood/theme---inspiring,0.6499881662976157,1780307941635,91c6d578c3224667a208a9ce24612db6,4,f
val_pr_auc_mood/theme---love,0.08985609764843043,1780307941635,91c6d578c3224667a208a9ce24612db6,4,f
val_roc_auc_mood/theme---love,0.6166526514952435,1780307941635,91c6d578c3224667a208a9ce24612db6,4,f
val_pr_auc_mood/theme---meditative,0.1116640856844755,1780307941635,91c6d578c3224667a208a9ce24612db6,4,f
val_roc_auc_mood/theme---meditative,0.7145569523081673,1780307941635,91c6d578c3224667a208a9ce24612db6,4,f
val_pr_auc_mood/theme---melancholic,0.04956260584261862,1780307941635,91c6d578c3224667a208a9ce24612db6,4,f
val_roc_auc_mood/theme---melancholic,0.6626039477570228,1780307941635,91c6d578c3224667a208a9ce24612db6,4,f
val_pr_auc_mood/theme---melodic,0.12022711231943019,1780307941635,91c6d578c3224667a208a9ce24612db6,4,f
val_roc_auc_mood/theme---melodic,0.5637233800106353,1780307941635,91c6d578c3224667a208a9ce24612db6,4,f
val_pr_auc_mood/theme---motivational,0.09237081121166311,1780307941635,91c6d578c3224667a208a9ce24612db6,4,f
val_roc_auc_mood/theme---motivational,0.7780019676236474,1780307941635,91c6d578c3224667a208a9ce24612db6,4,f
val_pr_auc_mood/theme---movie,0.07847525855349288,1780307941635,91c6d578c3224667a208a9ce24612db6,4,f
val_roc_auc_mood/theme---movie,0.7221349287645403,1780307941635,91c6d578c3224667a208a9ce24612db6,4,f
val_pr_auc_mood/theme---nature,0.03258030371587063,1780307941635,91c6d578c3224667a208a9ce24612db6,4,f
val_roc_auc_mood/theme---nature,0.7094172618925095,1780307941635,91c6d578c3224667a208a9ce24612db6,4,f
val_pr_auc_mood/theme---party,0.09196783101634937,1780307941635,91c6d578c3224667a208a9ce24612db6,4,f
val_roc_auc_mood/theme---party,0.8400733881503112,1780307941635,91c6d578c3224667a208a9ce24612db6,4,f
val_pr_auc_mood/theme---positive,0.05441807147364891,1780307941635,91c6d578c3224667a208a9ce24612db6,4,f
val_roc_auc_mood/theme---positive,0.7338859349919743,1780307941635,91c6d578c3224667a208a9ce24612db6,4,f
val_pr_auc_mood/theme---powerful,0.01891154918849993,1780307941635,91c6d578c3224667a208a9ce24612db6,4,f
val_roc_auc_mood/theme---powerful,0.6362977023543077,1780307941635,91c6d578c3224667a208a9ce24612db6,4,f
val_pr_auc_mood/theme---relaxing,0.1950673196337254,1780307941635,91c6d578c3224667a208a9ce24612db6,4,f
val_roc_auc_mood/theme---relaxing,0.7300315819988732,1780307941635,91c6d578c3224667a208a9ce24612db6,4,f
val_pr_auc_mood/theme---retro,0.012280411715837318,1780307941635,91c6d578c3224667a208a9ce24612db6,4,f
val_roc_auc_mood/theme---retro,0.5654697440353824,1780307941635,91c6d578c3224667a208a9ce24612db6,4,f
val_pr_auc_mood/theme---romantic,0.059700446032577154,1780307941635,91c6d578c3224667a208a9ce24612db6,4,f
val_roc_auc_mood/theme---romantic,0.6611319678315759,1780307941635,91c6d578c3224667a208a9ce24612db6,4,f
val_pr_auc_mood/theme---sad,0.07412790823781505,1780307941635,91c6d578c3224667a208a9ce24612db6,4,f
val_roc_auc_mood/theme---sad,0.6904175623737868,1780307941635,91c6d578c3224667a208a9ce24612db6,4,f
val_pr_auc_mood/theme---sexy,0.02052732427918678,1780307941635,91c6d578c3224667a208a9ce24612db6,4,f
val_roc_auc_mood/theme---sexy,0.7460105523850544,1780307941635,91c6d578c3224667a208a9ce24612db6,4,f
val_pr_auc_mood/theme---slow,0.031174453835804177,1780307941635,91c6d578c3224667a208a9ce24612db6,4,f
val_roc_auc_mood/theme---slow,0.7320593667745361,1780307941635,91c6d578c3224667a208a9ce24612db6,4,f
val_pr_auc_mood/theme---soft,0.050164628715307295,1780307941635,91c6d578c3224667a208a9ce24612db6,4,f
val_roc_auc_mood/theme---soft,0.672712813010343,1780307941635,91c6d578c3224667a208a9ce24612db6,4,f
val_pr_auc_mood/theme---soundscape,0.035955033345113366,1780307941635,91c6d578c3224667a208a9ce24612db6,4,f
val_roc_auc_mood/theme---soundscape,0.7237785448751991,1780307941635,91c6d578c3224667a208a9ce24612db6,4,f
val_pr_auc_mood/theme---space,0.059620364944869525,1780307941635,91c6d578c3224667a208a9ce24612db6,4,f
val_roc_auc_mood/theme---space,0.7624116867717874,1780307941635,91c6d578c3224667a208a9ce24612db6,4,f
val_pr_auc_mood/theme---sport,0.040097647473744585,1780307941635,91c6d578c3224667a208a9ce24612db6,4,f
val_roc_auc_mood/theme---sport,0.8382320040270709,1780307941635,91c6d578c3224667a208a9ce24612db6,4,f
val_pr_auc_mood/theme---summer,0.23628288444411658,1780307941635,91c6d578c3224667a208a9ce24612db6,4,f
val_roc_auc_mood/theme---summer,0.8554105554913963,1780307941635,91c6d578c3224667a208a9ce24612db6,4,f
val_pr_auc_mood/theme---trailer,0.17207518276287231,1780307941635,91c6d578c3224667a208a9ce24612db6,4,f
val_roc_auc_mood/theme---trailer,0.8884960796674984,1780307941635,91c6d578c3224667a208a9ce24612db6,4,f
val_pr_auc_mood/theme---travel,0.019571212481864098,1780307941635,91c6d578c3224667a208a9ce24612db6,4,f
val_roc_auc_mood/theme---travel,0.5748870291521885,1780307941635,91c6d578c3224667a208a9ce24612db6,4,f
val_pr_auc_mood/theme---upbeat,0.05276650584853373,1780307941635,91c6d578c3224667a208a9ce24612db6,4,f
val_roc_auc_mood/theme---upbeat,0.6776659648253653,1780307941635,91c6d578c3224667a208a9ce24612db6,4,f
val_pr_auc_mood/theme---uplifting,0.07824054891356,1780307941635,91c6d578c3224667a208a9ce24612db6,4,f
val_roc_auc_mood/theme---uplifting,0.6918425947202925,1780307941635,91c6d578c3224667a208a9ce24612db6,4,f
val_macro_pr_auc,0.08576891665533723,1780307941635,91c6d578c3224667a208a9ce24612db6,4,f
val_macro_roc_auc,0.7120341868916119,1780307941635,91c6d578c3224667a208a9ce24612db6,4,f
val_macro_roc_auc,0.7158368309294627,1780309229755,91c6d578c3224667a208a9ce24612db6,5,f
val_loss_avg,0.05506504255447614,1780309229755,91c6d578c3224667a208a9ce24612db6,5,f
avg_train_loss,0.045252883352790936,1780308924898,91c6d578c3224667a208a9ce24612db6,5,f
stdev_train_loss,0.004091838902620744,1780308926013,91c6d578c3224667a208a9ce24612db6,5,f
train_loss,0.045252883352790936,1780308926444,91c6d578c3224667a208a9ce24612db6,5,f
val_loss_std,0.02403179137128663,1780309229755,91c6d578c3224667a208a9ce24612db6,5,f
val_pr_auc_mood/theme---action,0.1617830124095733,1780309229755,91c6d578c3224667a208a9ce24612db6,5,f
val_roc_auc_mood/theme---action,0.73211053691438,1780309229755,91c6d578c3224667a208a9ce24612db6,5,f
val_pr_auc_mood/theme---adventure,0.030703751677771392,1780309229755,91c6d578c3224667a208a9ce24612db6,5,f
val_roc_auc_mood/theme---adventure,0.5725198986477182,1780309229755,91c6d578c3224667a208a9ce24612db6,5,f
val_pr_auc_mood/theme---advertising,0.11707255564208181,1780309229755,91c6d578c3224667a208a9ce24612db6,5,f
val_roc_auc_mood/theme---advertising,0.7555282578147539,1780309229755,91c6d578c3224667a208a9ce24612db6,5,f
val_pr_auc_mood/theme---background,0.012772582989699402,1780309229755,91c6d578c3224667a208a9ce24612db6,5,f
val_roc_auc_mood/theme---background,0.5940484084880637,1780309229755,91c6d578c3224667a208a9ce24612db6,5,f
val_pr_auc_mood/theme---ballad,0.07635626844274561,1780309229755,91c6d578c3224667a208a9ce24612db6,5,f
val_roc_auc_mood/theme---ballad,0.774503573533746,1780309229755,91c6d578c3224667a208a9ce24612db6,5,f
val_pr_auc_mood/theme---calm,0.04787555000617216,1780309229755,91c6d578c3224667a208a9ce24612db6,5,f
val_roc_auc_mood/theme---calm,0.6147111744394059,1780309229755,91c6d578c3224667a208a9ce24612db6,5,f
val_pr_auc_mood/theme---children,0.10451873821665075,1780309229755,91c6d578c3224667a208a9ce24612db6,5,f
val_roc_auc_mood/theme---children,0.744809789242876,1780309229755,91c6d578c3224667a208a9ce24612db6,5,f
val_pr_auc_mood/theme---christmas,0.1158716894679778,1780309229755,91c6d578c3224667a208a9ce24612db6,5,f
val_roc_auc_mood/theme---christmas,0.7571627421412828,1780309229755,91c6d578c3224667a208a9ce24612db6,5,f
val_pr_auc_mood/theme---commercial,0.10393072975132053,1780309229755,91c6d578c3224667a208a9ce24612db6,5,f
val_roc_auc_mood/theme---commercial,0.7812739243607411,1780309229755,91c6d578c3224667a208a9ce24612db6,5,f
val_pr_auc_mood/theme---cool,0.020876523889305148,1780309229755,91c6d578c3224667a208a9ce24612db6,5,f
val_roc_auc_mood/theme---cool,0.753192519045835,1780309229755,91c6d578c3224667a208a9ce24612db6,5,f
val_pr_auc_mood/theme---corporate,0.1343887476964895,1780309229755,91c6d578c3224667a208a9ce24612db6,5,f
val_roc_auc_mood/theme---corporate,0.8154732328530153,1780309229755,91c6d578c3224667a208a9ce24612db6,5,f
val_pr_auc_mood/theme---dark,0.09588763891942348,1780309229755,91c6d578c3224667a208a9ce24612db6,5,f
val_roc_auc_mood/theme---dark,0.6098731847821738,1780309229755,91c6d578c3224667a208a9ce24612db6,5,f
val_pr_auc_mood/theme---deep,0.18992405128577738,1780309229755,91c6d578c3224667a208a9ce24612db6,5,f
val_roc_auc_mood/theme---deep,0.8051301164312031,1780309229755,91c6d578c3224667a208a9ce24612db6,5,f
val_pr_auc_mood/theme---documentary,0.0410598444680246,1780309229755,91c6d578c3224667a208a9ce24612db6,5,f
val_roc_auc_mood/theme---documentary,0.609826813136302,1780309229755,91c6d578c3224667a208a9ce24612db6,5,f
val_pr_auc_mood/theme---drama,0.05653845793408265,1780309229755,91c6d578c3224667a208a9ce24612db6,5,f
val_roc_auc_mood/theme---drama,0.6838122605363984,1780309229755,91c6d578c3224667a208a9ce24612db6,5,f
val_pr_auc_mood/theme---dramatic,0.021281623640523613,1780309229755,91c6d578c3224667a208a9ce24612db6,5,f
val_roc_auc_mood/theme---dramatic,0.6995753715498938,1780309229755,91c6d578c3224667a208a9ce24612db6,5,f
val_pr_auc_mood/theme---dream,0.11763889678144183,1780309229755,91c6d578c3224667a208a9ce24612db6,5,f
val_roc_auc_mood/theme---dream,0.6776306329913392,1780309229755,91c6d578c3224667a208a9ce24612db6,5,f
val_pr_auc_mood/theme---emotional,0.1499856173095994,1780309229755,91c6d578c3224667a208a9ce24612db6,5,f
val_roc_auc_mood/theme---emotional,0.6460286291584848,1780309229755,91c6d578c3224667a208a9ce24612db6,5,f
val_pr_auc_mood/theme---energetic,0.21542885239641374,1780309229755,91c6d578c3224667a208a9ce24612db6,5,f
val_roc_auc_mood/theme---energetic,0.761972733733617,1780309229755,91c6d578c3224667a208a9ce24612db6,5,f
val_pr_auc_mood/theme---epic,0.4076513760610206,1780309229755,91c6d578c3224667a208a9ce24612db6,5,f
val_roc_auc_mood/theme---epic,0.8931990214893459,1780309229755,91c6d578c3224667a208a9ce24612db6,5,f
val_pr_auc_mood/theme---fast,0.10534280869721022,1780309229755,91c6d578c3224667a208a9ce24612db6,5,f
val_roc_auc_mood/theme---fast,0.8960642112125163,1780309229755,91c6d578c3224667a208a9ce24612db6,5,f
val_pr_auc_mood/theme---film,0.130831711115104,1780309229755,91c6d578c3224667a208a9ce24612db6,5,f
val_roc_auc_mood/theme---film,0.6943491542222321,1780309229755,91c6d578c3224667a208a9ce24612db6,5,f
val_pr_auc_mood/theme---fun,0.09075329742762858,1780309229755,91c6d578c3224667a208a9ce24612db6,5,f
val_roc_auc_mood/theme---fun,0.6471505388273756,1780309229755,91c6d578c3224667a208a9ce24612db6,5,f
val_pr_auc_mood/theme---funny,0.01738532708082916,1780309229755,91c6d578c3224667a208a9ce24612db6,5,f
val_roc_auc_mood/theme---funny,0.7438820944119102,1780309229755,91c6d578c3224667a208a9ce24612db6,5,f
val_pr_auc_mood/theme---game,0.04717467818455082,1780309229755,91c6d578c3224667a208a9ce24612db6,5,f
val_roc_auc_mood/theme---game,0.6009411668839635,1780309229755,91c6d578c3224667a208a9ce24612db6,5,f
val_pr_auc_mood/theme---groovy,0.10601911704579386,1780309229755,91c6d578c3224667a208a9ce24612db6,5,f
val_roc_auc_mood/theme---groovy,0.8452688203224683,1780309229755,91c6d578c3224667a208a9ce24612db6,5,f
val_pr_auc_mood/theme---happy,0.24801891671944123,1780309229755,91c6d578c3224667a208a9ce24612db6,5,f
val_roc_auc_mood/theme---happy,0.7089296935783111,1780309229755,91c6d578c3224667a208a9ce24612db6,5,f
val_pr_auc_mood/theme---heavy,0.10138548675986842,1780309229755,91c6d578c3224667a208a9ce24612db6,5,f
val_roc_auc_mood/theme---heavy,0.9132556662405429,1780309229755,91c6d578c3224667a208a9ce24612db6,5,f
val_pr_auc_mood/theme---holiday,0.01487148009257527,1780309229755,91c6d578c3224667a208a9ce24612db6,5,f
val_roc_auc_mood/theme---holiday,0.5407372293223103,1780309229755,91c6d578c3224667a208a9ce24612db6,5,f
val_pr_auc_mood/theme---hopeful,0.01735661880755597,1780309229755,91c6d578c3224667a208a9ce24612db6,5,f
val_roc_auc_mood/theme---hopeful,0.7153478491768454,1780309229755,91c6d578c3224667a208a9ce24612db6,5,f
val_pr_auc_mood/theme---inspiring,0.08904078539943702,1780309229755,91c6d578c3224667a208a9ce24612db6,5,f
val_roc_auc_mood/theme---inspiring,0.63482097012291,1780309229755,91c6d578c3224667a208a9ce24612db6,5,f
val_pr_auc_mood/theme---love,0.10154627344560051,1780309229755,91c6d578c3224667a208a9ce24612db6,5,f
val_roc_auc_mood/theme---love,0.6489922215798603,1780309229755,91c6d578c3224667a208a9ce24612db6,5,f
val_pr_auc_mood/theme---meditative,0.11992908036920454,1780309229755,91c6d578c3224667a208a9ce24612db6,5,f
val_roc_auc_mood/theme---meditative,0.735327984769729,1780309229755,91c6d578c3224667a208a9ce24612db6,5,f
val_pr_auc_mood/theme---melancholic,0.05196862775512985,1780309229755,91c6d578c3224667a208a9ce24612db6,5,f
val_roc_auc_mood/theme---melancholic,0.6844406042455352,1780309229755,91c6d578c3224667a208a9ce24612db6,5,f
val_pr_auc_mood/theme---melodic,0.12735401508470098,1780309229755,91c6d578c3224667a208a9ce24612db6,5,f
val_roc_auc_mood/theme---melodic,0.5905063812007799,1780309229755,91c6d578c3224667a208a9ce24612db6,5,f
val_pr_auc_mood/theme---motivational,0.12076580405475618,1780309229755,91c6d578c3224667a208a9ce24612db6,5,f
val_roc_auc_mood/theme---motivational,0.8082997942938914,1780309229755,91c6d578c3224667a208a9ce24612db6,5,f
val_pr_auc_mood/theme---movie,0.08106992094468632,1780309229755,91c6d578c3224667a208a9ce24612db6,5,f
val_roc_auc_mood/theme---movie,0.7073576790122273,1780309229755,91c6d578c3224667a208a9ce24612db6,5,f
val_pr_auc_mood/theme---nature,0.030435082246517347,1780309229755,91c6d578c3224667a208a9ce24612db6,5,f
val_roc_auc_mood/theme---nature,0.6817932936744819,1780309229755,91c6d578c3224667a208a9ce24612db6,5,f
val_pr_auc_mood/theme---party,0.10167456119108481,1780309229755,91c6d578c3224667a208a9ce24612db6,5,f
val_roc_auc_mood/theme---party,0.8317739952355336,1780309229755,91c6d578c3224667a208a9ce24612db6,5,f
val_pr_auc_mood/theme---positive,0.05553853265383613,1780309229755,91c6d578c3224667a208a9ce24612db6,5,f
val_roc_auc_mood/theme---positive,0.7689188737292669,1780309229755,91c6d578c3224667a208a9ce24612db6,5,f
val_pr_auc_mood/theme---powerful,0.02143784794268106,1780309229755,91c6d578c3224667a208a9ce24612db6,5,f
val_roc_auc_mood/theme---powerful,0.6694449953253817,1780309229755,91c6d578c3224667a208a9ce24612db6,5,f
val_pr_auc_mood/theme---relaxing,0.17767040574639578,1780309229755,91c6d578c3224667a208a9ce24612db6,5,f
val_roc_auc_mood/theme---relaxing,0.7398588507173829,1780309229755,91c6d578c3224667a208a9ce24612db6,5,f
val_pr_auc_mood/theme---retro,0.012083715605945063,1780309229755,91c6d578c3224667a208a9ce24612db6,5,f
val_roc_auc_mood/theme---retro,0.5667991776966427,1780309229755,91c6d578c3224667a208a9ce24612db6,5,f
val_pr_auc_mood/theme---romantic,0.06213214182030675,1780309229755,91c6d578c3224667a208a9ce24612db6,5,f
val_roc_auc_mood/theme---romantic,0.685387106866155,1780309229755,91c6d578c3224667a208a9ce24612db6,5,f
val_pr_auc_mood/theme---sad,0.08141083457691685,1780309229755,91c6d578c3224667a208a9ce24612db6,5,f
val_roc_auc_mood/theme---sad,0.7245595912783719,1780309229755,91c6d578c3224667a208a9ce24612db6,5,f
val_pr_auc_mood/theme---sexy,0.026597593343221308,1780309229755,91c6d578c3224667a208a9ce24612db6,5,f
val_roc_auc_mood/theme---sexy,0.7129320555615376,1780309229755,91c6d578c3224667a208a9ce24612db6,5,f
val_pr_auc_mood/theme---slow,0.03358522175709091,1780309229755,91c6d578c3224667a208a9ce24612db6,5,f
val_roc_auc_mood/theme---slow,0.7457133222947503,1780309229755,91c6d578c3224667a208a9ce24612db6,5,f
val_pr_auc_mood/theme---soft,0.04980012260813591,1780309229755,91c6d578c3224667a208a9ce24612db6,5,f
val_roc_auc_mood/theme---soft,0.6685726558247143,1780309229755,91c6d578c3224667a208a9ce24612db6,5,f
val_pr_auc_mood/theme---soundscape,0.02794877454410885,1780309229755,91c6d578c3224667a208a9ce24612db6,5,f
val_roc_auc_mood/theme---soundscape,0.7329542101846935,1780309229755,91c6d578c3224667a208a9ce24612db6,5,f
val_pr_auc_mood/theme---space,0.06105533670666754,1780309229755,91c6d578c3224667a208a9ce24612db6,5,f
val_roc_auc_mood/theme---space,0.7631103650811598,1780309229755,91c6d578c3224667a208a9ce24612db6,5,f
val_pr_auc_mood/theme---sport,0.05316795430984339,1780309229755,91c6d578c3224667a208a9ce24612db6,5,f
val_roc_auc_mood/theme---sport,0.8653588008277868,1780309229755,91c6d578c3224667a208a9ce24612db6,5,f
val_pr_auc_mood/theme---summer,0.18151671378196618,1780309229755,91c6d578c3224667a208a9ce24612db6,5,f
val_roc_auc_mood/theme---summer,0.8229558100212911,1780309229755,91c6d578c3224667a208a9ce24612db6,5,f
val_pr_auc_mood/theme---trailer,0.1709529075662588,1780309229755,91c6d578c3224667a208a9ce24612db6,5,f
val_roc_auc_mood/theme---trailer,0.9086394539846961,1780309229755,91c6d578c3224667a208a9ce24612db6,5,f
val_pr_auc_mood/theme---travel,0.013204307992457438,1780309229755,91c6d578c3224667a208a9ce24612db6,5,f
val_roc_auc_mood/theme---travel,0.5322327172275784,1780309229755,91c6d578c3224667a208a9ce24612db6,5,f
val_pr_auc_mood/theme---upbeat,0.04319765511880272,1780309229755,91c6d578c3224667a208a9ce24612db6,5,f
val_roc_auc_mood/theme---upbeat,0.5760187020064405,1780309229755,91c6d578c3224667a208a9ce24612db6,5,f
val_pr_auc_mood/theme---uplifting,0.07335772705018577,1780309229755,91c6d578c3224667a208a9ce24612db6,5,f
val_roc_auc_mood/theme---uplifting,0.6917836737980623,1780309229755,91c6d578c3224667a208a9ce24612db6,5,f
val_macro_pr_auc,0.09052014097379625,1780309229755,91c6d578c3224667a208a9ce24612db6,5,f
val_pr_auc_mood/theme---happy,0.283626695202836,1780310453552,91c6d578c3224667a208a9ce24612db6,6,f
avg_train_loss,0.04447750145443898,1780310213074,91c6d578c3224667a208a9ce24612db6,6,f
stdev_train_loss,0.004011808768628061,1780310214182,91c6d578c3224667a208a9ce24612db6,6,f
train_loss,0.04447750145443898,1780310214612,91c6d578c3224667a208a9ce24612db6,6,f
val_loss_avg,0.05375892517612785,1780310453552,91c6d578c3224667a208a9ce24612db6,6,f
val_loss_std,0.024489416015856552,1780310453552,91c6d578c3224667a208a9ce24612db6,6,f
val_pr_auc_mood/theme---action,0.16715111737528587,1780310453552,91c6d578c3224667a208a9ce24612db6,6,f
val_roc_auc_mood/theme---action,0.7007642477618459,1780310453552,91c6d578c3224667a208a9ce24612db6,6,f
val_pr_auc_mood/theme---adventure,0.027277969015611043,1780310453552,91c6d578c3224667a208a9ce24612db6,6,f
val_roc_auc_mood/theme---adventure,0.5397663113828528,1780310453552,91c6d578c3224667a208a9ce24612db6,6,f
val_pr_auc_mood/theme---advertising,0.12624887815630045,1780310453552,91c6d578c3224667a208a9ce24612db6,6,f
val_roc_auc_mood/theme---advertising,0.7440669290972203,1780310453552,91c6d578c3224667a208a9ce24612db6,6,f
val_pr_auc_mood/theme---background,0.009536517657348436,1780310453552,91c6d578c3224667a208a9ce24612db6,6,f
val_roc_auc_mood/theme---background,0.5448192970822281,1780310453552,91c6d578c3224667a208a9ce24612db6,6,f
val_pr_auc_mood/theme---ballad,0.08550129112889247,1780310453552,91c6d578c3224667a208a9ce24612db6,6,f
val_roc_auc_mood/theme---ballad,0.7771975390509873,1780310453552,91c6d578c3224667a208a9ce24612db6,6,f
val_pr_auc_mood/theme---calm,0.06405232259032975,1780310453552,91c6d578c3224667a208a9ce24612db6,6,f
val_roc_auc_mood/theme---calm,0.6892187044972334,1780310453552,91c6d578c3224667a208a9ce24612db6,6,f
val_pr_auc_mood/theme---children,0.11224227139627388,1780310453552,91c6d578c3224667a208a9ce24612db6,6,f
val_roc_auc_mood/theme---children,0.7478124565058171,1780310453552,91c6d578c3224667a208a9ce24612db6,6,f
val_pr_auc_mood/theme---christmas,0.13112811710038846,1780310453552,91c6d578c3224667a208a9ce24612db6,6,f
val_roc_auc_mood/theme---christmas,0.7847806228975757,1780310453552,91c6d578c3224667a208a9ce24612db6,6,f
val_pr_auc_mood/theme---commercial,0.08493005966285208,1780310453552,91c6d578c3224667a208a9ce24612db6,6,f
val_roc_auc_mood/theme---commercial,0.7824644005512174,1780310453552,91c6d578c3224667a208a9ce24612db6,6,f
val_pr_auc_mood/theme---cool,0.018108347628335377,1780310453552,91c6d578c3224667a208a9ce24612db6,6,f
val_roc_auc_mood/theme---cool,0.7265517672036967,1780310453552,91c6d578c3224667a208a9ce24612db6,6,f
val_pr_auc_mood/theme---corporate,0.1385286677119237,1780310453552,91c6d578c3224667a208a9ce24612db6,6,f
val_roc_auc_mood/theme---corporate,0.8088044498426543,1780310453552,91c6d578c3224667a208a9ce24612db6,6,f
val_pr_auc_mood/theme---dark,0.09263360981173882,1780310453552,91c6d578c3224667a208a9ce24612db6,6,f
val_roc_auc_mood/theme---dark,0.6095786039779318,1780310453552,91c6d578c3224667a208a9ce24612db6,6,f
val_pr_auc_mood/theme---deep,0.21758375514426223,1780310453552,91c6d578c3224667a208a9ce24612db6,6,f
val_roc_auc_mood/theme---deep,0.8105032669842418,1780310453552,91c6d578c3224667a208a9ce24612db6,6,f
val_pr_auc_mood/theme---documentary,0.044386531186739235,1780310453552,91c6d578c3224667a208a9ce24612db6,6,f
val_roc_auc_mood/theme---documentary,0.6463447782072276,1780310453552,91c6d578c3224667a208a9ce24612db6,6,f
val_pr_auc_mood/theme---drama,0.05826272917482065,1780310453552,91c6d578c3224667a208a9ce24612db6,6,f
val_roc_auc_mood/theme---drama,0.6967462883141763,1780310453552,91c6d578c3224667a208a9ce24612db6,6,f
val_pr_auc_mood/theme---dramatic,0.018043236234747746,1780310453552,91c6d578c3224667a208a9ce24612db6,6,f
val_roc_auc_mood/theme---dramatic,0.6877653927813163,1780310453552,91c6d578c3224667a208a9ce24612db6,6,f
val_pr_auc_mood/theme---dream,0.10604016153105218,1780310453552,91c6d578c3224667a208a9ce24612db6,6,f
val_roc_auc_mood/theme---dream,0.6612807643466166,1780310453552,91c6d578c3224667a208a9ce24612db6,6,f
val_pr_auc_mood/theme---emotional,0.1542676911209101,1780310453552,91c6d578c3224667a208a9ce24612db6,6,f
val_roc_auc_mood/theme---emotional,0.653402202680782,1780310453552,91c6d578c3224667a208a9ce24612db6,6,f
val_pr_auc_mood/theme---energetic,0.21085554667266848,1780310453552,91c6d578c3224667a208a9ce24612db6,6,f
val_roc_auc_mood/theme---energetic,0.7674671136888105,1780310453552,91c6d578c3224667a208a9ce24612db6,6,f
val_pr_auc_mood/theme---epic,0.40345553460781586,1780310453552,91c6d578c3224667a208a9ce24612db6,6,f
val_roc_auc_mood/theme---epic,0.8904743470418173,1780310453552,91c6d578c3224667a208a9ce24612db6,6,f
val_pr_auc_mood/theme---fast,0.08095274007526373,1780310453552,91c6d578c3224667a208a9ce24612db6,6,f
val_roc_auc_mood/theme---fast,0.885338575619296,1780310453552,91c6d578c3224667a208a9ce24612db6,6,f
val_pr_auc_mood/theme---film,0.1322029981157654,1780310453552,91c6d578c3224667a208a9ce24612db6,6,f
val_roc_auc_mood/theme---film,0.7076715408909697,1780310453552,91c6d578c3224667a208a9ce24612db6,6,f
val_pr_auc_mood/theme---fun,0.09193017971020498,1780310453552,91c6d578c3224667a208a9ce24612db6,6,f
val_roc_auc_mood/theme---fun,0.6581903980000149,1780310453552,91c6d578c3224667a208a9ce24612db6,6,f
val_pr_auc_mood/theme---funny,0.017121413068111557,1780310453552,91c6d578c3224667a208a9ce24612db6,6,f
val_roc_auc_mood/theme---funny,0.752280911674356,1780310453552,91c6d578c3224667a208a9ce24612db6,6,f
val_pr_auc_mood/theme---game,0.017832255031206497,1780310453552,91c6d578c3224667a208a9ce24612db6,6,f
val_roc_auc_mood/theme---game,0.6570343057366362,1780310453552,91c6d578c3224667a208a9ce24612db6,6,f
val_pr_auc_mood/theme---groovy,0.08065600399735925,1780310453552,91c6d578c3224667a208a9ce24612db6,6,f
val_roc_auc_mood/theme---groovy,0.8389162365154854,1780310453552,91c6d578c3224667a208a9ce24612db6,6,f
val_roc_auc_mood/theme---happy,0.7548832216170925,1780310453552,91c6d578c3224667a208a9ce24612db6,6,f
val_pr_auc_mood/theme---heavy,0.09936200602387239,1780310453552,91c6d578c3224667a208a9ce24612db6,6,f
val_roc_auc_mood/theme---heavy,0.9168093779396512,1780310453552,91c6d578c3224667a208a9ce24612db6,6,f
val_pr_auc_mood/theme---holiday,0.02212197862495112,1780310453552,91c6d578c3224667a208a9ce24612db6,6,f
val_roc_auc_mood/theme---holiday,0.5947779589669687,1780310453552,91c6d578c3224667a208a9ce24612db6,6,f
val_pr_auc_mood/theme---hopeful,0.01643551374632767,1780310453552,91c6d578c3224667a208a9ce24612db6,6,f
val_roc_auc_mood/theme---hopeful,0.7069245294152358,1780310453552,91c6d578c3224667a208a9ce24612db6,6,f
val_pr_auc_mood/theme---inspiring,0.09586735009671579,1780310453552,91c6d578c3224667a208a9ce24612db6,6,f
val_roc_auc_mood/theme---inspiring,0.6579488382914541,1780310453552,91c6d578c3224667a208a9ce24612db6,6,f
val_pr_auc_mood/theme---love,0.0938256709859625,1780310453552,91c6d578c3224667a208a9ce24612db6,6,f
val_roc_auc_mood/theme---love,0.6389604246596942,1780310453552,91c6d578c3224667a208a9ce24612db6,6,f
val_pr_auc_mood/theme---meditative,0.137868290081706,1780310453552,91c6d578c3224667a208a9ce24612db6,6,f
val_roc_auc_mood/theme---meditative,0.7734736037638966,1780310453552,91c6d578c3224667a208a9ce24612db6,6,f
val_pr_auc_mood/theme---melancholic,0.05386911346005405,1780310453552,91c6d578c3224667a208a9ce24612db6,6,f
val_roc_auc_mood/theme---melancholic,0.6894247268129685,1780310453552,91c6d578c3224667a208a9ce24612db6,6,f
val_pr_auc_mood/theme---melodic,0.12774009920463786,1780310453552,91c6d578c3224667a208a9ce24612db6,6,f
val_roc_auc_mood/theme---melodic,0.5933036957787851,1780310453552,91c6d578c3224667a208a9ce24612db6,6,f
val_pr_auc_mood/theme---motivational,0.12974113617409616,1780310453552,91c6d578c3224667a208a9ce24612db6,6,f
val_roc_auc_mood/theme---motivational,0.8156515517395582,1780310453552,91c6d578c3224667a208a9ce24612db6,6,f
val_pr_auc_mood/theme---movie,0.10836070241257281,1780310453552,91c6d578c3224667a208a9ce24612db6,6,f
val_roc_auc_mood/theme---movie,0.7727566047829351,1780310453552,91c6d578c3224667a208a9ce24612db6,6,f
val_pr_auc_mood/theme---nature,0.031223857692950566,1780310453552,91c6d578c3224667a208a9ce24612db6,6,f
val_roc_auc_mood/theme---nature,0.7042012309339042,1780310453552,91c6d578c3224667a208a9ce24612db6,6,f
val_pr_auc_mood/theme---party,0.09189654919991884,1780310453552,91c6d578c3224667a208a9ce24612db6,6,f
val_roc_auc_mood/theme---party,0.8347998155690464,1780310453552,91c6d578c3224667a208a9ce24612db6,6,f
val_pr_auc_mood/theme---positive,0.05882880894283169,1780310453552,91c6d578c3224667a208a9ce24612db6,6,f
val_roc_auc_mood/theme---positive,0.7493186530230069,1780310453552,91c6d578c3224667a208a9ce24612db6,6,f
val_pr_auc_mood/theme---powerful,0.02013106615563848,1780310453552,91c6d578c3224667a208a9ce24612db6,6,f
val_roc_auc_mood/theme---powerful,0.6671615151429299,1780310453552,91c6d578c3224667a208a9ce24612db6,6,f
val_pr_auc_mood/theme---relaxing,0.19423442385965217,1780310453552,91c6d578c3224667a208a9ce24612db6,6,f
val_roc_auc_mood/theme---relaxing,0.7544673115083416,1780310453552,91c6d578c3224667a208a9ce24612db6,6,f
val_pr_auc_mood/theme---retro,0.01136028918370367,1780310453552,91c6d578c3224667a208a9ce24612db6,6,f
val_roc_auc_mood/theme---retro,0.5401586241334362,1780310453552,91c6d578c3224667a208a9ce24612db6,6,f
val_pr_auc_mood/theme---romantic,0.06333837012680135,1780310453552,91c6d578c3224667a208a9ce24612db6,6,f
val_roc_auc_mood/theme---romantic,0.6902546973628518,1780310453552,91c6d578c3224667a208a9ce24612db6,6,f
val_pr_auc_mood/theme---sad,0.08182823473487154,1780310453552,91c6d578c3224667a208a9ce24612db6,6,f
val_roc_auc_mood/theme---sad,0.7230910969038779,1780310453552,91c6d578c3224667a208a9ce24612db6,6,f
val_pr_auc_mood/theme---sexy,0.02296468807017731,1780310453552,91c6d578c3224667a208a9ce24612db6,6,f
val_roc_auc_mood/theme---sexy,0.7074189727576181,1780310453552,91c6d578c3224667a208a9ce24612db6,6,f
val_pr_auc_mood/theme---slow,0.03364862309405062,1780310453552,91c6d578c3224667a208a9ce24612db6,6,f
val_roc_auc_mood/theme---slow,0.7544099810263869,1780310453552,91c6d578c3224667a208a9ce24612db6,6,f
val_pr_auc_mood/theme---soft,0.054358917844620595,1780310453552,91c6d578c3224667a208a9ce24612db6,6,f
val_roc_auc_mood/theme---soft,0.6833619692433316,1780310453552,91c6d578c3224667a208a9ce24612db6,6,f
val_pr_auc_mood/theme---soundscape,0.02988627934690806,1780310453552,91c6d578c3224667a208a9ce24612db6,6,f
val_roc_auc_mood/theme---soundscape,0.7288458134183041,1780310453552,91c6d578c3224667a208a9ce24612db6,6,f
val_pr_auc_mood/theme---space,0.05359084187741071,1780310453552,91c6d578c3224667a208a9ce24612db6,6,f
val_roc_auc_mood/theme---space,0.7570947738282644,1780310453552,91c6d578c3224667a208a9ce24612db6,6,f
val_pr_auc_mood/theme---sport,0.06175996926798098,1780310453552,91c6d578c3224667a208a9ce24612db6,6,f
val_roc_auc_mood/theme---sport,0.8744476760445214,1780310453552,91c6d578c3224667a208a9ce24612db6,6,f
val_pr_auc_mood/theme---summer,0.24395264197733543,1780310453552,91c6d578c3224667a208a9ce24612db6,6,f
val_roc_auc_mood/theme---summer,0.840477226895982,1780310453552,91c6d578c3224667a208a9ce24612db6,6,f
val_pr_auc_mood/theme---trailer,0.16531791474303584,1780310453552,91c6d578c3224667a208a9ce24612db6,6,f
val_roc_auc_mood/theme---trailer,0.918428016504279,1780310453552,91c6d578c3224667a208a9ce24612db6,6,f
val_pr_auc_mood/theme---travel,0.013878043028894248,1780310453552,91c6d578c3224667a208a9ce24612db6,6,f
val_roc_auc_mood/theme---travel,0.5458870998439345,1780310453552,91c6d578c3224667a208a9ce24612db6,6,f
val_pr_auc_mood/theme---upbeat,0.04730072457920672,1780310453552,91c6d578c3224667a208a9ce24612db6,6,f
val_roc_auc_mood/theme---upbeat,0.6254840640739823,1780310453552,91c6d578c3224667a208a9ce24612db6,6,f
val_pr_auc_mood/theme---uplifting,0.07595188736631038,1780310453552,91c6d578c3224667a208a9ce24612db6,6,f
val_roc_auc_mood/theme---uplifting,0.6972142187969526,1780310453552,91c6d578c3224667a208a9ce24612db6,6,f
val_macro_pr_auc,0.09312858271450428,1780310453552,91c6d578c3224667a208a9ce24612db6,6,f
val_macro_roc_auc,0.7228692632698607,1780310453552,91c6d578c3224667a208a9ce24612db6,6,f
val_macro_roc_auc,0.7183918378625973,1780311756323,91c6d578c3224667a208a9ce24612db6,7,f
train_loss,0.04381116948722263,1780311463949,91c6d578c3224667a208a9ce24612db6,7,f
stdev_train_loss,0.00402808829874561,1780311463513,91c6d578c3224667a208a9ce24612db6,7,f
val_loss_avg,0.05541979929924057,1780311756323,91c6d578c3224667a208a9ce24612db6,7,f
val_loss_std,0.030106396857375727,1780311756323,91c6d578c3224667a208a9ce24612db6,7,f
val_pr_auc_mood/theme---action,0.15246267038745048,1780311756323,91c6d578c3224667a208a9ce24612db6,7,f
val_roc_auc_mood/theme---action,0.7133804012907295,1780311756323,91c6d578c3224667a208a9ce24612db6,7,f
val_pr_auc_mood/theme---adventure,0.028443228463725198,1780311756323,91c6d578c3224667a208a9ce24612db6,7,f
val_roc_auc_mood/theme---adventure,0.5702856041201906,1780311756323,91c6d578c3224667a208a9ce24612db6,7,f
val_pr_auc_mood/theme---advertising,0.1290704924362943,1780311756323,91c6d578c3224667a208a9ce24612db6,7,f
val_roc_auc_mood/theme---advertising,0.753875503689848,1780311756323,91c6d578c3224667a208a9ce24612db6,7,f
val_pr_auc_mood/theme---background,0.011506624538048137,1780311756323,91c6d578c3224667a208a9ce24612db6,7,f
val_roc_auc_mood/theme---background,0.5879890583554377,1780311756323,91c6d578c3224667a208a9ce24612db6,7,f
val_pr_auc_mood/theme---ballad,0.07416373263764828,1780311756323,91c6d578c3224667a208a9ce24612db6,7,f
val_roc_auc_mood/theme---ballad,0.7818993147656941,1780311756323,91c6d578c3224667a208a9ce24612db6,7,f
val_pr_auc_mood/theme---calm,0.06222369019089333,1780311756323,91c6d578c3224667a208a9ce24612db6,7,f
val_roc_auc_mood/theme---calm,0.6900663560344469,1780311756323,91c6d578c3224667a208a9ce24612db6,7,f
val_pr_auc_mood/theme---children,0.10089916941653672,1780311756323,91c6d578c3224667a208a9ce24612db6,7,f
val_roc_auc_mood/theme---children,0.7403833648582974,1780311756323,91c6d578c3224667a208a9ce24612db6,7,f
val_pr_auc_mood/theme---christmas,0.12041787548281732,1780311756323,91c6d578c3224667a208a9ce24612db6,7,f
val_roc_auc_mood/theme---christmas,0.7462192611066002,1780311756323,91c6d578c3224667a208a9ce24612db6,7,f
val_pr_auc_mood/theme---commercial,0.08972431331607453,1780311756323,91c6d578c3224667a208a9ce24612db6,7,f
val_roc_auc_mood/theme---commercial,0.7745597917623641,1780311756323,91c6d578c3224667a208a9ce24612db6,7,f
val_pr_auc_mood/theme---cool,0.01762628753823998,1780311756323,91c6d578c3224667a208a9ce24612db6,7,f
val_roc_auc_mood/theme---cool,0.7159204446109654,1780311756323,91c6d578c3224667a208a9ce24612db6,7,f
val_pr_auc_mood/theme---corporate,0.13906784222597307,1780311756323,91c6d578c3224667a208a9ce24612db6,7,f
val_roc_auc_mood/theme---corporate,0.8091679088684002,1780311756323,91c6d578c3224667a208a9ce24612db6,7,f
val_pr_auc_mood/theme---dark,0.08552519270901005,1780311756323,91c6d578c3224667a208a9ce24612db6,7,f
val_roc_auc_mood/theme---dark,0.536512866392452,1780311756323,91c6d578c3224667a208a9ce24612db6,7,f
val_pr_auc_mood/theme---deep,0.1494599328990494,1780311756323,91c6d578c3224667a208a9ce24612db6,7,f
val_roc_auc_mood/theme---deep,0.8093308020514254,1780311756323,91c6d578c3224667a208a9ce24612db6,7,f
val_pr_auc_mood/theme---documentary,0.044831374437979965,1780311756323,91c6d578c3224667a208a9ce24612db6,7,f
val_roc_auc_mood/theme---documentary,0.6479071504495963,1780311756323,91c6d578c3224667a208a9ce24612db6,7,f
val_pr_auc_mood/theme---drama,0.061978130388314435,1780311756323,91c6d578c3224667a208a9ce24612db6,7,f
val_roc_auc_mood/theme---drama,0.7059297174329502,1780311756323,91c6d578c3224667a208a9ce24612db6,7,f
val_pr_auc_mood/theme---dramatic,0.019450867794224454,1780311756323,91c6d578c3224667a208a9ce24612db6,7,f
val_roc_auc_mood/theme---dramatic,0.6902319845135507,1780311756323,91c6d578c3224667a208a9ce24612db6,7,f
val_pr_auc_mood/theme---dream,0.10271813281567693,1780311756323,91c6d578c3224667a208a9ce24612db6,7,f
val_roc_auc_mood/theme---dream,0.6616435871076979,1780311756323,91c6d578c3224667a208a9ce24612db6,7,f
val_pr_auc_mood/theme---emotional,0.1528773754078116,1780311756323,91c6d578c3224667a208a9ce24612db6,7,f
val_roc_auc_mood/theme---emotional,0.6679326592756115,1780311756323,91c6d578c3224667a208a9ce24612db6,7,f
val_pr_auc_mood/theme---energetic,0.22295465044736887,1780311756323,91c6d578c3224667a208a9ce24612db6,7,f
val_roc_auc_mood/theme---energetic,0.7665628077736637,1780311756323,91c6d578c3224667a208a9ce24612db6,7,f
val_pr_auc_mood/theme---epic,0.40667277085004283,1780311756323,91c6d578c3224667a208a9ce24612db6,7,f
val_roc_auc_mood/theme---epic,0.8864499336951956,1780311756323,91c6d578c3224667a208a9ce24612db6,7,f
val_pr_auc_mood/theme---fast,0.1031425343394097,1780311756323,91c6d578c3224667a208a9ce24612db6,7,f
val_roc_auc_mood/theme---fast,0.8778622066492829,1780311756323,91c6d578c3224667a208a9ce24612db6,7,f
val_pr_auc_mood/theme---film,0.14166418278208937,1780311756323,91c6d578c3224667a208a9ce24612db6,7,f
val_roc_auc_mood/theme---film,0.7095591008942241,1780311756323,91c6d578c3224667a208a9ce24612db6,7,f
val_pr_auc_mood/theme---fun,0.09574002246005058,1780311756323,91c6d578c3224667a208a9ce24612db6,7,f
val_roc_auc_mood/theme---fun,0.6840940525587829,1780311756323,91c6d578c3224667a208a9ce24612db6,7,f
val_pr_auc_mood/theme---funny,0.017421446211618192,1780311756323,91c6d578c3224667a208a9ce24612db6,7,f
val_roc_auc_mood/theme---funny,0.7545819574996836,1780311756323,91c6d578c3224667a208a9ce24612db6,7,f
val_pr_auc_mood/theme---game,0.009605797636616429,1780311756323,91c6d578c3224667a208a9ce24612db6,7,f
val_roc_auc_mood/theme---game,0.5841040580182529,1780311756323,91c6d578c3224667a208a9ce24612db6,7,f
val_pr_auc_mood/theme---groovy,0.08622254372920514,1780311756323,91c6d578c3224667a208a9ce24612db6,7,f
val_roc_auc_mood/theme---groovy,0.8378052140122956,1780311756323,91c6d578c3224667a208a9ce24612db6,7,f
val_pr_auc_mood/theme---happy,0.27310347622507863,1780311756323,91c6d578c3224667a208a9ce24612db6,7,f
avg_train_loss,0.04381116948722263,1780311462394,91c6d578c3224667a208a9ce24612db6,7,f
val_roc_auc_mood/theme---happy,0.7521945508408642,1780311756323,91c6d578c3224667a208a9ce24612db6,7,f
val_pr_auc_mood/theme---heavy,0.11224110460459837,1780311756323,91c6d578c3224667a208a9ce24612db6,7,f
val_roc_auc_mood/theme---heavy,0.9136335496112626,1780311756323,91c6d578c3224667a208a9ce24612db6,7,f
val_pr_auc_mood/theme---holiday,0.013809218811914986,1780311756323,91c6d578c3224667a208a9ce24612db6,7,f
val_roc_auc_mood/theme---holiday,0.5166407523986499,1780311756323,91c6d578c3224667a208a9ce24612db6,7,f
val_pr_auc_mood/theme---hopeful,0.020905709137789278,1780311756323,91c6d578c3224667a208a9ce24612db6,7,f
val_roc_auc_mood/theme---hopeful,0.7055636690859739,1780311756323,91c6d578c3224667a208a9ce24612db6,7,f
val_pr_auc_mood/theme---inspiring,0.08310551288807841,1780311756323,91c6d578c3224667a208a9ce24612db6,7,f
val_roc_auc_mood/theme---inspiring,0.6161778745868233,1780311756323,91c6d578c3224667a208a9ce24612db6,7,f
val_pr_auc_mood/theme---love,0.08731836305984786,1780311756323,91c6d578c3224667a208a9ce24612db6,7,f
val_roc_auc_mood/theme---love,0.6150141903610659,1780311756323,91c6d578c3224667a208a9ce24612db6,7,f
val_pr_auc_mood/theme---meditative,0.11865768699886436,1780311756323,91c6d578c3224667a208a9ce24612db6,7,f
val_roc_auc_mood/theme---meditative,0.7373443579932479,1780311756323,91c6d578c3224667a208a9ce24612db6,7,f
val_pr_auc_mood/theme---melancholic,0.052965553598515694,1780311756323,91c6d578c3224667a208a9ce24612db6,7,f
val_roc_auc_mood/theme---melancholic,0.6877466737938155,1780311756323,91c6d578c3224667a208a9ce24612db6,7,f
val_pr_auc_mood/theme---melodic,0.13117947523213577,1780311756323,91c6d578c3224667a208a9ce24612db6,7,f
val_roc_auc_mood/theme---melodic,0.5987859575599503,1780311756323,91c6d578c3224667a208a9ce24612db6,7,f
val_pr_auc_mood/theme---motivational,0.1295189440388031,1780311756323,91c6d578c3224667a208a9ce24612db6,7,f
val_roc_auc_mood/theme---motivational,0.8101100080493694,1780311756323,91c6d578c3224667a208a9ce24612db6,7,f
val_pr_auc_mood/theme---movie,0.10994264158236387,1780311756323,91c6d578c3224667a208a9ce24612db6,7,f
val_roc_auc_mood/theme---movie,0.7610571490942937,1780311756323,91c6d578c3224667a208a9ce24612db6,7,f
val_pr_auc_mood/theme---nature,0.0356091218135481,1780311756323,91c6d578c3224667a208a9ce24612db6,7,f
val_roc_auc_mood/theme---nature,0.7117638582985117,1780311756323,91c6d578c3224667a208a9ce24612db6,7,f
val_pr_auc_mood/theme---party,0.09397452606140955,1780311756323,91c6d578c3224667a208a9ce24612db6,7,f
val_roc_auc_mood/theme---party,0.8413829759983606,1780311756323,91c6d578c3224667a208a9ce24612db6,7,f
val_pr_auc_mood/theme---positive,0.05217794123012054,1780311756323,91c6d578c3224667a208a9ce24612db6,7,f
val_roc_auc_mood/theme---positive,0.7297602327447833,1780311756323,91c6d578c3224667a208a9ce24612db6,7,f
val_pr_auc_mood/theme---powerful,0.020658959810195138,1780311756323,91c6d578c3224667a208a9ce24612db6,7,f
val_roc_auc_mood/theme---powerful,0.653925262770207,1780311756323,91c6d578c3224667a208a9ce24612db6,7,f
val_pr_auc_mood/theme---relaxing,0.21702509712215745,1780311756323,91c6d578c3224667a208a9ce24612db6,7,f
val_roc_auc_mood/theme---relaxing,0.7541672110665609,1780311756323,91c6d578c3224667a208a9ce24612db6,7,f
val_pr_auc_mood/theme---retro,0.012019404439768903,1780311756323,91c6d578c3224667a208a9ce24612db6,7,f
val_roc_auc_mood/theme---retro,0.5574834145044456,1780311756323,91c6d578c3224667a208a9ce24612db6,7,f
val_pr_auc_mood/theme---romantic,0.05785395725622816,1780311756323,91c6d578c3224667a208a9ce24612db6,7,f
val_roc_auc_mood/theme---romantic,0.6858494819558696,1780311756323,91c6d578c3224667a208a9ce24612db6,7,f
val_pr_auc_mood/theme---sad,0.08117493625278595,1780311756323,91c6d578c3224667a208a9ce24612db6,7,f
val_roc_auc_mood/theme---sad,0.7185106600779846,1780311756323,91c6d578c3224667a208a9ce24612db6,7,f
val_pr_auc_mood/theme---sexy,0.01880158517953951,1780311756323,91c6d578c3224667a208a9ce24612db6,7,f
val_roc_auc_mood/theme---sexy,0.7158608808011199,1780311756323,91c6d578c3224667a208a9ce24612db6,7,f
val_pr_auc_mood/theme---slow,0.02833355435158563,1780311756323,91c6d578c3224667a208a9ce24612db6,7,f
val_roc_auc_mood/theme---slow,0.7307055466363357,1780311756323,91c6d578c3224667a208a9ce24612db6,7,f
val_pr_auc_mood/theme---soft,0.05080762217353898,1780311756323,91c6d578c3224667a208a9ce24612db6,7,f
val_roc_auc_mood/theme---soft,0.673225282389766,1780311756323,91c6d578c3224667a208a9ce24612db6,7,f
val_pr_auc_mood/theme---soundscape,0.029200256392475695,1780311756323,91c6d578c3224667a208a9ce24612db6,7,f
val_roc_auc_mood/theme---soundscape,0.7132899628252789,1780311756323,91c6d578c3224667a208a9ce24612db6,7,f
val_pr_auc_mood/theme---space,0.06319468653181812,1780311756323,91c6d578c3224667a208a9ce24612db6,7,f
val_roc_auc_mood/theme---space,0.7787856913001506,1780311756323,91c6d578c3224667a208a9ce24612db6,7,f
val_pr_auc_mood/theme---sport,0.06913740391805252,1780311756323,91c6d578c3224667a208a9ce24612db6,7,f
val_roc_auc_mood/theme---sport,0.8788942334582471,1780311756323,91c6d578c3224667a208a9ce24612db6,7,f
val_pr_auc_mood/theme---summer,0.1930976699395942,1780311756323,91c6d578c3224667a208a9ce24612db6,7,f
val_roc_auc_mood/theme---summer,0.8465980260644772,1780311756323,91c6d578c3224667a208a9ce24612db6,7,f
val_pr_auc_mood/theme---trailer,0.1528379898369031,1780311756323,91c6d578c3224667a208a9ce24612db6,7,f
val_roc_auc_mood/theme---trailer,0.9030335861321778,1780311756323,91c6d578c3224667a208a9ce24612db6,7,f
val_pr_auc_mood/theme---travel,0.01459626153004596,1780311756323,91c6d578c3224667a208a9ce24612db6,7,f
val_roc_auc_mood/theme---travel,0.5611565169633,1780311756323,91c6d578c3224667a208a9ce24612db6,7,f
val_pr_auc_mood/theme---upbeat,0.05096952497203336,1780311756323,91c6d578c3224667a208a9ce24612db6,7,f
val_roc_auc_mood/theme---upbeat,0.657054537197589,1780311756323,91c6d578c3224667a208a9ce24612db6,7,f
val_pr_auc_mood/theme---uplifting,0.07794270075741146,1780311756323,91c6d578c3224667a208a9ce24612db6,7,f
val_roc_auc_mood/theme---uplifting,0.6999717179573294,1780311756323,91c6d578c3224667a208a9ce24612db6,7,f
val_macro_pr_auc,0.09067913870159594,1780311756323,91c6d578c3224667a208a9ce24612db6,7,f
val_roc_auc_mood/theme---dark,0.6457077879648588,1780312986460,91c6d578c3224667a208a9ce24612db6,8,f
avg_train_loss,0.043208747672860336,1780312687678,91c6d578c3224667a208a9ce24612db6,8,f
train_loss,0.043208747672860336,1780312688669,91c6d578c3224667a208a9ce24612db6,8,f
val_loss_avg,0.05603475384567509,1780312986460,91c6d578c3224667a208a9ce24612db6,8,f
val_loss_std,0.029530686007226168,1780312986460,91c6d578c3224667a208a9ce24612db6,8,f
val_pr_auc_mood/theme---action,0.19219522152938942,1780312986460,91c6d578c3224667a208a9ce24612db6,8,f
val_roc_auc_mood/theme---action,0.7204308901666788,1780312986460,91c6d578c3224667a208a9ce24612db6,8,f
val_pr_auc_mood/theme---adventure,0.02745683406558618,1780312986460,91c6d578c3224667a208a9ce24612db6,8,f
val_roc_auc_mood/theme---adventure,0.552731416453221,1780312986460,91c6d578c3224667a208a9ce24612db6,8,f
val_pr_auc_mood/theme---advertising,0.1244282025905998,1780312986460,91c6d578c3224667a208a9ce24612db6,8,f
val_roc_auc_mood/theme---advertising,0.7474487469406367,1780312986460,91c6d578c3224667a208a9ce24612db6,8,f
val_pr_auc_mood/theme---background,0.009808738584979783,1780312986460,91c6d578c3224667a208a9ce24612db6,8,f
val_roc_auc_mood/theme---background,0.5208305702917772,1780312986460,91c6d578c3224667a208a9ce24612db6,8,f
val_pr_auc_mood/theme---ballad,0.07720438680322109,1780312986460,91c6d578c3224667a208a9ce24612db6,8,f
val_roc_auc_mood/theme---ballad,0.7827052018862364,1780312986460,91c6d578c3224667a208a9ce24612db6,8,f
val_pr_auc_mood/theme---calm,0.04929075435383489,1780312986460,91c6d578c3224667a208a9ce24612db6,8,f
val_roc_auc_mood/theme---calm,0.6383804135291427,1780312986460,91c6d578c3224667a208a9ce24612db6,8,f
val_pr_auc_mood/theme---children,0.1009027313677382,1780312986460,91c6d578c3224667a208a9ce24612db6,8,f
val_roc_auc_mood/theme---children,0.7489783858153634,1780312986460,91c6d578c3224667a208a9ce24612db6,8,f
val_pr_auc_mood/theme---christmas,0.12875067920495076,1780312986460,91c6d578c3224667a208a9ce24612db6,8,f
val_roc_auc_mood/theme---christmas,0.7897031956849553,1780312986460,91c6d578c3224667a208a9ce24612db6,8,f
val_pr_auc_mood/theme---commercial,0.08574288850308091,1780312986460,91c6d578c3224667a208a9ce24612db6,8,f
val_roc_auc_mood/theme---commercial,0.7605764813964171,1780312986460,91c6d578c3224667a208a9ce24612db6,8,f
val_pr_auc_mood/theme---cool,0.018544282003972765,1780312986460,91c6d578c3224667a208a9ce24612db6,8,f
val_roc_auc_mood/theme---cool,0.7331865867366054,1780312986460,91c6d578c3224667a208a9ce24612db6,8,f
val_pr_auc_mood/theme---corporate,0.15689104631202824,1780312986460,91c6d578c3224667a208a9ce24612db6,8,f
val_roc_auc_mood/theme---corporate,0.8004471926240821,1780312986460,91c6d578c3224667a208a9ce24612db6,8,f
val_pr_auc_mood/theme---dark,0.11860416633540657,1780312986460,91c6d578c3224667a208a9ce24612db6,8,f
val_pr_auc_mood/theme---deep,0.22243101287820874,1780312986460,91c6d578c3224667a208a9ce24612db6,8,f
val_roc_auc_mood/theme---deep,0.8033015370161156,1780312986460,91c6d578c3224667a208a9ce24612db6,8,f
val_pr_auc_mood/theme---documentary,0.04526495948626101,1780312986460,91c6d578c3224667a208a9ce24612db6,8,f
val_roc_auc_mood/theme---documentary,0.629063659486826,1780312986460,91c6d578c3224667a208a9ce24612db6,8,f
val_pr_auc_mood/theme---drama,0.054214553898042875,1780312986460,91c6d578c3224667a208a9ce24612db6,8,f
val_roc_auc_mood/theme---drama,0.6841774425287355,1780312986460,91c6d578c3224667a208a9ce24612db6,8,f
val_pr_auc_mood/theme---dramatic,0.018903744437744015,1780312986460,91c6d578c3224667a208a9ce24612db6,8,f
val_roc_auc_mood/theme---dramatic,0.700121768452604,1780312986460,91c6d578c3224667a208a9ce24612db6,8,f
val_pr_auc_mood/theme---dream,0.09244765612639222,1780312986460,91c6d578c3224667a208a9ce24612db6,8,f
val_roc_auc_mood/theme---dream,0.637436590003561,1780312986460,91c6d578c3224667a208a9ce24612db6,8,f
val_pr_auc_mood/theme---emotional,0.1401313778045064,1780312986460,91c6d578c3224667a208a9ce24612db6,8,f
val_roc_auc_mood/theme---emotional,0.6431449793269992,1780312986460,91c6d578c3224667a208a9ce24612db6,8,f
val_pr_auc_mood/theme---energetic,0.2334791943644115,1780312986460,91c6d578c3224667a208a9ce24612db6,8,f
val_roc_auc_mood/theme---energetic,0.7631776732641716,1780312986460,91c6d578c3224667a208a9ce24612db6,8,f
val_pr_auc_mood/theme---epic,0.40746995907349504,1780312986460,91c6d578c3224667a208a9ce24612db6,8,f
val_roc_auc_mood/theme---epic,0.887892989811299,1780312986460,91c6d578c3224667a208a9ce24612db6,8,f
val_pr_auc_mood/theme---fast,0.09762856117073943,1780312986460,91c6d578c3224667a208a9ce24612db6,8,f
val_roc_auc_mood/theme---fast,0.8802762385919166,1780312986460,91c6d578c3224667a208a9ce24612db6,8,f
val_pr_auc_mood/theme---film,0.13933726233979205,1780312986460,91c6d578c3224667a208a9ce24612db6,8,f
val_roc_auc_mood/theme---film,0.7147883521571585,1780312986460,91c6d578c3224667a208a9ce24612db6,8,f
val_pr_auc_mood/theme---fun,0.07932469332624596,1780312986460,91c6d578c3224667a208a9ce24612db6,8,f
val_roc_auc_mood/theme---fun,0.6235323703227047,1780312986460,91c6d578c3224667a208a9ce24612db6,8,f
val_pr_auc_mood/theme---funny,0.017451109437594977,1780312986460,91c6d578c3224667a208a9ce24612db6,8,f
val_roc_auc_mood/theme---funny,0.7492665416431767,1780312986460,91c6d578c3224667a208a9ce24612db6,8,f
val_pr_auc_mood/theme---game,0.01294654919919732,1780312986460,91c6d578c3224667a208a9ce24612db6,8,f
val_roc_auc_mood/theme---game,0.6232684159061277,1780312986460,91c6d578c3224667a208a9ce24612db6,8,f
val_pr_auc_mood/theme---groovy,0.09285596578247153,1780312986460,91c6d578c3224667a208a9ce24612db6,8,f
val_roc_auc_mood/theme---groovy,0.838555561999768,1780312986460,91c6d578c3224667a208a9ce24612db6,8,f
val_pr_auc_mood/theme---happy,0.2538979807065952,1780312986460,91c6d578c3224667a208a9ce24612db6,8,f
val_roc_auc_mood/theme---happy,0.7268062870309413,1780312986460,91c6d578c3224667a208a9ce24612db6,8,f
val_pr_auc_mood/theme---heavy,0.15295883708311364,1780312986460,91c6d578c3224667a208a9ce24612db6,8,f
val_roc_auc_mood/theme---heavy,0.9216977415438546,1780312986460,91c6d578c3224667a208a9ce24612db6,8,f
val_pr_auc_mood/theme---holiday,0.021036840942947332,1780312986460,91c6d578c3224667a208a9ce24612db6,8,f
stdev_train_loss,0.004037471919036482,1780312688231,91c6d578c3224667a208a9ce24612db6,8,f
val_roc_auc_mood/theme---holiday,0.5873753270886268,1780312986460,91c6d578c3224667a208a9ce24612db6,8,f
val_pr_auc_mood/theme---hopeful,0.023057903483279428,1780312986460,91c6d578c3224667a208a9ce24612db6,8,f
val_roc_auc_mood/theme---hopeful,0.7470422493656694,1780312986460,91c6d578c3224667a208a9ce24612db6,8,f
val_pr_auc_mood/theme---inspiring,0.09031011692853935,1780312986460,91c6d578c3224667a208a9ce24612db6,8,f
val_roc_auc_mood/theme---inspiring,0.6520480327974071,1780312986460,91c6d578c3224667a208a9ce24612db6,8,f
val_pr_auc_mood/theme---love,0.1024605980856402,1780312986460,91c6d578c3224667a208a9ce24612db6,8,f
val_roc_auc_mood/theme---love,0.6629828664529352,1780312986460,91c6d578c3224667a208a9ce24612db6,8,f
val_pr_auc_mood/theme---meditative,0.11296531365316972,1780312986460,91c6d578c3224667a208a9ce24612db6,8,f
val_roc_auc_mood/theme---meditative,0.751564736327642,1780312986460,91c6d578c3224667a208a9ce24612db6,8,f
val_pr_auc_mood/theme---melancholic,0.05296997489796097,1780312986460,91c6d578c3224667a208a9ce24612db6,8,f
val_roc_auc_mood/theme---melancholic,0.677932199335613,1780312986460,91c6d578c3224667a208a9ce24612db6,8,f
val_pr_auc_mood/theme---melodic,0.13364680441416688,1780312986460,91c6d578c3224667a208a9ce24612db6,8,f
val_roc_auc_mood/theme---melodic,0.6113782254184498,1780312986460,91c6d578c3224667a208a9ce24612db6,8,f
val_pr_auc_mood/theme---motivational,0.13308631557587025,1780312986460,91c6d578c3224667a208a9ce24612db6,8,f
val_roc_auc_mood/theme---motivational,0.8050514265271442,1780312986460,91c6d578c3224667a208a9ce24612db6,8,f
val_pr_auc_mood/theme---movie,0.1036338082236185,1780312986460,91c6d578c3224667a208a9ce24612db6,8,f
val_roc_auc_mood/theme---movie,0.7781253523390516,1780312986460,91c6d578c3224667a208a9ce24612db6,8,f
val_pr_auc_mood/theme---nature,0.03318342878804431,1780312986460,91c6d578c3224667a208a9ce24612db6,8,f
val_roc_auc_mood/theme---nature,0.7032049566703032,1780312986460,91c6d578c3224667a208a9ce24612db6,8,f
val_pr_auc_mood/theme---party,0.12555213777834384,1780312986460,91c6d578c3224667a208a9ce24612db6,8,f
val_roc_auc_mood/theme---party,0.8440341709572479,1780312986460,91c6d578c3224667a208a9ce24612db6,8,f
val_pr_auc_mood/theme---positive,0.05028009146695054,1780312986460,91c6d578c3224667a208a9ce24612db6,8,f
val_roc_auc_mood/theme---positive,0.7565501270733013,1780312986460,91c6d578c3224667a208a9ce24612db6,8,f
val_pr_auc_mood/theme---powerful,0.020947716171069615,1780312986460,91c6d578c3224667a208a9ce24612db6,8,f
val_roc_auc_mood/theme---powerful,0.6794741762756042,1780312986460,91c6d578c3224667a208a9ce24612db6,8,f
val_pr_auc_mood/theme---relaxing,0.1496875252771782,1780312986460,91c6d578c3224667a208a9ce24612db6,8,f
val_roc_auc_mood/theme---relaxing,0.7362632595399276,1780312986460,91c6d578c3224667a208a9ce24612db6,8,f
val_pr_auc_mood/theme---retro,0.011607664843698622,1780312986460,91c6d578c3224667a208a9ce24612db6,8,f
val_roc_auc_mood/theme---retro,0.5498472772550113,1780312986460,91c6d578c3224667a208a9ce24612db6,8,f
val_pr_auc_mood/theme---romantic,0.059533285546477896,1780312986460,91c6d578c3224667a208a9ce24612db6,8,f
val_roc_auc_mood/theme---romantic,0.6941239257255378,1780312986460,91c6d578c3224667a208a9ce24612db6,8,f
val_pr_auc_mood/theme---sad,0.08428308822398126,1780312986460,91c6d578c3224667a208a9ce24612db6,8,f
val_roc_auc_mood/theme---sad,0.7243995272527616,1780312986460,91c6d578c3224667a208a9ce24612db6,8,f
val_pr_auc_mood/theme---sexy,0.017708407375258396,1780312986460,91c6d578c3224667a208a9ce24612db6,8,f
val_roc_auc_mood/theme---sexy,0.698352535802735,1780312986460,91c6d578c3224667a208a9ce24612db6,8,f
val_pr_auc_mood/theme---slow,0.03756143727933705,1780312986460,91c6d578c3224667a208a9ce24612db6,8,f
val_roc_auc_mood/theme---slow,0.7743800862619968,1780312986460,91c6d578c3224667a208a9ce24612db6,8,f
val_pr_auc_mood/theme---soft,0.05153871851821417,1780312986460,91c6d578c3224667a208a9ce24612db6,8,f
val_roc_auc_mood/theme---soft,0.6797916950190529,1780312986460,91c6d578c3224667a208a9ce24612db6,8,f
val_pr_auc_mood/theme---soundscape,0.024731854884932444,1780312986460,91c6d578c3224667a208a9ce24612db6,8,f
val_roc_auc_mood/theme---soundscape,0.7197512834129934,1780312986460,91c6d578c3224667a208a9ce24612db6,8,f
val_pr_auc_mood/theme---space,0.05221507507438242,1780312986460,91c6d578c3224667a208a9ce24612db6,8,f
val_roc_auc_mood/theme---space,0.7441068948822538,1780312986460,91c6d578c3224667a208a9ce24612db6,8,f
val_pr_auc_mood/theme---sport,0.08312001770110002,1780312986460,91c6d578c3224667a208a9ce24612db6,8,f
val_roc_auc_mood/theme---sport,0.884025952234465,1780312986460,91c6d578c3224667a208a9ce24612db6,8,f
val_pr_auc_mood/theme---summer,0.19315241889459392,1780312986460,91c6d578c3224667a208a9ce24612db6,8,f
val_roc_auc_mood/theme---summer,0.8494318938943031,1780312986460,91c6d578c3224667a208a9ce24612db6,8,f
val_pr_auc_mood/theme---trailer,0.1674082077128748,1780312986460,91c6d578c3224667a208a9ce24612db6,8,f
val_roc_auc_mood/theme---trailer,0.9173898928278867,1780312986460,91c6d578c3224667a208a9ce24612db6,8,f
val_pr_auc_mood/theme---travel,0.014872723137129961,1780312986460,91c6d578c3224667a208a9ce24612db6,8,f
val_roc_auc_mood/theme---travel,0.5703681952397266,1780312986460,91c6d578c3224667a208a9ce24612db6,8,f
val_pr_auc_mood/theme---upbeat,0.0430624763252227,1780312986460,91c6d578c3224667a208a9ce24612db6,8,f
val_roc_auc_mood/theme---upbeat,0.5545320369911652,1780312986460,91c6d578c3224667a208a9ce24612db6,8,f
val_pr_auc_mood/theme---uplifting,0.0828136262791785,1780312986460,91c6d578c3224667a208a9ce24612db6,8,f
val_roc_auc_mood/theme---uplifting,0.7181802469572253,1780312986460,91c6d578c3224667a208a9ce24612db6,8,f
val_macro_pr_auc,0.09333912368308504,1780312986460,91c6d578c3224667a208a9ce24612db6,8,f
val_macro_roc_auc,0.7203454208661066,1780312986460,91c6d578c3224667a208a9ce24612db6,8,f
val_roc_auc_mood/theme---upbeat,0.5884805135826934,1780314242569,91c6d578c3224667a208a9ce24612db6,9,f
val_pr_auc_mood/theme---uplifting,0.07420221107157442,1780314242569,91c6d578c3224667a208a9ce24612db6,9,f
val_roc_auc_mood/theme---uplifting,0.6982983637659896,1780314242569,91c6d578c3224667a208a9ce24612db6,9,f
val_macro_roc_auc,0.7181078568739866,1780314242569,91c6d578c3224667a208a9ce24612db6,9,f
val_macro_pr_auc,0.09091842918424183,1780314242569,91c6d578c3224667a208a9ce24612db6,9,f
avg_train_loss,0.042610455244897656,1780313976010,91c6d578c3224667a208a9ce24612db6,9,f
stdev_train_loss,0.004393062859262156,1780313977123,91c6d578c3224667a208a9ce24612db6,9,f
train_loss,0.042610455244897656,1780313977574,91c6d578c3224667a208a9ce24612db6,9,f
val_loss_avg,0.058883933937292264,1780314242569,91c6d578c3224667a208a9ce24612db6,9,f
val_loss_std,0.034377242095761755,1780314242569,91c6d578c3224667a208a9ce24612db6,9,f
val_pr_auc_mood/theme---action,0.18879917307042177,1780314242569,91c6d578c3224667a208a9ce24612db6,9,f
val_roc_auc_mood/theme---action,0.6958973239197419,1780314242569,91c6d578c3224667a208a9ce24612db6,9,f
val_pr_auc_mood/theme---adventure,0.033227363511344137,1780314242569,91c6d578c3224667a208a9ce24612db6,9,f
val_roc_auc_mood/theme---adventure,0.5816705224599962,1780314242569,91c6d578c3224667a208a9ce24612db6,9,f
val_pr_auc_mood/theme---advertising,0.11843196465435388,1780314242569,91c6d578c3224667a208a9ce24612db6,9,f
val_roc_auc_mood/theme---advertising,0.7630084591976326,1780314242569,91c6d578c3224667a208a9ce24612db6,9,f
val_pr_auc_mood/theme---background,0.00989463445410829,1780314242569,91c6d578c3224667a208a9ce24612db6,9,f
val_roc_auc_mood/theme---background,0.5402022546419099,1780314242569,91c6d578c3224667a208a9ce24612db6,9,f
val_pr_auc_mood/theme---ballad,0.08539792491725251,1780314242569,91c6d578c3224667a208a9ce24612db6,9,f
val_roc_auc_mood/theme---ballad,0.7876602564102564,1780314242569,91c6d578c3224667a208a9ce24612db6,9,f
val_pr_auc_mood/theme---calm,0.04520043067234047,1780314242569,91c6d578c3224667a208a9ce24612db6,9,f
val_roc_auc_mood/theme---calm,0.6300131047967716,1780314242569,91c6d578c3224667a208a9ce24612db6,9,f
val_pr_auc_mood/theme---children,0.10169817211628913,1780314242569,91c6d578c3224667a208a9ce24612db6,9,f
val_roc_auc_mood/theme---children,0.7270995283804534,1780314242569,91c6d578c3224667a208a9ce24612db6,9,f
val_pr_auc_mood/theme---christmas,0.11397921629195679,1780314242569,91c6d578c3224667a208a9ce24612db6,9,f
val_roc_auc_mood/theme---christmas,0.7729272996172137,1780314242569,91c6d578c3224667a208a9ce24612db6,9,f
val_pr_auc_mood/theme---commercial,0.09100229792610141,1780314242569,91c6d578c3224667a208a9ce24612db6,9,f
val_roc_auc_mood/theme---commercial,0.7685576481396418,1780314242569,91c6d578c3224667a208a9ce24612db6,9,f
val_pr_auc_mood/theme---cool,0.02006883490152365,1780314242569,91c6d578c3224667a208a9ce24612db6,9,f
val_roc_auc_mood/theme---cool,0.7435212938678657,1780314242569,91c6d578c3224667a208a9ce24612db6,9,f
val_pr_auc_mood/theme---corporate,0.104038718673171,1780314242569,91c6d578c3224667a208a9ce24612db6,9,f
val_roc_auc_mood/theme---corporate,0.7713474668286131,1780314242569,91c6d578c3224667a208a9ce24612db6,9,f
val_pr_auc_mood/theme---dark,0.10644983059307611,1780314242569,91c6d578c3224667a208a9ce24612db6,9,f
val_roc_auc_mood/theme---dark,0.6168388691491464,1780314242569,91c6d578c3224667a208a9ce24612db6,9,f
val_pr_auc_mood/theme---deep,0.18530621292840116,1780314242569,91c6d578c3224667a208a9ce24612db6,9,f
val_roc_auc_mood/theme---deep,0.8004868447105138,1780314242569,91c6d578c3224667a208a9ce24612db6,9,f
val_pr_auc_mood/theme---documentary,0.04943167569597598,1780314242569,91c6d578c3224667a208a9ce24612db6,9,f
val_roc_auc_mood/theme---documentary,0.6625961013619378,1780314242569,91c6d578c3224667a208a9ce24612db6,9,f
val_pr_auc_mood/theme---drama,0.06471842404595635,1780314242569,91c6d578c3224667a208a9ce24612db6,9,f
val_roc_auc_mood/theme---drama,0.7021072796934866,1780314242569,91c6d578c3224667a208a9ce24612db6,9,f
val_pr_auc_mood/theme---dramatic,0.01838413021150228,1780314242569,91c6d578c3224667a208a9ce24612db6,9,f
val_roc_auc_mood/theme---dramatic,0.6719745222929937,1780314242569,91c6d578c3224667a208a9ce24612db6,9,f
val_pr_auc_mood/theme---dream,0.10105297096935192,1780314242569,91c6d578c3224667a208a9ce24612db6,9,f
val_roc_auc_mood/theme---dream,0.6562429031196039,1780314242569,91c6d578c3224667a208a9ce24612db6,9,f
val_pr_auc_mood/theme---emotional,0.15346035139107678,1780314242569,91c6d578c3224667a208a9ce24612db6,9,f
val_roc_auc_mood/theme---emotional,0.6630947299093803,1780314242569,91c6d578c3224667a208a9ce24612db6,9,f
val_pr_auc_mood/theme---energetic,0.21534279488090902,1780314242569,91c6d578c3224667a208a9ce24612db6,9,f
val_roc_auc_mood/theme---energetic,0.7666854662887502,1780314242569,91c6d578c3224667a208a9ce24612db6,9,f
val_pr_auc_mood/theme---epic,0.4101768038485153,1780314242569,91c6d578c3224667a208a9ce24612db6,9,f
val_roc_auc_mood/theme---epic,0.8890708267097167,1780314242569,91c6d578c3224667a208a9ce24612db6,9,f
val_pr_auc_mood/theme---fast,0.08821271345885333,1780314242569,91c6d578c3224667a208a9ce24612db6,9,f
val_roc_auc_mood/theme---fast,0.8767112125162972,1780314242569,91c6d578c3224667a208a9ce24612db6,9,f
val_pr_auc_mood/theme---film,0.1350521562093794,1780314242569,91c6d578c3224667a208a9ce24612db6,9,f
val_roc_auc_mood/theme---film,0.7109673745016678,1780314242569,91c6d578c3224667a208a9ce24612db6,9,f
val_pr_auc_mood/theme---fun,0.09176522671812568,1780314242569,91c6d578c3224667a208a9ce24612db6,9,f
val_roc_auc_mood/theme---fun,0.6417023542725276,1780314242569,91c6d578c3224667a208a9ce24612db6,9,f
val_pr_auc_mood/theme---funny,0.02066610354530065,1780314242569,91c6d578c3224667a208a9ce24612db6,9,f
val_roc_auc_mood/theme---funny,0.7487603115616046,1780314242569,91c6d578c3224667a208a9ce24612db6,9,f
val_pr_auc_mood/theme---game,0.013806938494167972,1780314242569,91c6d578c3224667a208a9ce24612db6,9,f
val_roc_auc_mood/theme---game,0.6486717731421121,1780314242569,91c6d578c3224667a208a9ce24612db6,9,f
val_pr_auc_mood/theme---groovy,0.09915666878852906,1780314242569,91c6d578c3224667a208a9ce24612db6,9,f
val_roc_auc_mood/theme---groovy,0.8441849843405638,1780314242569,91c6d578c3224667a208a9ce24612db6,9,f
val_pr_auc_mood/theme---happy,0.24541648904631314,1780314242569,91c6d578c3224667a208a9ce24612db6,9,f
val_roc_auc_mood/theme---happy,0.7058482703932014,1780314242569,91c6d578c3224667a208a9ce24612db6,9,f
val_pr_auc_mood/theme---heavy,0.10016698251931075,1780314242569,91c6d578c3224667a208a9ce24612db6,9,f
val_roc_auc_mood/theme---heavy,0.9132395860971081,1780314242569,91c6d578c3224667a208a9ce24612db6,9,f
val_pr_auc_mood/theme---holiday,0.014748640894659723,1780314242569,91c6d578c3224667a208a9ce24612db6,9,f
val_roc_auc_mood/theme---holiday,0.553615988471311,1780314242569,91c6d578c3224667a208a9ce24612db6,9,f
val_pr_auc_mood/theme---hopeful,0.020670338000593674,1780314242569,91c6d578c3224667a208a9ce24612db6,9,f
val_roc_auc_mood/theme---hopeful,0.723372868354281,1780314242569,91c6d578c3224667a208a9ce24612db6,9,f
val_pr_auc_mood/theme---inspiring,0.0805458998255147,1780314242569,91c6d578c3224667a208a9ce24612db6,9,f
val_roc_auc_mood/theme---inspiring,0.645728033439235,1780314242569,91c6d578c3224667a208a9ce24612db6,9,f
val_pr_auc_mood/theme---love,0.0995315987266622,1780314242569,91c6d578c3224667a208a9ce24612db6,9,f
val_roc_auc_mood/theme---love,0.6545461712303569,1780314242569,91c6d578c3224667a208a9ce24612db6,9,f
val_pr_auc_mood/theme---meditative,0.12566335143974855,1780314242569,91c6d578c3224667a208a9ce24612db6,9,f
val_roc_auc_mood/theme---meditative,0.7466875696220238,1780314242569,91c6d578c3224667a208a9ce24612db6,9,f
val_pr_auc_mood/theme---melancholic,0.05081120349797446,1780314242569,91c6d578c3224667a208a9ce24612db6,9,f
val_roc_auc_mood/theme---melancholic,0.6787181383496745,1780314242569,91c6d578c3224667a208a9ce24612db6,9,f
val_pr_auc_mood/theme---melodic,0.1261707369624644,1780314242569,91c6d578c3224667a208a9ce24612db6,9,f
val_roc_auc_mood/theme---melodic,0.5815264870476817,1780314242569,91c6d578c3224667a208a9ce24612db6,9,f
val_pr_auc_mood/theme---motivational,0.10109902313272769,1780314242569,91c6d578c3224667a208a9ce24612db6,9,f
val_roc_auc_mood/theme---motivational,0.8047115642607995,1780314242569,91c6d578c3224667a208a9ce24612db6,9,f
val_pr_auc_mood/theme---movie,0.09182001804220535,1780314242569,91c6d578c3224667a208a9ce24612db6,9,f
val_roc_auc_mood/theme---movie,0.7560602316861658,1780314242569,91c6d578c3224667a208a9ce24612db6,9,f
val_pr_auc_mood/theme---nature,0.035136651287384864,1780314242569,91c6d578c3224667a208a9ce24612db6,9,f
val_roc_auc_mood/theme---nature,0.6935386262118937,1780314242569,91c6d578c3224667a208a9ce24612db6,9,f
val_pr_auc_mood/theme---party,0.1398469937542578,1780314242569,91c6d578c3224667a208a9ce24612db6,9,f
val_roc_auc_mood/theme---party,0.8333141217756602,1780314242569,91c6d578c3224667a208a9ce24612db6,9,f
val_pr_auc_mood/theme---positive,0.05094365562451725,1780314242569,91c6d578c3224667a208a9ce24612db6,9,f
val_roc_auc_mood/theme---positive,0.7529427501337613,1780314242569,91c6d578c3224667a208a9ce24612db6,9,f
val_pr_auc_mood/theme---powerful,0.02029461385783646,1780314242569,91c6d578c3224667a208a9ce24612db6,9,f
val_roc_auc_mood/theme---powerful,0.6553134827322435,1780314242569,91c6d578c3224667a208a9ce24612db6,9,f
val_pr_auc_mood/theme---relaxing,0.1887552159007791,1780314242569,91c6d578c3224667a208a9ce24612db6,9,f
val_roc_auc_mood/theme---relaxing,0.7548735699295275,1780314242569,91c6d578c3224667a208a9ce24612db6,9,f
val_pr_auc_mood/theme---retro,0.012133685853171067,1780314242569,91c6d578c3224667a208a9ce24612db6,9,f
val_roc_auc_mood/theme---retro,0.5641403103741223,1780314242569,91c6d578c3224667a208a9ce24612db6,9,f
val_pr_auc_mood/theme---romantic,0.058748675237732605,1780314242569,91c6d578c3224667a208a9ce24612db6,9,f
val_roc_auc_mood/theme---romantic,0.6909816154143432,1780314242569,91c6d578c3224667a208a9ce24612db6,9,f
val_pr_auc_mood/theme---sad,0.07752721475315874,1780314242569,91c6d578c3224667a208a9ce24612db6,9,f
val_roc_auc_mood/theme---sad,0.7152758777929776,1780314242569,91c6d578c3224667a208a9ce24612db6,9,f
val_pr_auc_mood/theme---sexy,0.018630247152617137,1780314242569,91c6d578c3224667a208a9ce24612db6,9,f
val_roc_auc_mood/theme---sexy,0.6944259000035893,1780314242569,91c6d578c3224667a208a9ce24612db6,9,f
val_pr_auc_mood/theme---slow,0.035496617397737,1780314242569,91c6d578c3224667a208a9ce24612db6,9,f
val_roc_auc_mood/theme---slow,0.7724323970668909,1780314242569,91c6d578c3224667a208a9ce24612db6,9,f
val_pr_auc_mood/theme---soft,0.05086173286911838,1780314242569,91c6d578c3224667a208a9ce24612db6,9,f
val_roc_auc_mood/theme---soft,0.6786838255307567,1780314242569,91c6d578c3224667a208a9ce24612db6,9,f
val_pr_auc_mood/theme---soundscape,0.03067496997971091,1780314242569,91c6d578c3224667a208a9ce24612db6,9,f
val_roc_auc_mood/theme---soundscape,0.7354251489939223,1780314242569,91c6d578c3224667a208a9ce24612db6,9,f
val_pr_auc_mood/theme---space,0.05676591959335185,1780314242569,91c6d578c3224667a208a9ce24612db6,9,f
val_roc_auc_mood/theme---space,0.7552654542713598,1780314242569,91c6d578c3224667a208a9ce24612db6,9,f
val_pr_auc_mood/theme---sport,0.06903605069379819,1780314242569,91c6d578c3224667a208a9ce24612db6,9,f
val_roc_auc_mood/theme---sport,0.8859346160299792,1780314242569,91c6d578c3224667a208a9ce24612db6,9,f
val_pr_auc_mood/theme---summer,0.2198676665407328,1780314242569,91c6d578c3224667a208a9ce24612db6,9,f
val_roc_auc_mood/theme---summer,0.836837912828212,1780314242569,91c6d578c3224667a208a9ce24612db6,9,f
val_pr_auc_mood/theme---trailer,0.1723881515851828,1780314242569,91c6d578c3224667a208a9ce24612db6,9,f
val_roc_auc_mood/theme---trailer,0.9109082260920117,1780314242569,91c6d578c3224667a208a9ce24612db6,9,f
val_pr_auc_mood/theme---travel,0.014732108610830866,1780314242569,91c6d578c3224667a208a9ce24612db6,9,f
val_roc_auc_mood/theme---travel,0.5509116516310761,1780314242569,91c6d578c3224667a208a9ce24612db6,9,f
val_pr_auc_mood/theme---upbeat,0.04402363749789033,1780314242569,91c6d578c3224667a208a9ce24612db6,9,f
val_pr_auc_mood/theme---soundscape,0.0287627771320758,1780315438905,91c6d578c3224667a208a9ce24612db6,10,f
avg_train_loss,0.04200564233886556,1780315248532,91c6d578c3224667a208a9ce24612db6,10,f
train_loss,0.04200564233886556,1780315249474,91c6d578c3224667a208a9ce24612db6,10,f
val_loss_avg,0.05864198172774175,1780315438905,91c6d578c3224667a208a9ce24612db6,10,f
val_loss_std,0.033478699153877654,1780315438905,91c6d578c3224667a208a9ce24612db6,10,f
val_pr_auc_mood/theme---action,0.13209779387376058,1780315438905,91c6d578c3224667a208a9ce24612db6,10,f
val_roc_auc_mood/theme---action,0.6939515248562486,1780315438905,91c6d578c3224667a208a9ce24612db6,10,f
val_pr_auc_mood/theme---adventure,0.025238238714391587,1780315438905,91c6d578c3224667a208a9ce24612db6,10,f
val_roc_auc_mood/theme---adventure,0.5439766999917377,1780315438905,91c6d578c3224667a208a9ce24612db6,10,f
val_pr_auc_mood/theme---advertising,0.13138506979808062,1780315438905,91c6d578c3224667a208a9ce24612db6,10,f
val_roc_auc_mood/theme---advertising,0.7360432545111069,1780315438905,91c6d578c3224667a208a9ce24612db6,10,f
val_pr_auc_mood/theme---background,0.008946676372523273,1780315438905,91c6d578c3224667a208a9ce24612db6,10,f
val_roc_auc_mood/theme---background,0.49620358090185673,1780315438905,91c6d578c3224667a208a9ce24612db6,10,f
val_pr_auc_mood/theme---ballad,0.08485993189492763,1780315438905,91c6d578c3224667a208a9ce24612db6,10,f
val_roc_auc_mood/theme---ballad,0.7931725243147657,1780315438905,91c6d578c3224667a208a9ce24612db6,10,f
val_pr_auc_mood/theme---calm,0.047601371628579345,1780315438905,91c6d578c3224667a208a9ce24612db6,10,f
val_roc_auc_mood/theme---calm,0.6264248866331074,1780315438905,91c6d578c3224667a208a9ce24612db6,10,f
val_pr_auc_mood/theme---children,0.10162884223577988,1780315438905,91c6d578c3224667a208a9ce24612db6,10,f
val_roc_auc_mood/theme---children,0.7302368137045748,1780315438905,91c6d578c3224667a208a9ce24612db6,10,f
val_pr_auc_mood/theme---christmas,0.12685748834269,1780315438905,91c6d578c3224667a208a9ce24612db6,10,f
val_roc_auc_mood/theme---christmas,0.7815871128639369,1780315438905,91c6d578c3224667a208a9ce24612db6,10,f
val_pr_auc_mood/theme---commercial,0.09339788056291506,1780315438905,91c6d578c3224667a208a9ce24612db6,10,f
val_roc_auc_mood/theme---commercial,0.7842367171949165,1780315438905,91c6d578c3224667a208a9ce24612db6,10,f
val_pr_auc_mood/theme---cool,0.023317473348941353,1780315438905,91c6d578c3224667a208a9ce24612db6,10,f
val_roc_auc_mood/theme---cool,0.7624890720619457,1780315438905,91c6d578c3224667a208a9ce24612db6,10,f
val_pr_auc_mood/theme---corporate,0.15264864236173165,1780315438905,91c6d578c3224667a208a9ce24612db6,10,f
val_roc_auc_mood/theme---corporate,0.8281114853052136,1780315438905,91c6d578c3224667a208a9ce24612db6,10,f
val_pr_auc_mood/theme---dark,0.09837647181106375,1780315438905,91c6d578c3224667a208a9ce24612db6,10,f
val_roc_auc_mood/theme---dark,0.6398767852142256,1780315438905,91c6d578c3224667a208a9ce24612db6,10,f
val_pr_auc_mood/theme---deep,0.1875291659204208,1780315438905,91c6d578c3224667a208a9ce24612db6,10,f
val_roc_auc_mood/theme---deep,0.7866463232353819,1780315438905,91c6d578c3224667a208a9ce24612db6,10,f
val_pr_auc_mood/theme---documentary,0.04729426846008459,1780315438905,91c6d578c3224667a208a9ce24612db6,10,f
val_roc_auc_mood/theme---documentary,0.6523644415568919,1780315438905,91c6d578c3224667a208a9ce24612db6,10,f
val_pr_auc_mood/theme---drama,0.05162196167499667,1780315438905,91c6d578c3224667a208a9ce24612db6,10,f
val_roc_auc_mood/theme---drama,0.6905741139846743,1780315438905,91c6d578c3224667a208a9ce24612db6,10,f
val_pr_auc_mood/theme---dramatic,0.019965074786488037,1780315438905,91c6d578c3224667a208a9ce24612db6,10,f
val_roc_auc_mood/theme---dramatic,0.7097149369301861,1780315438905,91c6d578c3224667a208a9ce24612db6,10,f
val_pr_auc_mood/theme---dream,0.10026640742991486,1780315438905,91c6d578c3224667a208a9ce24612db6,10,f
val_roc_auc_mood/theme---dream,0.6665685701423745,1780315438905,91c6d578c3224667a208a9ce24612db6,10,f
val_pr_auc_mood/theme---emotional,0.12908080568987598,1780315438905,91c6d578c3224667a208a9ce24612db6,10,f
val_roc_auc_mood/theme---emotional,0.6203518272330704,1780315438905,91c6d578c3224667a208a9ce24612db6,10,f
val_pr_auc_mood/theme---energetic,0.195048705867501,1780315438905,91c6d578c3224667a208a9ce24612db6,10,f
val_roc_auc_mood/theme---energetic,0.756502404467656,1780315438905,91c6d578c3224667a208a9ce24612db6,10,f
val_pr_auc_mood/theme---epic,0.43206868535408555,1780315438905,91c6d578c3224667a208a9ce24612db6,10,f
val_roc_auc_mood/theme---epic,0.8890444695203815,1780315438905,91c6d578c3224667a208a9ce24612db6,10,f
val_pr_auc_mood/theme---fast,0.11031881074091593,1780315438905,91c6d578c3224667a208a9ce24612db6,10,f
val_roc_auc_mood/theme---fast,0.8745416395045633,1780315438905,91c6d578c3224667a208a9ce24612db6,10,f
val_pr_auc_mood/theme---film,0.13423172731421734,1780315438905,91c6d578c3224667a208a9ce24612db6,10,f
val_roc_auc_mood/theme---film,0.7035458317615995,1780315438905,91c6d578c3224667a208a9ce24612db6,10,f
val_pr_auc_mood/theme---fun,0.07747265289762335,1780315438905,91c6d578c3224667a208a9ce24612db6,10,f
val_roc_auc_mood/theme---fun,0.6048372423280892,1780315438905,91c6d578c3224667a208a9ce24612db6,10,f
val_pr_auc_mood/theme---funny,0.015254124036182808,1780315438905,91c6d578c3224667a208a9ce24612db6,10,f
val_roc_auc_mood/theme---funny,0.7028774578045722,1780315438905,91c6d578c3224667a208a9ce24612db6,10,f
val_pr_auc_mood/theme---game,0.01620114762208676,1780315438905,91c6d578c3224667a208a9ce24612db6,10,f
val_roc_auc_mood/theme---game,0.6211803292046936,1780315438905,91c6d578c3224667a208a9ce24612db6,10,f
val_pr_auc_mood/theme---groovy,0.0869002215234761,1780315438905,91c6d578c3224667a208a9ce24612db6,10,f
val_roc_auc_mood/theme---groovy,0.8274888354019256,1780315438905,91c6d578c3224667a208a9ce24612db6,10,f
val_pr_auc_mood/theme---happy,0.21756892474997008,1780315438905,91c6d578c3224667a208a9ce24612db6,10,f
val_roc_auc_mood/theme---happy,0.6681530163385002,1780315438905,91c6d578c3224667a208a9ce24612db6,10,f
val_pr_auc_mood/theme---heavy,0.09837644043356418,1780315438905,91c6d578c3224667a208a9ce24612db6,10,f
val_roc_auc_mood/theme---heavy,0.9184656327134438,1780315438905,91c6d578c3224667a208a9ce24612db6,10,f
val_pr_auc_mood/theme---holiday,0.020406259095868188,1780315438905,91c6d578c3224667a208a9ce24612db6,10,f
val_roc_auc_mood/theme---holiday,0.6013007698433767,1780315438905,91c6d578c3224667a208a9ce24612db6,10,f
val_pr_auc_mood/theme---hopeful,0.01914054562189859,1780315438905,91c6d578c3224667a208a9ce24612db6,10,f
val_roc_auc_mood/theme---hopeful,0.7215141322948014,1780315438905,91c6d578c3224667a208a9ce24612db6,10,f
val_pr_auc_mood/theme---inspiring,0.09864120082606516,1780315438905,91c6d578c3224667a208a9ce24612db6,10,f
val_roc_auc_mood/theme---inspiring,0.6606766069766695,1780315438905,91c6d578c3224667a208a9ce24612db6,10,f
val_pr_auc_mood/theme---love,0.10936891116862778,1780315438905,91c6d578c3224667a208a9ce24612db6,10,f
val_roc_auc_mood/theme---love,0.672841225626741,1780315438905,91c6d578c3224667a208a9ce24612db6,10,f
val_pr_auc_mood/theme---meditative,0.11985417627048617,1780315438905,91c6d578c3224667a208a9ce24612db6,10,f
val_roc_auc_mood/theme---meditative,0.7462082118590723,1780315438905,91c6d578c3224667a208a9ce24612db6,10,f
val_pr_auc_mood/theme---melancholic,0.047764712175827465,1780315438905,91c6d578c3224667a208a9ce24612db6,10,f
val_roc_auc_mood/theme---melancholic,0.6606854755053075,1780315438905,91c6d578c3224667a208a9ce24612db6,10,f
val_pr_auc_mood/theme---melodic,0.12892268529668194,1780315438905,91c6d578c3224667a208a9ce24612db6,10,f
val_roc_auc_mood/theme---melodic,0.5940269618394065,1780315438905,91c6d578c3224667a208a9ce24612db6,10,f
val_pr_auc_mood/theme---motivational,0.13018649660475076,1780315438905,91c6d578c3224667a208a9ce24612db6,10,f
val_roc_auc_mood/theme---motivational,0.8028226455594312,1780315438905,91c6d578c3224667a208a9ce24612db6,10,f
val_pr_auc_mood/theme---movie,0.08369663062448014,1780315438905,91c6d578c3224667a208a9ce24612db6,10,f
val_roc_auc_mood/theme---movie,0.7200310897981801,1780315438905,91c6d578c3224667a208a9ce24612db6,10,f
val_pr_auc_mood/theme---nature,0.031751288604876374,1780315438905,91c6d578c3224667a208a9ce24612db6,10,f
val_roc_auc_mood/theme---nature,0.7072476894259073,1780315438905,91c6d578c3224667a208a9ce24612db6,10,f
val_pr_auc_mood/theme---party,0.10184197153711969,1780315438905,91c6d578c3224667a208a9ce24612db6,10,f
val_roc_auc_mood/theme---party,0.8223026973026973,1780315438905,91c6d578c3224667a208a9ce24612db6,10,f
val_pr_auc_mood/theme---positive,0.051868447284060364,1780315438905,91c6d578c3224667a208a9ce24612db6,10,f
val_roc_auc_mood/theme---positive,0.7361891385767789,1780315438905,91c6d578c3224667a208a9ce24612db6,10,f
val_pr_auc_mood/theme---powerful,0.020766906676469618,1780315438905,91c6d578c3224667a208a9ce24612db6,10,f
val_roc_auc_mood/theme---powerful,0.67460124089866,1780315438905,91c6d578c3224667a208a9ce24612db6,10,f
val_pr_auc_mood/theme---relaxing,0.16309391691876665,1780315438905,91c6d578c3224667a208a9ce24612db6,10,f
val_roc_auc_mood/theme---relaxing,0.7388416735397154,1780315438905,91c6d578c3224667a208a9ce24612db6,10,f
val_pr_auc_mood/theme---retro,0.011827668174264987,1780315438905,91c6d578c3224667a208a9ce24612db6,10,f
val_roc_auc_mood/theme---retro,0.5527006958450335,1780315438905,91c6d578c3224667a208a9ce24612db6,10,f
val_pr_auc_mood/theme---romantic,0.05873384046859706,1780315438905,91c6d578c3224667a208a9ce24612db6,10,f
val_roc_auc_mood/theme---romantic,0.6903214081966912,1780315438905,91c6d578c3224667a208a9ce24612db6,10,f
val_pr_auc_mood/theme---sad,0.08162373278766367,1780315438905,91c6d578c3224667a208a9ce24612db6,10,f
val_roc_auc_mood/theme---sad,0.7178983221195456,1780315438905,91c6d578c3224667a208a9ce24612db6,10,f
val_pr_auc_mood/theme---sexy,0.018152560209629836,1780315438905,91c6d578c3224667a208a9ce24612db6,10,f
val_roc_auc_mood/theme---sexy,0.683284878504002,1780315438905,91c6d578c3224667a208a9ce24612db6,10,f
val_pr_auc_mood/theme---slow,0.03751321414636675,1780315438905,91c6d578c3224667a208a9ce24612db6,10,f
val_roc_auc_mood/theme---slow,0.7592112613678113,1780315438905,91c6d578c3224667a208a9ce24612db6,10,f
val_pr_auc_mood/theme---soft,0.050083082779675325,1780315438905,91c6d578c3224667a208a9ce24612db6,10,f
val_roc_auc_mood/theme---soft,0.670035638949374,1780315438905,91c6d578c3224667a208a9ce24612db6,10,f
val_roc_auc_mood/theme---soundscape,0.7378075765622234,1780315438905,91c6d578c3224667a208a9ce24612db6,10,f
val_pr_auc_mood/theme---space,0.05963447251685665,1780315438905,91c6d578c3224667a208a9ce24612db6,10,f
val_roc_auc_mood/theme---space,0.7554683898798911,1780315438905,91c6d578c3224667a208a9ce24612db6,10,f
val_pr_auc_mood/theme---sport,0.045202686746871584,1780315438905,91c6d578c3224667a208a9ce24612db6,10,f
val_roc_auc_mood/theme---sport,0.8490407740925108,1780315438905,91c6d578c3224667a208a9ce24612db6,10,f
val_pr_auc_mood/theme---summer,0.2047702403475701,1780315438905,91c6d578c3224667a208a9ce24612db6,10,f
val_roc_auc_mood/theme---summer,0.8243268453454388,1780315438905,91c6d578c3224667a208a9ce24612db6,10,f
val_pr_auc_mood/theme---trailer,0.16343864143598105,1780315438905,91c6d578c3224667a208a9ce24612db6,10,f
val_roc_auc_mood/theme---trailer,0.9164310440504188,1780315438905,91c6d578c3224667a208a9ce24612db6,10,f
val_pr_auc_mood/theme---travel,0.014334912392439456,1780315438905,91c6d578c3224667a208a9ce24612db6,10,f
val_roc_auc_mood/theme---travel,0.5672033801530204,1780315438905,91c6d578c3224667a208a9ce24612db6,10,f
val_pr_auc_mood/theme---upbeat,0.0399898015753776,1780315438905,91c6d578c3224667a208a9ce24612db6,10,f
val_roc_auc_mood/theme---upbeat,0.5294267607959706,1780315438905,91c6d578c3224667a208a9ce24612db6,10,f
val_pr_auc_mood/theme---uplifting,0.07587026229952967,1780315438905,91c6d578c3224667a208a9ce24612db6,10,f
val_roc_auc_mood/theme---uplifting,0.6942013956402445,1780315438905,91c6d578c3224667a208a9ce24612db6,10,f
val_macro_pr_auc,0.08862137584224405,1780315438905,91c6d578c3224667a208a9ce24612db6,10,f
stdev_train_loss,0.004062864160647571,1780315249025,91c6d578c3224667a208a9ce24612db6,10,f
val_macro_roc_auc,0.7127824189326886,1780315438905,91c6d578c3224667a208a9ce24612db6,10,f
val_pr_auc_mood/theme---sport,0.05922076495185651,1780316736128,91c6d578c3224667a208a9ce24612db6,11,f
val_macro_roc_auc,0.7137896060407188,1780316736128,91c6d578c3224667a208a9ce24612db6,11,f
val_roc_auc_mood/theme---sport,0.8614575759270653,1780316736128,91c6d578c3224667a208a9ce24612db6,11,f
val_roc_auc_mood/theme---trailer,0.8959592451519625,1780316736128,91c6d578c3224667a208a9ce24612db6,11,f
val_pr_auc_mood/theme---trailer,0.13803414965330094,1780316736128,91c6d578c3224667a208a9ce24612db6,11,f
val_pr_auc_mood/theme---summer,0.20836676157867937,1780316736128,91c6d578c3224667a208a9ce24612db6,11,f
val_pr_auc_mood/theme---uplifting,0.0762651946684189,1780316736128,91c6d578c3224667a208a9ce24612db6,11,f
val_roc_auc_mood/theme---upbeat,0.6156686070514409,1780316736128,91c6d578c3224667a208a9ce24612db6,11,f
val_pr_auc_mood/theme---upbeat,0.04793898287802077,1780316736128,91c6d578c3224667a208a9ce24612db6,11,f
val_roc_auc_mood/theme---travel,0.5387091687194462,1780316736128,91c6d578c3224667a208a9ce24612db6,11,f
stdev_train_loss,0.004027417218302793,1780316440930,91c6d578c3224667a208a9ce24612db6,11,f
val_macro_pr_auc,0.0886712826247642,1780316736128,91c6d578c3224667a208a9ce24612db6,11,f
val_roc_auc_mood/theme---uplifting,0.7032182607722176,1780316736128,91c6d578c3224667a208a9ce24612db6,11,f
avg_train_loss,0.041519044442494955,1780316440461,91c6d578c3224667a208a9ce24612db6,11,f
train_loss,0.041519044442494955,1780316441377,91c6d578c3224667a208a9ce24612db6,11,f
val_loss_avg,0.05761784639387682,1780316736128,91c6d578c3224667a208a9ce24612db6,11,f
val_loss_std,0.03311575654049245,1780316736128,91c6d578c3224667a208a9ce24612db6,11,f
val_pr_auc_mood/theme---action,0.14350437957122503,1780316736128,91c6d578c3224667a208a9ce24612db6,11,f
val_roc_auc_mood/theme---action,0.6782492660795303,1780316736128,91c6d578c3224667a208a9ce24612db6,11,f
val_pr_auc_mood/theme---adventure,0.03575032226469746,1780316736128,91c6d578c3224667a208a9ce24612db6,11,f
val_roc_auc_mood/theme---adventure,0.5763894626676581,1780316736128,91c6d578c3224667a208a9ce24612db6,11,f
val_pr_auc_mood/theme---advertising,0.11565769713184341,1780316736128,91c6d578c3224667a208a9ce24612db6,11,f
val_roc_auc_mood/theme---advertising,0.7411876378458361,1780316736128,91c6d578c3224667a208a9ce24612db6,11,f
val_pr_auc_mood/theme---background,0.009706279774974493,1780316736128,91c6d578c3224667a208a9ce24612db6,11,f
val_roc_auc_mood/theme---background,0.534507625994695,1780316736128,91c6d578c3224667a208a9ce24612db6,11,f
val_pr_auc_mood/theme---ballad,0.08968381041866068,1780316736128,91c6d578c3224667a208a9ce24612db6,11,f
val_roc_auc_mood/theme---ballad,0.8019774167403477,1780316736128,91c6d578c3224667a208a9ce24612db6,11,f
val_pr_auc_mood/theme---calm,0.048281461433716547,1780316736128,91c6d578c3224667a208a9ce24612db6,11,f
val_roc_auc_mood/theme---calm,0.6393528726546573,1780316736128,91c6d578c3224667a208a9ce24612db6,11,f
val_pr_auc_mood/theme---children,0.1063254654068544,1780316736128,91c6d578c3224667a208a9ce24612db6,11,f
val_roc_auc_mood/theme---children,0.7250848207868539,1780316736128,91c6d578c3224667a208a9ce24612db6,11,f
val_pr_auc_mood/theme---christmas,0.10156380299771532,1780316736128,91c6d578c3224667a208a9ce24612db6,11,f
val_pr_auc_mood/theme---travel,0.01397537147608846,1780316736128,91c6d578c3224667a208a9ce24612db6,11,f
val_roc_auc_mood/theme---christmas,0.761972943974017,1780316736128,91c6d578c3224667a208a9ce24612db6,11,f
val_pr_auc_mood/theme---commercial,0.07667949493915636,1780316736128,91c6d578c3224667a208a9ce24612db6,11,f
val_roc_auc_mood/theme---commercial,0.7660656867248508,1780316736128,91c6d578c3224667a208a9ce24612db6,11,f
val_pr_auc_mood/theme---cool,0.01923851195358029,1780316736128,91c6d578c3224667a208a9ce24612db6,11,f
val_roc_auc_mood/theme---cool,0.7420694392406644,1780316736128,91c6d578c3224667a208a9ce24612db6,11,f
val_pr_auc_mood/theme---corporate,0.12419185890118035,1780316736128,91c6d578c3224667a208a9ce24612db6,11,f
val_roc_auc_mood/theme---corporate,0.8070653674156683,1780316736128,91c6d578c3224667a208a9ce24612db6,11,f
val_pr_auc_mood/theme---dark,0.09434171427003751,1780316736128,91c6d578c3224667a208a9ce24612db6,11,f
val_roc_auc_mood/theme---dark,0.5657842577472934,1780316736128,91c6d578c3224667a208a9ce24612db6,11,f
val_pr_auc_mood/theme---deep,0.192613911123875,1780316736128,91c6d578c3224667a208a9ce24612db6,11,f
val_roc_auc_mood/theme---deep,0.8054834088447338,1780316736128,91c6d578c3224667a208a9ce24612db6,11,f
val_pr_auc_mood/theme---documentary,0.04860601248707663,1780316736128,91c6d578c3224667a208a9ce24612db6,11,f
val_roc_auc_mood/theme---documentary,0.6711460563912516,1780316736128,91c6d578c3224667a208a9ce24612db6,11,f
val_pr_auc_mood/theme---drama,0.07502821593340057,1780316736128,91c6d578c3224667a208a9ce24612db6,11,f
val_roc_auc_mood/theme---drama,0.6953484195402297,1780316736128,91c6d578c3224667a208a9ce24612db6,11,f
val_pr_auc_mood/theme---dramatic,0.021338153969928796,1780316736128,91c6d578c3224667a208a9ce24612db6,11,f
val_roc_auc_mood/theme---dramatic,0.7031113400774323,1780316736128,91c6d578c3224667a208a9ce24612db6,11,f
val_pr_auc_mood/theme---dream,0.08803412718088446,1780316736128,91c6d578c3224667a208a9ce24612db6,11,f
val_roc_auc_mood/theme---dream,0.6305684895150941,1780316736128,91c6d578c3224667a208a9ce24612db6,11,f
val_pr_auc_mood/theme---emotional,0.14249501476958554,1780316736128,91c6d578c3224667a208a9ce24612db6,11,f
val_roc_auc_mood/theme---emotional,0.6480166522341884,1780316736128,91c6d578c3224667a208a9ce24612db6,11,f
val_pr_auc_mood/theme---energetic,0.22043458186116618,1780316736128,91c6d578c3224667a208a9ce24612db6,11,f
val_roc_auc_mood/theme---energetic,0.7641817895396337,1780316736128,91c6d578c3224667a208a9ce24612db6,11,f
val_pr_auc_mood/theme---epic,0.3856211887281899,1780316736128,91c6d578c3224667a208a9ce24612db6,11,f
val_roc_auc_mood/theme---epic,0.8810170580434729,1780316736128,91c6d578c3224667a208a9ce24612db6,11,f
val_pr_auc_mood/theme---fast,0.11831804865202265,1780316736128,91c6d578c3224667a208a9ce24612db6,11,f
val_roc_auc_mood/theme---fast,0.8782288950456323,1780316736128,91c6d578c3224667a208a9ce24612db6,11,f
val_pr_auc_mood/theme---film,0.13138825911163146,1780316736128,91c6d578c3224667a208a9ce24612db6,11,f
val_roc_auc_mood/theme---film,0.6994260397482267,1780316736128,91c6d578c3224667a208a9ce24612db6,11,f
val_pr_auc_mood/theme---fun,0.09637212292792685,1780316736128,91c6d578c3224667a208a9ce24612db6,11,f
val_roc_auc_mood/theme---fun,0.665379693937175,1780316736128,91c6d578c3224667a208a9ce24612db6,11,f
val_pr_auc_mood/theme---funny,0.01518407612827861,1780316736128,91c6d578c3224667a208a9ce24612db6,11,f
val_roc_auc_mood/theme---funny,0.7090442606164502,1780316736128,91c6d578c3224667a208a9ce24612db6,11,f
val_pr_auc_mood/theme---game,0.011988292298405815,1780316736128,91c6d578c3224667a208a9ce24612db6,11,f
val_roc_auc_mood/theme---game,0.6413380052151239,1780316736128,91c6d578c3224667a208a9ce24612db6,11,f
val_pr_auc_mood/theme---groovy,0.09653631795516751,1780316736128,91c6d578c3224667a208a9ce24612db6,11,f
val_roc_auc_mood/theme---groovy,0.8392950353787264,1780316736128,91c6d578c3224667a208a9ce24612db6,11,f
val_pr_auc_mood/theme---happy,0.25853740582928597,1780316736128,91c6d578c3224667a208a9ce24612db6,11,f
val_roc_auc_mood/theme---happy,0.7267830959363216,1780316736128,91c6d578c3224667a208a9ce24612db6,11,f
val_pr_auc_mood/theme---heavy,0.10369247240345934,1780316736128,91c6d578c3224667a208a9ce24612db6,11,f
val_roc_auc_mood/theme---heavy,0.918047548984137,1780316736128,91c6d578c3224667a208a9ce24612db6,11,f
val_pr_auc_mood/theme---holiday,0.016684252074969146,1780316736128,91c6d578c3224667a208a9ce24612db6,11,f
val_roc_auc_mood/theme---holiday,0.5437635101824111,1780316736128,91c6d578c3224667a208a9ce24612db6,11,f
val_pr_auc_mood/theme---hopeful,0.017737619413921484,1780316736128,91c6d578c3224667a208a9ce24612db6,11,f
val_roc_auc_mood/theme---hopeful,0.7028677642060541,1780316736128,91c6d578c3224667a208a9ce24612db6,11,f
val_pr_auc_mood/theme---inspiring,0.08484893771885801,1780316736128,91c6d578c3224667a208a9ce24612db6,11,f
val_roc_auc_mood/theme---inspiring,0.62668379544944,1780316736128,91c6d578c3224667a208a9ce24612db6,11,f
val_pr_auc_mood/theme---love,0.09035264025413824,1780316736128,91c6d578c3224667a208a9ce24612db6,11,f
val_roc_auc_mood/theme---love,0.6231644505176853,1780316736128,91c6d578c3224667a208a9ce24612db6,11,f
val_pr_auc_mood/theme---meditative,0.11536363231782841,1780316736128,91c6d578c3224667a208a9ce24612db6,11,f
val_roc_auc_mood/theme---meditative,0.7543129404419303,1780316736128,91c6d578c3224667a208a9ce24612db6,11,f
val_pr_auc_mood/theme---melancholic,0.05415349147619789,1780316736128,91c6d578c3224667a208a9ce24612db6,11,f
val_roc_auc_mood/theme---melancholic,0.6887888972689841,1780316736128,91c6d578c3224667a208a9ce24612db6,11,f
val_pr_auc_mood/theme---melodic,0.12430324633761243,1780316736128,91c6d578c3224667a208a9ce24612db6,11,f
val_roc_auc_mood/theme---melodic,0.59662565521258,1780316736128,91c6d578c3224667a208a9ce24612db6,11,f
val_pr_auc_mood/theme---motivational,0.12563049809525986,1780316736128,91c6d578c3224667a208a9ce24612db6,11,f
val_roc_auc_mood/theme---motivational,0.8017243538145067,1780316736128,91c6d578c3224667a208a9ce24612db6,11,f
val_pr_auc_mood/theme---movie,0.11295923018478521,1780316736128,91c6d578c3224667a208a9ce24612db6,11,f
val_roc_auc_mood/theme---movie,0.7575283610446748,1780316736128,91c6d578c3224667a208a9ce24612db6,11,f
val_pr_auc_mood/theme---nature,0.03437703040809266,1780316736128,91c6d578c3224667a208a9ce24612db6,11,f
val_roc_auc_mood/theme---nature,0.7047652374385047,1780316736128,91c6d578c3224667a208a9ce24612db6,11,f
val_pr_auc_mood/theme---party,0.11130318588906209,1780316736128,91c6d578c3224667a208a9ce24612db6,11,f
val_roc_auc_mood/theme---party,0.8330803811573042,1780316736128,91c6d578c3224667a208a9ce24612db6,11,f
val_pr_auc_mood/theme---positive,0.05148263095276716,1780316736128,91c6d578c3224667a208a9ce24612db6,11,f
val_roc_auc_mood/theme---positive,0.7468858681112894,1780316736128,91c6d578c3224667a208a9ce24612db6,11,f
val_pr_auc_mood/theme---powerful,0.020399668519072083,1780316736128,91c6d578c3224667a208a9ce24612db6,11,f
val_roc_auc_mood/theme---powerful,0.6559990934073717,1780316736128,91c6d578c3224667a208a9ce24612db6,11,f
val_pr_auc_mood/theme---relaxing,0.1583603967097274,1780316736128,91c6d578c3224667a208a9ce24612db6,11,f
val_roc_auc_mood/theme---relaxing,0.7392693677067426,1780316736128,91c6d578c3224667a208a9ce24612db6,11,f
val_pr_auc_mood/theme---retro,0.01237555482134291,1780316736128,91c6d578c3224667a208a9ce24612db6,11,f
val_roc_auc_mood/theme---summer,0.8204654413223531,1780316736128,91c6d578c3224667a208a9ce24612db6,11,f
val_roc_auc_mood/theme---retro,0.5684917737239057,1780316736128,91c6d578c3224667a208a9ce24612db6,11,f
val_pr_auc_mood/theme---romantic,0.05033338343739354,1780316736128,91c6d578c3224667a208a9ce24612db6,11,f
val_roc_auc_mood/theme---romantic,0.6614126134084175,1780316736128,91c6d578c3224667a208a9ce24612db6,11,f
val_pr_auc_mood/theme---sad,0.08059412402276163,1780316736128,91c6d578c3224667a208a9ce24612db6,11,f
val_roc_auc_mood/theme---sad,0.7115162344007371,1780316736128,91c6d578c3224667a208a9ce24612db6,11,f
val_pr_auc_mood/theme---sexy,0.020586855073744192,1780316736128,91c6d578c3224667a208a9ce24612db6,11,f
val_roc_auc_mood/theme---sexy,0.7009080793941351,1780316736128,91c6d578c3224667a208a9ce24612db6,11,f
val_pr_auc_mood/theme---slow,0.030140154247699426,1780316736128,91c6d578c3224667a208a9ce24612db6,11,f
val_roc_auc_mood/theme---slow,0.7373538604005094,1780316736128,91c6d578c3224667a208a9ce24612db6,11,f
val_pr_auc_mood/theme---soft,0.04783415737792454,1780316736128,91c6d578c3224667a208a9ce24612db6,11,f
val_roc_auc_mood/theme---soft,0.6629546305117038,1780316736128,91c6d578c3224667a208a9ce24612db6,11,f
val_pr_auc_mood/theme---soundscape,0.02551394653555678,1780316736128,91c6d578c3224667a208a9ce24612db6,11,f
val_roc_auc_mood/theme---soundscape,0.7216616510296808,1780316736128,91c6d578c3224667a208a9ce24612db6,11,f
val_pr_auc_mood/theme---space,0.06534296548778751,1780316736128,91c6d578c3224667a208a9ce24612db6,11,f
val_roc_auc_mood/theme---space,0.7808585335872928,1780316736128,91c6d578c3224667a208a9ce24612db6,11,f
val_pr_auc_mood/theme---funny,0.014501449718962254,1780318030116,91c6d578c3224667a208a9ce24612db6,12,f
val_loss_avg,0.0591881941742612,1780318030116,91c6d578c3224667a208a9ce24612db6,12,f
val_loss_std,0.03511924239051009,1780318030116,91c6d578c3224667a208a9ce24612db6,12,f
val_pr_auc_mood/theme---action,0.17092296884713673,1780318030116,91c6d578c3224667a208a9ce24612db6,12,f
val_roc_auc_mood/theme---action,0.7174806511876168,1780318030116,91c6d578c3224667a208a9ce24612db6,12,f
train_loss,0.041035163766220926,1780317731371,91c6d578c3224667a208a9ce24612db6,12,f
avg_train_loss,0.041035163766220926,1780317729835,91c6d578c3224667a208a9ce24612db6,12,f
stdev_train_loss,0.004084159114902004,1780317730928,91c6d578c3224667a208a9ce24612db6,12,f
val_pr_auc_mood/theme---adventure,0.03110394940760874,1780318030116,91c6d578c3224667a208a9ce24612db6,12,f
val_roc_auc_mood/theme---adventure,0.5722135007849294,1780318030116,91c6d578c3224667a208a9ce24612db6,12,f
val_pr_auc_mood/theme---advertising,0.10290286589890299,1780318030116,91c6d578c3224667a208a9ce24612db6,12,f
val_roc_auc_mood/theme---advertising,0.7079501568069088,1780318030116,91c6d578c3224667a208a9ce24612db6,12,f
val_pr_auc_mood/theme---background,0.010998386628395786,1780318030116,91c6d578c3224667a208a9ce24612db6,12,f
val_roc_auc_mood/theme---background,0.5382377320954906,1780318030116,91c6d578c3224667a208a9ce24612db6,12,f
val_pr_auc_mood/theme---ballad,0.07596185180883595,1780318030116,91c6d578c3224667a208a9ce24612db6,12,f
val_roc_auc_mood/theme---ballad,0.7802138594164457,1780318030116,91c6d578c3224667a208a9ce24612db6,12,f
val_pr_auc_mood/theme---calm,0.03850313038639397,1780318030116,91c6d578c3224667a208a9ce24612db6,12,f
val_roc_auc_mood/theme---calm,0.5957352207014187,1780318030116,91c6d578c3224667a208a9ce24612db6,12,f
val_pr_auc_mood/theme---children,0.09822207677003283,1780318030116,91c6d578c3224667a208a9ce24612db6,12,f
val_roc_auc_mood/theme---children,0.7276060573564207,1780318030116,91c6d578c3224667a208a9ce24612db6,12,f
val_pr_auc_mood/theme---christmas,0.09444178296749205,1780318030116,91c6d578c3224667a208a9ce24612db6,12,f
val_roc_auc_mood/theme---christmas,0.763604135251131,1780318030116,91c6d578c3224667a208a9ce24612db6,12,f
val_pr_auc_mood/theme---commercial,0.08805002545304436,1780318030116,91c6d578c3224667a208a9ce24612db6,12,f
val_roc_auc_mood/theme---commercial,0.7613994794059104,1780318030116,91c6d578c3224667a208a9ce24612db6,12,f
val_pr_auc_mood/theme---cool,0.01901700789391201,1780318030116,91c6d578c3224667a208a9ce24612db6,12,f
val_roc_auc_mood/theme---cool,0.7085831147745723,1780318030116,91c6d578c3224667a208a9ce24612db6,12,f
val_pr_auc_mood/theme---corporate,0.13975599824187865,1780318030116,91c6d578c3224667a208a9ce24612db6,12,f
val_roc_auc_mood/theme---corporate,0.824419385708239,1780318030116,91c6d578c3224667a208a9ce24612db6,12,f
val_pr_auc_mood/theme---dark,0.09275458686268206,1780318030116,91c6d578c3224667a208a9ce24612db6,12,f
val_roc_auc_mood/theme---dark,0.5963988405881433,1780318030116,91c6d578c3224667a208a9ce24612db6,12,f
val_pr_auc_mood/theme---deep,0.16785664302564385,1780318030116,91c6d578c3224667a208a9ce24612db6,12,f
val_roc_auc_mood/theme---deep,0.7873490257282287,1780318030116,91c6d578c3224667a208a9ce24612db6,12,f
val_pr_auc_mood/theme---documentary,0.04698034599516625,1780318030116,91c6d578c3224667a208a9ce24612db6,12,f
val_roc_auc_mood/theme---documentary,0.632804955393941,1780318030116,91c6d578c3224667a208a9ce24612db6,12,f
val_pr_auc_mood/theme---drama,0.045931950621323485,1780318030116,91c6d578c3224667a208a9ce24612db6,12,f
val_roc_auc_mood/theme---drama,0.6541995929118773,1780318030116,91c6d578c3224667a208a9ce24612db6,12,f
val_pr_auc_mood/theme---dramatic,0.019454410338022195,1780318030116,91c6d578c3224667a208a9ce24612db6,12,f
val_roc_auc_mood/theme---dramatic,0.6835659423004871,1780318030116,91c6d578c3224667a208a9ce24612db6,12,f
val_pr_auc_mood/theme---dream,0.08590982414514384,1780318030116,91c6d578c3224667a208a9ce24612db6,12,f
val_roc_auc_mood/theme---dream,0.6390571983363904,1780318030116,91c6d578c3224667a208a9ce24612db6,12,f
val_pr_auc_mood/theme---emotional,0.1395768466795863,1780318030116,91c6d578c3224667a208a9ce24612db6,12,f
val_roc_auc_mood/theme---emotional,0.6397596484166962,1780318030116,91c6d578c3224667a208a9ce24612db6,12,f
val_pr_auc_mood/theme---energetic,0.20669305505487928,1780318030116,91c6d578c3224667a208a9ce24612db6,12,f
val_roc_auc_mood/theme---energetic,0.7469819391349207,1780318030116,91c6d578c3224667a208a9ce24612db6,12,f
val_pr_auc_mood/theme---epic,0.40214887301332575,1780318030116,91c6d578c3224667a208a9ce24612db6,12,f
val_roc_auc_mood/theme---epic,0.8830202044329497,1780318030116,91c6d578c3224667a208a9ce24612db6,12,f
val_pr_auc_mood/theme---fast,0.1116504531980593,1780318030116,91c6d578c3224667a208a9ce24612db6,12,f
val_roc_auc_mood/theme---fast,0.8773121740547588,1780318030116,91c6d578c3224667a208a9ce24612db6,12,f
val_pr_auc_mood/theme---film,0.11208019521083708,1780318030116,91c6d578c3224667a208a9ce24612db6,12,f
val_roc_auc_mood/theme---film,0.6937204606474804,1780318030116,91c6d578c3224667a208a9ce24612db6,12,f
val_pr_auc_mood/theme---fun,0.08258523853910757,1780318030116,91c6d578c3224667a208a9ce24612db6,12,f
val_roc_auc_mood/theme---fun,0.6108593871347106,1780318030116,91c6d578c3224667a208a9ce24612db6,12,f
val_roc_auc_mood/theme---funny,0.7183059700633939,1780318030116,91c6d578c3224667a208a9ce24612db6,12,f
val_pr_auc_mood/theme---game,0.011620051001724512,1780318030116,91c6d578c3224667a208a9ce24612db6,12,f
val_roc_auc_mood/theme---game,0.6028662809647979,1780318030116,91c6d578c3224667a208a9ce24612db6,12,f
val_pr_auc_mood/theme---groovy,0.09500265601851596,1780318030116,91c6d578c3224667a208a9ce24612db6,12,f
val_roc_auc_mood/theme---groovy,0.8190718884120172,1780318030116,91c6d578c3224667a208a9ce24612db6,12,f
val_pr_auc_mood/theme---happy,0.2472288090546871,1780318030116,91c6d578c3224667a208a9ce24612db6,12,f
val_roc_auc_mood/theme---happy,0.7061078610329762,1780318030116,91c6d578c3224667a208a9ce24612db6,12,f
val_pr_auc_mood/theme---heavy,0.10479608636864485,1780318030116,91c6d578c3224667a208a9ce24612db6,12,f
val_roc_auc_mood/theme---heavy,0.9248896500156781,1780318030116,91c6d578c3224667a208a9ce24612db6,12,f
val_pr_auc_mood/theme---holiday,0.011984681842416519,1780318030116,91c6d578c3224667a208a9ce24612db6,12,f
val_roc_auc_mood/theme---holiday,0.5162691038719709,1780318030116,91c6d578c3224667a208a9ce24612db6,12,f
val_pr_auc_mood/theme---hopeful,0.021107844055890203,1780318030116,91c6d578c3224667a208a9ce24612db6,12,f
val_roc_auc_mood/theme---hopeful,0.7149569245294153,1780318030116,91c6d578c3224667a208a9ce24612db6,12,f
val_pr_auc_mood/theme---inspiring,0.08171373463569367,1780318030116,91c6d578c3224667a208a9ce24612db6,12,f
val_roc_auc_mood/theme---inspiring,0.6227385594172203,1780318030116,91c6d578c3224667a208a9ce24612db6,12,f
val_pr_auc_mood/theme---love,0.09014328882622444,1780318030116,91c6d578c3224667a208a9ce24612db6,12,f
val_roc_auc_mood/theme---love,0.616826089241604,1780318030116,91c6d578c3224667a208a9ce24612db6,12,f
val_pr_auc_mood/theme---meditative,0.1205924178931879,1780318030116,91c6d578c3224667a208a9ce24612db6,12,f
val_roc_auc_mood/theme---meditative,0.7521549775588919,1780318030116,91c6d578c3224667a208a9ce24612db6,12,f
val_pr_auc_mood/theme---melancholic,0.052084792788272036,1780318030116,91c6d578c3224667a208a9ce24612db6,12,f
val_roc_auc_mood/theme---melancholic,0.6579615378043988,1780318030116,91c6d578c3224667a208a9ce24612db6,12,f
val_pr_auc_mood/theme---melodic,0.12761529782667214,1780318030116,91c6d578c3224667a208a9ce24612db6,12,f
val_roc_auc_mood/theme---melodic,0.6084167120356536,1780318030116,91c6d578c3224667a208a9ce24612db6,12,f
val_pr_auc_mood/theme---motivational,0.09154989227829798,1780318030116,91c6d578c3224667a208a9ce24612db6,12,f
val_roc_auc_mood/theme---motivational,0.7561792326267776,1780318030116,91c6d578c3224667a208a9ce24612db6,12,f
val_pr_auc_mood/theme---movie,0.0731440972939966,1780318030116,91c6d578c3224667a208a9ce24612db6,12,f
val_roc_auc_mood/theme---movie,0.7154491828132908,1780318030116,91c6d578c3224667a208a9ce24612db6,12,f
val_pr_auc_mood/theme---nature,0.03317113516084564,1780318030116,91c6d578c3224667a208a9ce24612db6,12,f
val_roc_auc_mood/theme---nature,0.6927029085444928,1780318030116,91c6d578c3224667a208a9ce24612db6,12,f
val_pr_auc_mood/theme---party,0.09912403383831084,1780318030116,91c6d578c3224667a208a9ce24612db6,12,f
val_roc_auc_mood/theme---party,0.8303299264837725,1780318030116,91c6d578c3224667a208a9ce24612db6,12,f
val_pr_auc_mood/theme---positive,0.052183944103228866,1780318030116,91c6d578c3224667a208a9ce24612db6,12,f
val_roc_auc_mood/theme---positive,0.7437215757089353,1780318030116,91c6d578c3224667a208a9ce24612db6,12,f
val_pr_auc_mood/theme---powerful,0.02076548694868065,1780318030116,91c6d578c3224667a208a9ce24612db6,12,f
val_roc_auc_mood/theme---powerful,0.6531319942204721,1780318030116,91c6d578c3224667a208a9ce24612db6,12,f
val_pr_auc_mood/theme---relaxing,0.16747365715437518,1780318030116,91c6d578c3224667a208a9ce24612db6,12,f
val_roc_auc_mood/theme---relaxing,0.7398394564711454,1780318030116,91c6d578c3224667a208a9ce24612db6,12,f
val_pr_auc_mood/theme---retro,0.012399625226288718,1780318030116,91c6d578c3224667a208a9ce24612db6,12,f
val_roc_auc_mood/theme---retro,0.5634204706843665,1780318030116,91c6d578c3224667a208a9ce24612db6,12,f
val_pr_auc_mood/theme---romantic,0.07344322303020132,1780318030116,91c6d578c3224667a208a9ce24612db6,12,f
val_roc_auc_mood/theme---romantic,0.7225450413147095,1780318030116,91c6d578c3224667a208a9ce24612db6,12,f
val_pr_auc_mood/theme---sad,0.0819602563313906,1780318030116,91c6d578c3224667a208a9ce24612db6,12,f
val_roc_auc_mood/theme---sad,0.7100775193798449,1780318030116,91c6d578c3224667a208a9ce24612db6,12,f
val_pr_auc_mood/theme---sexy,0.017672120827573475,1780318030116,91c6d578c3224667a208a9ce24612db6,12,f
val_roc_auc_mood/theme---sexy,0.7062560568536664,1780318030116,91c6d578c3224667a208a9ce24612db6,12,f
val_pr_auc_mood/theme---slow,0.03201095759804508,1780318030116,91c6d578c3224667a208a9ce24612db6,12,f
val_roc_auc_mood/theme---slow,0.7524924885629879,1780318030116,91c6d578c3224667a208a9ce24612db6,12,f
val_pr_auc_mood/theme---soft,0.04684406083247125,1780318030116,91c6d578c3224667a208a9ce24612db6,12,f
val_roc_auc_mood/theme---soft,0.6490052565323898,1780318030116,91c6d578c3224667a208a9ce24612db6,12,f
val_pr_auc_mood/theme---soundscape,0.027352341301075254,1780318030116,91c6d578c3224667a208a9ce24612db6,12,f
val_roc_auc_mood/theme---soundscape,0.7248111760193544,1780318030116,91c6d578c3224667a208a9ce24612db6,12,f
val_pr_auc_mood/theme---space,0.0608433363281126,1780318030116,91c6d578c3224667a208a9ce24612db6,12,f
val_roc_auc_mood/theme---space,0.7695289284709963,1780318030116,91c6d578c3224667a208a9ce24612db6,12,f
val_pr_auc_mood/theme---sport,0.06464406788251639,1780318030116,91c6d578c3224667a208a9ce24612db6,12,f
val_roc_auc_mood/theme---sport,0.8709799205772135,1780318030116,91c6d578c3224667a208a9ce24612db6,12,f
val_pr_auc_mood/theme---summer,0.18787207604042205,1780318030116,91c6d578c3224667a208a9ce24612db6,12,f
val_roc_auc_mood/theme---summer,0.8337256922543906,1780318030116,91c6d578c3224667a208a9ce24612db6,12,f
val_pr_auc_mood/theme---trailer,0.15741411548387732,1780318030116,91c6d578c3224667a208a9ce24612db6,12,f
val_roc_auc_mood/theme---trailer,0.8946870717739834,1780318030116,91c6d578c3224667a208a9ce24612db6,12,f
val_pr_auc_mood/theme---travel,0.016196458447827144,1780318030116,91c6d578c3224667a208a9ce24612db6,12,f
val_roc_auc_mood/theme---travel,0.5792536039195855,1780318030116,91c6d578c3224667a208a9ce24612db6,12,f
val_pr_auc_mood/theme---upbeat,0.04069363131126215,1780318030116,91c6d578c3224667a208a9ce24612db6,12,f
val_roc_auc_mood/theme---upbeat,0.5310678308975312,1780318030116,91c6d578c3224667a208a9ce24612db6,12,f
val_pr_auc_mood/theme---uplifting,0.07284868345618145,1780318030116,91c6d578c3224667a208a9ce24612db6,12,f
val_roc_auc_mood/theme---uplifting,0.6596717711825626,1780318030116,91c6d578c3224667a208a9ce24612db6,12,f
val_macro_pr_auc,0.08556251389095149,1780318030116,91c6d578c3224667a208a9ce24612db6,12,f
val_macro_roc_auc,0.7053913450501812,1780318030116,91c6d578c3224667a208a9ce24612db6,12,f
val_roc_auc_mood/theme---film,0.7023890355840563,1780319244914,91c6d578c3224667a208a9ce24612db6,13,f
train_loss,0.04051453419165046,1780319034909,91c6d578c3224667a208a9ce24612db6,13,f
avg_train_loss,0.04051453419165046,1780319033389,91c6d578c3224667a208a9ce24612db6,13,f
stdev_train_loss,0.0040844332551547655,1780319034457,91c6d578c3224667a208a9ce24612db6,13,f
val_loss_avg,0.057595233454076133,1780319244914,91c6d578c3224667a208a9ce24612db6,13,f
val_loss_std,0.03374974639929177,1780319244914,91c6d578c3224667a208a9ce24612db6,13,f
val_pr_auc_mood/theme---action,0.1819703810551078,1780319244914,91c6d578c3224667a208a9ce24612db6,13,f
val_roc_auc_mood/theme---action,0.6983720309580999,1780319244914,91c6d578c3224667a208a9ce24612db6,13,f
val_pr_auc_mood/theme---adventure,0.03654670812302083,1780319244914,91c6d578c3224667a208a9ce24612db6,13,f
val_roc_auc_mood/theme---adventure,0.5534406070120356,1780319244914,91c6d578c3224667a208a9ce24612db6,13,f
val_pr_auc_mood/theme---advertising,0.12152072085189027,1780319244914,91c6d578c3224667a208a9ce24612db6,13,f
val_roc_auc_mood/theme---advertising,0.7338916962133692,1780319244914,91c6d578c3224667a208a9ce24612db6,13,f
val_pr_auc_mood/theme---background,0.008654167797859495,1780319244914,91c6d578c3224667a208a9ce24612db6,13,f
val_roc_auc_mood/theme---background,0.4952420424403183,1780319244914,91c6d578c3224667a208a9ce24612db6,13,f
val_pr_auc_mood/theme---ballad,0.09687770506354168,1780319244914,91c6d578c3224667a208a9ce24612db6,13,f
val_roc_auc_mood/theme---ballad,0.7899397656940761,1780319244914,91c6d578c3224667a208a9ce24612db6,13,f
val_pr_auc_mood/theme---calm,0.04579120363751484,1780319244914,91c6d578c3224667a208a9ce24612db6,13,f
val_roc_auc_mood/theme---calm,0.6346907891999833,1780319244914,91c6d578c3224667a208a9ce24612db6,13,f
val_pr_auc_mood/theme---children,0.09490519013834425,1780319244914,91c6d578c3224667a208a9ce24612db6,13,f
val_roc_auc_mood/theme---children,0.7251738056069563,1780319244914,91c6d578c3224667a208a9ce24612db6,13,f
val_pr_auc_mood/theme---christmas,0.12228299977826781,1780319244914,91c6d578c3224667a208a9ce24612db6,13,f
val_roc_auc_mood/theme---christmas,0.782138093028651,1780319244914,91c6d578c3224667a208a9ce24612db6,13,f
val_pr_auc_mood/theme---commercial,0.07899359691290687,1780319244914,91c6d578c3224667a208a9ce24612db6,13,f
val_roc_auc_mood/theme---commercial,0.7715434083601286,1780319244914,91c6d578c3224667a208a9ce24612db6,13,f
val_pr_auc_mood/theme---cool,0.020298210167782643,1780319244914,91c6d578c3224667a208a9ce24612db6,13,f
val_roc_auc_mood/theme---cool,0.7211034095166728,1780319244914,91c6d578c3224667a208a9ce24612db6,13,f
val_pr_auc_mood/theme---corporate,0.12205979835120162,1780319244914,91c6d578c3224667a208a9ce24612db6,13,f
val_roc_auc_mood/theme---corporate,0.7823271499291485,1780319244914,91c6d578c3224667a208a9ce24612db6,13,f
val_pr_auc_mood/theme---dark,0.10271238734882511,1780319244914,91c6d578c3224667a208a9ce24612db6,13,f
val_roc_auc_mood/theme---dark,0.6051392833806722,1780319244914,91c6d578c3224667a208a9ce24612db6,13,f
val_pr_auc_mood/theme---deep,0.1826941828971365,1780319244914,91c6d578c3224667a208a9ce24612db6,13,f
val_roc_auc_mood/theme---deep,0.8037790641245142,1780319244914,91c6d578c3224667a208a9ce24612db6,13,f
val_pr_auc_mood/theme---documentary,0.04352053979313478,1780319244914,91c6d578c3224667a208a9ce24612db6,13,f
val_roc_auc_mood/theme---documentary,0.638285412481741,1780319244914,91c6d578c3224667a208a9ce24612db6,13,f
val_pr_auc_mood/theme---drama,0.05373942166988154,1780319244914,91c6d578c3224667a208a9ce24612db6,13,f
val_roc_auc_mood/theme---drama,0.6841205699233716,1780319244914,91c6d578c3224667a208a9ce24612db6,13,f
val_pr_auc_mood/theme---dramatic,0.020619126735527588,1780319244914,91c6d578c3224667a208a9ce24612db6,13,f
val_roc_auc_mood/theme---dramatic,0.7070453977769452,1780319244914,91c6d578c3224667a208a9ce24612db6,13,f
val_pr_auc_mood/theme---dream,0.09697453048042823,1780319244914,91c6d578c3224667a208a9ce24612db6,13,f
val_roc_auc_mood/theme---dream,0.674272506769332,1780319244914,91c6d578c3224667a208a9ce24612db6,13,f
val_pr_auc_mood/theme---emotional,0.14625164760271667,1780319244914,91c6d578c3224667a208a9ce24612db6,13,f
val_roc_auc_mood/theme---emotional,0.6524203876035175,1780319244914,91c6d578c3224667a208a9ce24612db6,13,f
val_pr_auc_mood/theme---energetic,0.19799667596075765,1780319244914,91c6d578c3224667a208a9ce24612db6,13,f
val_roc_auc_mood/theme---energetic,0.7676426837202088,1780319244914,91c6d578c3224667a208a9ce24612db6,13,f
val_pr_auc_mood/theme---epic,0.4021623972120411,1780319244914,91c6d578c3224667a208a9ce24612db6,13,f
val_roc_auc_mood/theme---epic,0.8866624385342109,1780319244914,91c6d578c3224667a208a9ce24612db6,13,f
val_pr_auc_mood/theme---fast,0.11674504756201522,1780319244914,91c6d578c3224667a208a9ce24612db6,13,f
val_roc_auc_mood/theme---fast,0.8719748207301173,1780319244914,91c6d578c3224667a208a9ce24612db6,13,f
val_pr_auc_mood/theme---film,0.12597155697710943,1780319244914,91c6d578c3224667a208a9ce24612db6,13,f
val_pr_auc_mood/theme---fun,0.0950210621396433,1780319244914,91c6d578c3224667a208a9ce24612db6,13,f
val_roc_auc_mood/theme---fun,0.6687716806828352,1780319244914,91c6d578c3224667a208a9ce24612db6,13,f
val_pr_auc_mood/theme---funny,0.017237454107576197,1780319244914,91c6d578c3224667a208a9ce24612db6,13,f
val_roc_auc_mood/theme---funny,0.7413739544623031,1780319244914,91c6d578c3224667a208a9ce24612db6,13,f
val_pr_auc_mood/theme---game,0.017505660541300056,1780319244914,91c6d578c3224667a208a9ce24612db6,13,f
val_roc_auc_mood/theme---game,0.6279742503259452,1780319244914,91c6d578c3224667a208a9ce24612db6,13,f
val_pr_auc_mood/theme---groovy,0.11352160045954929,1780319244914,91c6d578c3224667a208a9ce24612db6,13,f
val_roc_auc_mood/theme---groovy,0.8415388296021342,1780319244914,91c6d578c3224667a208a9ce24612db6,13,f
val_pr_auc_mood/theme---happy,0.2823970439084072,1780319244914,91c6d578c3224667a208a9ce24612db6,13,f
val_roc_auc_mood/theme---happy,0.7515407115925549,1780319244914,91c6d578c3224667a208a9ce24612db6,13,f
val_pr_auc_mood/theme---heavy,0.11127998827942975,1780319244914,91c6d578c3224667a208a9ce24612db6,13,f
val_roc_auc_mood/theme---heavy,0.9213520184600047,1780319244914,91c6d578c3224667a208a9ce24612db6,13,f
val_pr_auc_mood/theme---holiday,0.01349230177262059,1780319244914,91c6d578c3224667a208a9ce24612db6,13,f
val_roc_auc_mood/theme---holiday,0.5594865182600781,1780319244914,91c6d578c3224667a208a9ce24612db6,13,f
val_pr_auc_mood/theme---hopeful,0.019710357674733864,1780319244914,91c6d578c3224667a208a9ce24612db6,13,f
val_roc_auc_mood/theme---hopeful,0.7131719478373754,1780319244914,91c6d578c3224667a208a9ce24612db6,13,f
val_pr_auc_mood/theme---inspiring,0.08789625806847493,1780319244914,91c6d578c3224667a208a9ce24612db6,13,f
val_roc_auc_mood/theme---inspiring,0.6554938464747601,1780319244914,91c6d578c3224667a208a9ce24612db6,13,f
val_pr_auc_mood/theme---love,0.09795146394628367,1780319244914,91c6d578c3224667a208a9ce24612db6,13,f
val_roc_auc_mood/theme---love,0.655144005886372,1780319244914,91c6d578c3224667a208a9ce24612db6,13,f
val_pr_auc_mood/theme---meditative,0.10133834566287062,1780319244914,91c6d578c3224667a208a9ce24612db6,13,f
val_roc_auc_mood/theme---meditative,0.7348554506048266,1780319244914,91c6d578c3224667a208a9ce24612db6,13,f
val_pr_auc_mood/theme---melancholic,0.05616854019789069,1780319244914,91c6d578c3224667a208a9ce24612db6,13,f
val_roc_auc_mood/theme---melancholic,0.6841586913383175,1780319244914,91c6d578c3224667a208a9ce24612db6,13,f
val_pr_auc_mood/theme---melodic,0.12870781987164837,1780319244914,91c6d578c3224667a208a9ce24612db6,13,f
val_roc_auc_mood/theme---melodic,0.598951343344053,1780319244914,91c6d578c3224667a208a9ce24612db6,13,f
val_pr_auc_mood/theme---motivational,0.1176991887230493,1780319244914,91c6d578c3224667a208a9ce24612db6,13,f
val_roc_auc_mood/theme---motivational,0.7871496288346302,1780319244914,91c6d578c3224667a208a9ce24612db6,13,f
val_pr_auc_mood/theme---movie,0.0826190457412778,1780319244914,91c6d578c3224667a208a9ce24612db6,13,f
val_roc_auc_mood/theme---movie,0.7449317151925,1780319244914,91c6d578c3224667a208a9ce24612db6,13,f
val_pr_auc_mood/theme---nature,0.032890349573759095,1780319244914,91c6d578c3224667a208a9ce24612db6,13,f
val_roc_auc_mood/theme---nature,0.6947942611308949,1780319244914,91c6d578c3224667a208a9ce24612db6,13,f
val_pr_auc_mood/theme---party,0.11054869851940818,1780319244914,91c6d578c3224667a208a9ce24612db6,13,f
val_roc_auc_mood/theme---party,0.8392216757601374,1780319244914,91c6d578c3224667a208a9ce24612db6,13,f
val_pr_auc_mood/theme---positive,0.047541739493267135,1780319244914,91c6d578c3224667a208a9ce24612db6,13,f
val_roc_auc_mood/theme---positive,0.7265165195291601,1780319244914,91c6d578c3224667a208a9ce24612db6,13,f
val_pr_auc_mood/theme---powerful,0.020011579293745328,1780319244914,91c6d578c3224667a208a9ce24612db6,13,f
val_roc_auc_mood/theme---powerful,0.6622545825424258,1780319244914,91c6d578c3224667a208a9ce24612db6,13,f
val_pr_auc_mood/theme---relaxing,0.16504380440049315,1780319244914,91c6d578c3224667a208a9ce24612db6,13,f
val_roc_auc_mood/theme---relaxing,0.7380995884336798,1780319244914,91c6d578c3224667a208a9ce24612db6,13,f
val_pr_auc_mood/theme---retro,0.013210134842438933,1780319244914,91c6d578c3224667a208a9ce24612db6,13,f
val_roc_auc_mood/theme---retro,0.5808782044215018,1780319244914,91c6d578c3224667a208a9ce24612db6,13,f
val_pr_auc_mood/theme---romantic,0.051872086225464464,1780319244914,91c6d578c3224667a208a9ce24612db6,13,f
val_roc_auc_mood/theme---romantic,0.6820561659213457,1780319244914,91c6d578c3224667a208a9ce24612db6,13,f
val_pr_auc_mood/theme---sad,0.08470906876663614,1780319244914,91c6d578c3224667a208a9ce24612db6,13,f
val_roc_auc_mood/theme---sad,0.7254473882576288,1780319244914,91c6d578c3224667a208a9ce24612db6,13,f
val_pr_auc_mood/theme---sexy,0.020525769725597953,1780319244914,91c6d578c3224667a208a9ce24612db6,13,f
val_roc_auc_mood/theme---sexy,0.717404256846488,1780319244914,91c6d578c3224667a208a9ce24612db6,13,f
val_pr_auc_mood/theme---slow,0.03287409546817052,1780319244914,91c6d578c3224667a208a9ce24612db6,13,f
val_roc_auc_mood/theme---slow,0.7465739291484019,1780319244914,91c6d578c3224667a208a9ce24612db6,13,f
val_pr_auc_mood/theme---soft,0.049570990856004846,1780319244914,91c6d578c3224667a208a9ce24612db6,13,f
val_roc_auc_mood/theme---soft,0.6762958458083832,1780319244914,91c6d578c3224667a208a9ce24612db6,13,f
val_pr_auc_mood/theme---soundscape,0.025067716965451143,1780319244914,91c6d578c3224667a208a9ce24612db6,13,f
val_roc_auc_mood/theme---soundscape,0.7195668849943944,1780319244914,91c6d578c3224667a208a9ce24612db6,13,f
val_pr_auc_mood/theme---space,0.055217854181061926,1780319244914,91c6d578c3224667a208a9ce24612db6,13,f
val_roc_auc_mood/theme---space,0.7607041285800016,1780319244914,91c6d578c3224667a208a9ce24612db6,13,f
val_pr_auc_mood/theme---sport,0.05574823244035286,1780319244914,91c6d578c3224667a208a9ce24612db6,13,f
val_roc_auc_mood/theme---sport,0.844929805917557,1780319244914,91c6d578c3224667a208a9ce24612db6,13,f
val_pr_auc_mood/theme---summer,0.19808986413289797,1780319244914,91c6d578c3224667a208a9ce24612db6,13,f
val_roc_auc_mood/theme---summer,0.82855839929405,1780319244914,91c6d578c3224667a208a9ce24612db6,13,f
val_pr_auc_mood/theme---trailer,0.17294792513288382,1780319244914,91c6d578c3224667a208a9ce24612db6,13,f
val_roc_auc_mood/theme---trailer,0.9150116458601516,1780319244914,91c6d578c3224667a208a9ce24612db6,13,f
val_pr_auc_mood/theme---travel,0.015326310855118208,1780319244914,91c6d578c3224667a208a9ce24612db6,13,f
val_roc_auc_mood/theme---travel,0.5693839486234142,1780319244914,91c6d578c3224667a208a9ce24612db6,13,f
val_pr_auc_mood/theme---upbeat,0.04906203146290354,1780319244914,91c6d578c3224667a208a9ce24612db6,13,f
val_roc_auc_mood/theme---upbeat,0.6189032697547684,1780319244914,91c6d578c3224667a208a9ce24612db6,13,f
val_pr_auc_mood/theme---uplifting,0.07386716999963143,1780319244914,91c6d578c3224667a208a9ce24612db6,13,f
val_roc_auc_mood/theme---uplifting,0.7020742128655798,1780319244914,91c6d578c3224667a208a9ce24612db6,13,f
val_macro_pr_auc,0.0899278526704831,1780319244914,91c6d578c3224667a208a9ce24612db6,13,f
val_macro_roc_auc,0.7163600661638713,1780319244914,91c6d578c3224667a208a9ce24612db6,13,f
val_pr_auc_mood/theme---space,0.06386370573207868,1780320549160,91c6d578c3224667a208a9ce24612db6,14,f
val_macro_roc_auc,0.7143615508078867,1780320549160,91c6d578c3224667a208a9ce24612db6,14,f
stdev_train_loss,0.004122662456479359,1780320257394,91c6d578c3224667a208a9ce24612db6,14,f
val_roc_auc_mood/theme---space,0.7547726106506405,1780320549160,91c6d578c3224667a208a9ce24612db6,14,f
val_pr_auc_mood/theme---sport,0.054163907668979897,1780320549160,91c6d578c3224667a208a9ce24612db6,14,f
val_macro_pr_auc,0.09132018618648759,1780320549160,91c6d578c3224667a208a9ce24612db6,14,f
val_roc_auc_mood/theme---uplifting,0.703952808269355,1780320549160,91c6d578c3224667a208a9ce24612db6,14,f
val_pr_auc_mood/theme---uplifting,0.07455787891062611,1780320549160,91c6d578c3224667a208a9ce24612db6,14,f
val_roc_auc_mood/theme---sport,0.8576821969908831,1780320549160,91c6d578c3224667a208a9ce24612db6,14,f
val_loss_avg,0.056019464779520876,1780320549160,91c6d578c3224667a208a9ce24612db6,14,f
val_loss_std,0.030725311156991824,1780320549160,91c6d578c3224667a208a9ce24612db6,14,f
val_pr_auc_mood/theme---action,0.16658814114494414,1780320549160,91c6d578c3224667a208a9ce24612db6,14,f
val_roc_auc_mood/theme---action,0.6919620544920785,1780320549160,91c6d578c3224667a208a9ce24612db6,14,f
val_pr_auc_mood/theme---summer,0.1795010787099692,1780320549160,91c6d578c3224667a208a9ce24612db6,14,f
val_roc_auc_mood/theme---summer,0.8304121101210834,1780320549160,91c6d578c3224667a208a9ce24612db6,14,f
val_pr_auc_mood/theme---trailer,0.1498398894933381,1780320549160,91c6d578c3224667a208a9ce24612db6,14,f
val_roc_auc_mood/theme---trailer,0.8947134967402917,1780320549160,91c6d578c3224667a208a9ce24612db6,14,f
val_pr_auc_mood/theme---travel,0.015393080254267935,1780320549160,91c6d578c3224667a208a9ce24612db6,14,f
val_roc_auc_mood/theme---travel,0.5626138544946355,1780320549160,91c6d578c3224667a208a9ce24612db6,14,f
avg_train_loss,0.04020092965912285,1780320256329,91c6d578c3224667a208a9ce24612db6,14,f
train_loss,0.04020092965912285,1780320257824,91c6d578c3224667a208a9ce24612db6,14,f
val_roc_auc_mood/theme---upbeat,0.6210996201800016,1780320549160,91c6d578c3224667a208a9ce24612db6,14,f
val_pr_auc_mood/theme---adventure,0.047465668858171,1780320549160,91c6d578c3224667a208a9ce24612db6,14,f
val_roc_auc_mood/theme---adventure,0.587092731829574,1780320549160,91c6d578c3224667a208a9ce24612db6,14,f
val_pr_auc_mood/theme---advertising,0.13915893502570095,1780320549160,91c6d578c3224667a208a9ce24612db6,14,f
val_roc_auc_mood/theme---advertising,0.7603729864038637,1780320549160,91c6d578c3224667a208a9ce24612db6,14,f
val_pr_auc_mood/theme---background,0.008769740056972054,1780320549160,91c6d578c3224667a208a9ce24612db6,14,f
val_roc_auc_mood/theme---background,0.4925232095490716,1780320549160,91c6d578c3224667a208a9ce24612db6,14,f
val_pr_auc_mood/theme---ballad,0.08388202646819805,1780320549160,91c6d578c3224667a208a9ce24612db6,14,f
val_roc_auc_mood/theme---ballad,0.7691755083996463,1780320549160,91c6d578c3224667a208a9ce24612db6,14,f
val_pr_auc_mood/theme---calm,0.05065835157631894,1780320549160,91c6d578c3224667a208a9ce24612db6,14,f
val_roc_auc_mood/theme---calm,0.6604999583974704,1780320549160,91c6d578c3224667a208a9ce24612db6,14,f
val_pr_auc_mood/theme---children,0.07874787560249463,1780320549160,91c6d578c3224667a208a9ce24612db6,14,f
val_roc_auc_mood/theme---children,0.6942299048318757,1780320549160,91c6d578c3224667a208a9ce24612db6,14,f
val_pr_auc_mood/theme---christmas,0.12809826375594363,1780320549160,91c6d578c3224667a208a9ce24612db6,14,f
val_roc_auc_mood/theme---christmas,0.7553974306924951,1780320549160,91c6d578c3224667a208a9ce24612db6,14,f
val_pr_auc_mood/theme---commercial,0.07983605956557335,1780320549160,91c6d578c3224667a208a9ce24612db6,14,f
val_roc_auc_mood/theme---commercial,0.7677423059255856,1780320549160,91c6d578c3224667a208a9ce24612db6,14,f
val_pr_auc_mood/theme---cool,0.014603906758030333,1780320549160,91c6d578c3224667a208a9ce24612db6,14,f
val_roc_auc_mood/theme---cool,0.6303390783064818,1780320549160,91c6d578c3224667a208a9ce24612db6,14,f
val_pr_auc_mood/theme---corporate,0.11890596950141219,1780320549160,91c6d578c3224667a208a9ce24612db6,14,f
val_roc_auc_mood/theme---corporate,0.7704940282301845,1780320549160,91c6d578c3224667a208a9ce24612db6,14,f
val_pr_auc_mood/theme---dark,0.106528531833228,1780320549160,91c6d578c3224667a208a9ce24612db6,14,f
val_roc_auc_mood/theme---dark,0.6189639726464146,1780320549160,91c6d578c3224667a208a9ce24612db6,14,f
val_pr_auc_mood/theme---deep,0.17058643921450048,1780320549160,91c6d578c3224667a208a9ce24612db6,14,f
val_roc_auc_mood/theme---deep,0.7935374664663382,1780320549160,91c6d578c3224667a208a9ce24612db6,14,f
val_pr_auc_mood/theme---documentary,0.046658637648428036,1780320549160,91c6d578c3224667a208a9ce24612db6,14,f
val_roc_auc_mood/theme---documentary,0.6449238371155117,1780320549160,91c6d578c3224667a208a9ce24612db6,14,f
val_pr_auc_mood/theme---drama,0.06777071396759664,1780320549160,91c6d578c3224667a208a9ce24612db6,14,f
val_roc_auc_mood/theme---drama,0.6951568486590037,1780320549160,91c6d578c3224667a208a9ce24612db6,14,f
val_pr_auc_mood/theme---dramatic,0.01839590669862807,1780320549160,91c6d578c3224667a208a9ce24612db6,14,f
val_roc_auc_mood/theme---dramatic,0.6804670912951167,1780320549160,91c6d578c3224667a208a9ce24612db6,14,f
val_pr_auc_mood/theme---dream,0.1044653423301215,1780320549160,91c6d578c3224667a208a9ce24612db6,14,f
val_roc_auc_mood/theme---dream,0.6958792740857203,1780320549160,91c6d578c3224667a208a9ce24612db6,14,f
val_pr_auc_mood/theme---emotional,0.15285099194645518,1780320549160,91c6d578c3224667a208a9ce24612db6,14,f
val_roc_auc_mood/theme---emotional,0.6662836978042306,1780320549160,91c6d578c3224667a208a9ce24612db6,14,f
val_pr_auc_mood/theme---energetic,0.2110781282745429,1780320549160,91c6d578c3224667a208a9ce24612db6,14,f
val_roc_auc_mood/theme---energetic,0.7694717386363499,1780320549160,91c6d578c3224667a208a9ce24612db6,14,f
val_pr_auc_mood/theme---upbeat,0.04928604824529176,1780320549160,91c6d578c3224667a208a9ce24612db6,14,f
val_pr_auc_mood/theme---epic,0.39667839068780275,1780320549160,91c6d578c3224667a208a9ce24612db6,14,f
val_roc_auc_mood/theme---epic,0.8809313971781334,1780320549160,91c6d578c3224667a208a9ce24612db6,14,f
val_pr_auc_mood/theme---fast,0.09358527084006395,1780320549160,91c6d578c3224667a208a9ce24612db6,14,f
val_roc_auc_mood/theme---fast,0.8747657268578878,1780320549160,91c6d578c3224667a208a9ce24612db6,14,f
val_pr_auc_mood/theme---film,0.12364265269776695,1780320549160,91c6d578c3224667a208a9ce24612db6,14,f
val_roc_auc_mood/theme---film,0.6955251810267675,1780320549160,91c6d578c3224667a208a9ce24612db6,14,f
val_pr_auc_mood/theme---fun,0.09434974545797302,1780320549160,91c6d578c3224667a208a9ce24612db6,14,f
val_roc_auc_mood/theme---fun,0.673941760785793,1780320549160,91c6d578c3224667a208a9ce24612db6,14,f
val_pr_auc_mood/theme---funny,0.015146709789963936,1780320549160,91c6d578c3224667a208a9ce24612db6,14,f
val_roc_auc_mood/theme---funny,0.7393375289068882,1780320549160,91c6d578c3224667a208a9ce24612db6,14,f
val_pr_auc_mood/theme---game,0.011021080946366724,1780320549160,91c6d578c3224667a208a9ce24612db6,14,f
val_roc_auc_mood/theme---game,0.6044654498044328,1780320549160,91c6d578c3224667a208a9ce24612db6,14,f
val_pr_auc_mood/theme---groovy,0.11032901905571472,1780320549160,91c6d578c3224667a208a9ce24612db6,14,f
val_roc_auc_mood/theme---groovy,0.8483064609674053,1780320549160,91c6d578c3224667a208a9ce24612db6,14,f
val_pr_auc_mood/theme---happy,0.2644211435931985,1780320549160,91c6d578c3224667a208a9ce24612db6,14,f
val_roc_auc_mood/theme---happy,0.738219297983123,1780320549160,91c6d578c3224667a208a9ce24612db6,14,f
val_pr_auc_mood/theme---heavy,0.0931301695130693,1780320549160,91c6d578c3224667a208a9ce24612db6,14,f
val_roc_auc_mood/theme---heavy,0.9215208599660708,1780320549160,91c6d578c3224667a208a9ce24612db6,14,f
val_pr_auc_mood/theme---holiday,0.025757158099825983,1780320549160,91c6d578c3224667a208a9ce24612db6,14,f
val_roc_auc_mood/theme---holiday,0.5310136903181767,1780320549160,91c6d578c3224667a208a9ce24612db6,14,f
val_pr_auc_mood/theme---hopeful,0.023178504818522867,1780320549160,91c6d578c3224667a208a9ce24612db6,14,f
val_roc_auc_mood/theme---hopeful,0.7412890187053756,1780320549160,91c6d578c3224667a208a9ce24612db6,14,f
val_pr_auc_mood/theme---inspiring,0.07929378785324194,1780320549160,91c6d578c3224667a208a9ce24612db6,14,f
val_roc_auc_mood/theme---inspiring,0.6236431356503321,1780320549160,91c6d578c3224667a208a9ce24612db6,14,f
val_pr_auc_mood/theme---love,0.11379198976799153,1780320549160,91c6d578c3224667a208a9ce24612db6,14,f
val_roc_auc_mood/theme---love,0.6881457928207284,1780320549160,91c6d578c3224667a208a9ce24612db6,14,f
val_pr_auc_mood/theme---meditative,0.12739130100216312,1780320549160,91c6d578c3224667a208a9ce24612db6,14,f
val_roc_auc_mood/theme---meditative,0.7421021117330062,1780320549160,91c6d578c3224667a208a9ce24612db6,14,f
val_pr_auc_mood/theme---melancholic,0.05544044595867829,1780320549160,91c6d578c3224667a208a9ce24612db6,14,f
val_roc_auc_mood/theme---melancholic,0.6858477279772324,1780320549160,91c6d578c3224667a208a9ce24612db6,14,f
val_pr_auc_mood/theme---melodic,0.1292547291159278,1780320549160,91c6d578c3224667a208a9ce24612db6,14,f
val_roc_auc_mood/theme---melodic,0.6017324358714643,1780320549160,91c6d578c3224667a208a9ce24612db6,14,f
val_pr_auc_mood/theme---motivational,0.11289259601043855,1780320549160,91c6d578c3224667a208a9ce24612db6,14,f
val_roc_auc_mood/theme---motivational,0.796858957159467,1780320549160,91c6d578c3224667a208a9ce24612db6,14,f
val_pr_auc_mood/theme---movie,0.09116152773591026,1780320549160,91c6d578c3224667a208a9ce24612db6,14,f
val_roc_auc_mood/theme---movie,0.7434731814507134,1780320549160,91c6d578c3224667a208a9ce24612db6,14,f
val_pr_auc_mood/theme---nature,0.03549873010402411,1780320549160,91c6d578c3224667a208a9ce24612db6,14,f
val_roc_auc_mood/theme---nature,0.6941685020892943,1780320549160,91c6d578c3224667a208a9ce24612db6,14,f
val_pr_auc_mood/theme---party,0.12287100728761745,1780320549160,91c6d578c3224667a208a9ce24612db6,14,f
val_roc_auc_mood/theme---party,0.8367049617049618,1780320549160,91c6d578c3224667a208a9ce24612db6,14,f
val_pr_auc_mood/theme---positive,0.05700502952586174,1780320549160,91c6d578c3224667a208a9ce24612db6,14,f
val_roc_auc_mood/theme---positive,0.7294091091492776,1780320549160,91c6d578c3224667a208a9ce24612db6,14,f
val_pr_auc_mood/theme---powerful,0.02049676313250525,1780320549160,91c6d578c3224667a208a9ce24612db6,14,f
val_roc_auc_mood/theme---powerful,0.6529393432869649,1780320549160,91c6d578c3224667a208a9ce24612db6,14,f
val_pr_auc_mood/theme---relaxing,0.2491134972350723,1780320549160,91c6d578c3224667a208a9ce24612db6,14,f
val_roc_auc_mood/theme---relaxing,0.7445456234331491,1780320549160,91c6d578c3224667a208a9ce24612db6,14,f
val_pr_auc_mood/theme---retro,0.013350900281633089,1780320549160,91c6d578c3224667a208a9ce24612db6,14,f
val_roc_auc_mood/theme---retro,0.565028761162379,1780320549160,91c6d578c3224667a208a9ce24612db6,14,f
val_pr_auc_mood/theme---romantic,0.05460111302263996,1780320549160,91c6d578c3224667a208a9ce24612db6,14,f
val_roc_auc_mood/theme---romantic,0.6989547102449438,1780320549160,91c6d578c3224667a208a9ce24612db6,14,f
val_pr_auc_mood/theme---sad,0.08551996520805678,1780320549160,91c6d578c3224667a208a9ce24612db6,14,f
val_roc_auc_mood/theme---sad,0.7217138017997897,1780320549160,91c6d578c3224667a208a9ce24612db6,14,f
val_pr_auc_mood/theme---sexy,0.017328486133904947,1780320549160,91c6d578c3224667a208a9ce24612db6,14,f
val_roc_auc_mood/theme---sexy,0.6915903951760526,1780320549160,91c6d578c3224667a208a9ce24612db6,14,f
val_pr_auc_mood/theme---slow,0.03705242515959984,1780320549160,91c6d578c3224667a208a9ce24612db6,14,f
val_roc_auc_mood/theme---slow,0.7705098718148738,1780320549160,91c6d578c3224667a208a9ce24612db6,14,f
val_pr_auc_mood/theme---soft,0.05170770505605021,1780320549160,91c6d578c3224667a208a9ce24612db6,14,f
val_roc_auc_mood/theme---soft,0.6822626054708765,1780320549160,91c6d578c3224667a208a9ce24612db6,14,f
val_pr_auc_mood/theme---soundscape,0.027263362109907104,1780320549160,91c6d578c3224667a208a9ce24612db6,14,f
val_roc_auc_mood/theme---soundscape,0.7155396235321886,1780320549160,91c6d578c3224667a208a9ce24612db6,14,f
val_pr_auc_mood/theme---game,0.01015969962990582,1780321842353,91c6d578c3224667a208a9ce24612db6,15,f
avg_train_loss,0.03966753187273872,1780321546252,91c6d578c3224667a208a9ce24612db6,15,f
val_loss_avg,0.061131929444368294,1780321842353,91c6d578c3224667a208a9ce24612db6,15,f
val_loss_std,0.040086009661674055,1780321842353,91c6d578c3224667a208a9ce24612db6,15,f
val_pr_auc_mood/theme---action,0.1731236122297886,1780321842353,91c6d578c3224667a208a9ce24612db6,15,f
val_roc_auc_mood/theme---action,0.6979741368852658,1780321842353,91c6d578c3224667a208a9ce24612db6,15,f
val_pr_auc_mood/theme---adventure,0.034513762528312494,1780321842353,91c6d578c3224667a208a9ce24612db6,15,f
val_roc_auc_mood/theme---adventure,0.5834710402379575,1780321842353,91c6d578c3224667a208a9ce24612db6,15,f
val_pr_auc_mood/theme---advertising,0.1328077418638027,1780321842353,91c6d578c3224667a208a9ce24612db6,15,f
val_roc_auc_mood/theme---advertising,0.7524088705249541,1780321842353,91c6d578c3224667a208a9ce24612db6,15,f
val_pr_auc_mood/theme---background,0.008571761390147191,1780321842353,91c6d578c3224667a208a9ce24612db6,15,f
val_roc_auc_mood/theme---background,0.4839025198938992,1780321842353,91c6d578c3224667a208a9ce24612db6,15,f
train_loss,0.03966753187273872,1780321547824,91c6d578c3224667a208a9ce24612db6,15,f
val_pr_auc_mood/theme---ballad,0.09323383691526631,1780321842353,91c6d578c3224667a208a9ce24612db6,15,f
val_roc_auc_mood/theme---ballad,0.8078995358090186,1780321842353,91c6d578c3224667a208a9ce24612db6,15,f
val_pr_auc_mood/theme---calm,0.03292561774854074,1780321842353,91c6d578c3224667a208a9ce24612db6,15,f
val_roc_auc_mood/theme---calm,0.5470732620543328,1780321842353,91c6d578c3224667a208a9ce24612db6,15,f
val_pr_auc_mood/theme---children,0.10487819763688216,1780321842353,91c6d578c3224667a208a9ce24612db6,15,f
val_roc_auc_mood/theme---children,0.721518582996598,1780321842353,91c6d578c3224667a208a9ce24612db6,15,f
val_pr_auc_mood/theme---christmas,0.10186140681325563,1780321842353,91c6d578c3224667a208a9ce24612db6,15,f
val_roc_auc_mood/theme---christmas,0.7535161234195569,1780321842353,91c6d578c3224667a208a9ce24612db6,15,f
val_pr_auc_mood/theme---commercial,0.09273308261735502,1780321842353,91c6d578c3224667a208a9ce24612db6,15,f
val_roc_auc_mood/theme---commercial,0.7806806002143623,1780321842353,91c6d578c3224667a208a9ce24612db6,15,f
val_pr_auc_mood/theme---cool,0.022392863914939505,1780321842353,91c6d578c3224667a208a9ce24612db6,15,f
val_roc_auc_mood/theme---cool,0.7159204446109654,1780321842353,91c6d578c3224667a208a9ce24612db6,15,f
val_pr_auc_mood/theme---corporate,0.143642269110349,1780321842353,91c6d578c3224667a208a9ce24612db6,15,f
val_roc_auc_mood/theme---corporate,0.804054178398572,1780321842353,91c6d578c3224667a208a9ce24612db6,15,f
val_pr_auc_mood/theme---dark,0.10705453090355492,1780321842353,91c6d578c3224667a208a9ce24612db6,15,f
val_roc_auc_mood/theme---dark,0.6318540042986976,1780321842353,91c6d578c3224667a208a9ce24612db6,15,f
val_pr_auc_mood/theme---deep,0.1749842484508527,1780321842353,91c6d578c3224667a208a9ce24612db6,15,f
val_roc_auc_mood/theme---deep,0.7955329862526546,1780321842353,91c6d578c3224667a208a9ce24612db6,15,f
val_pr_auc_mood/theme---documentary,0.05130204285708958,1780321842353,91c6d578c3224667a208a9ce24612db6,15,f
val_roc_auc_mood/theme---documentary,0.6738067299129094,1780321842353,91c6d578c3224667a208a9ce24612db6,15,f
val_pr_auc_mood/theme---drama,0.06495086206730842,1780321842353,91c6d578c3224667a208a9ce24612db6,15,f
val_roc_auc_mood/theme---drama,0.6959859913793104,1780321842353,91c6d578c3224667a208a9ce24612db6,15,f
val_pr_auc_mood/theme---dramatic,0.017633487207267217,1780321842353,91c6d578c3224667a208a9ce24612db6,15,f
val_roc_auc_mood/theme---dramatic,0.6755339078306483,1780321842353,91c6d578c3224667a208a9ce24612db6,15,f
val_pr_auc_mood/theme---dream,0.09826959987933645,1780321842353,91c6d578c3224667a208a9ce24612db6,15,f
val_roc_auc_mood/theme---dream,0.6651683430422017,1780321842353,91c6d578c3224667a208a9ce24612db6,15,f
val_pr_auc_mood/theme---emotional,0.146977165311851,1780321842353,91c6d578c3224667a208a9ce24612db6,15,f
val_roc_auc_mood/theme---emotional,0.6606408020392482,1780321842353,91c6d578c3224667a208a9ce24612db6,15,f
val_pr_auc_mood/theme---energetic,0.20450294776691733,1780321842353,91c6d578c3224667a208a9ce24612db6,15,f
val_roc_auc_mood/theme---energetic,0.7637584974091395,1780321842353,91c6d578c3224667a208a9ce24612db6,15,f
val_pr_auc_mood/theme---epic,0.4060472968248572,1780321842353,91c6d578c3224667a208a9ce24612db6,15,f
val_roc_auc_mood/theme---epic,0.8887594824106944,1780321842353,91c6d578c3224667a208a9ce24612db6,15,f
val_pr_auc_mood/theme---fast,0.11127390110069334,1780321842353,91c6d578c3224667a208a9ce24612db6,15,f
val_roc_auc_mood/theme---fast,0.8758963494132986,1780321842353,91c6d578c3224667a208a9ce24612db6,15,f
val_pr_auc_mood/theme---film,0.12785351060368097,1780321842353,91c6d578c3224667a208a9ce24612db6,15,f
val_roc_auc_mood/theme---film,0.7039733433924306,1780321842353,91c6d578c3224667a208a9ce24612db6,15,f
val_pr_auc_mood/theme---fun,0.09624405367833838,1780321842353,91c6d578c3224667a208a9ce24612db6,15,f
val_roc_auc_mood/theme---fun,0.6493768537214961,1780321842353,91c6d578c3224667a208a9ce24612db6,15,f
val_pr_auc_mood/theme---funny,0.01589657815133757,1780321842353,91c6d578c3224667a208a9ce24612db6,15,f
val_roc_auc_mood/theme---funny,0.7239320271063199,1780321842353,91c6d578c3224667a208a9ce24612db6,15,f
val_roc_auc_mood/theme---game,0.5879644719687093,1780321842353,91c6d578c3224667a208a9ce24612db6,15,f
val_pr_auc_mood/theme---groovy,0.09332592595612363,1780321842353,91c6d578c3224667a208a9ce24612db6,15,f
val_roc_auc_mood/theme---groovy,0.83079471639021,1780321842353,91c6d578c3224667a208a9ce24612db6,15,f
val_pr_auc_mood/theme---happy,0.259794009671374,1780321842353,91c6d578c3224667a208a9ce24612db6,15,f
val_roc_auc_mood/theme---happy,0.7183280716978874,1780321842353,91c6d578c3224667a208a9ce24612db6,15,f
val_pr_auc_mood/theme---heavy,0.12706844067080428,1780321842353,91c6d578c3224667a208a9ce24612db6,15,f
val_roc_auc_mood/theme---heavy,0.9277358354036518,1780321842353,91c6d578c3224667a208a9ce24612db6,15,f
val_pr_auc_mood/theme---holiday,0.01991188456902531,1780321842353,91c6d578c3224667a208a9ce24612db6,15,f
val_roc_auc_mood/theme---holiday,0.5124540179756532,1780321842353,91c6d578c3224667a208a9ce24612db6,15,f
val_pr_auc_mood/theme---hopeful,0.020533014197328923,1780321842353,91c6d578c3224667a208a9ce24612db6,15,f
val_roc_auc_mood/theme---hopeful,0.7220820794240869,1780321842353,91c6d578c3224667a208a9ce24612db6,15,f
val_pr_auc_mood/theme---inspiring,0.07878464179236225,1780321842353,91c6d578c3224667a208a9ce24612db6,15,f
val_roc_auc_mood/theme---inspiring,0.6130730319951221,1780321842353,91c6d578c3224667a208a9ce24612db6,15,f
val_pr_auc_mood/theme---love,0.09563475332338466,1780321842353,91c6d578c3224667a208a9ce24612db6,15,f
val_roc_auc_mood/theme---love,0.6372615230987544,1780321842353,91c6d578c3224667a208a9ce24612db6,15,f
val_pr_auc_mood/theme---meditative,0.14176472849753144,1780321842353,91c6d578c3224667a208a9ce24612db6,15,f
val_roc_auc_mood/theme---meditative,0.7707424586447311,1780321842353,91c6d578c3224667a208a9ce24612db6,15,f
val_pr_auc_mood/theme---melancholic,0.05638281512589166,1780321842353,91c6d578c3224667a208a9ce24612db6,15,f
val_roc_auc_mood/theme---melancholic,0.6772048396269474,1780321842353,91c6d578c3224667a208a9ce24612db6,15,f
val_pr_auc_mood/theme---melodic,0.12082507634616528,1780321842353,91c6d578c3224667a208a9ce24612db6,15,f
val_roc_auc_mood/theme---melodic,0.5887401559849079,1780321842353,91c6d578c3224667a208a9ce24612db6,15,f
val_pr_auc_mood/theme---motivational,0.1273271900673072,1780321842353,91c6d578c3224667a208a9ce24612db6,15,f
val_roc_auc_mood/theme---motivational,0.790326446650568,1780321842353,91c6d578c3224667a208a9ce24612db6,15,f
val_pr_auc_mood/theme---movie,0.08014191326944403,1780321842353,91c6d578c3224667a208a9ce24612db6,15,f
val_roc_auc_mood/theme---movie,0.7404673545124586,1780321842353,91c6d578c3224667a208a9ce24612db6,15,f
val_pr_auc_mood/theme---nature,0.03461707214221123,1780321842353,91c6d578c3224667a208a9ce24612db6,15,f
val_roc_auc_mood/theme---nature,0.6942137872830942,1780321842353,91c6d578c3224667a208a9ce24612db6,15,f
val_pr_auc_mood/theme---party,0.12124322775285294,1780321842353,91c6d578c3224667a208a9ce24612db6,15,f
val_roc_auc_mood/theme---party,0.8497175901022055,1780321842353,91c6d578c3224667a208a9ce24612db6,15,f
val_pr_auc_mood/theme---positive,0.04847341099227082,1780321842353,91c6d578c3224667a208a9ce24612db6,15,f
val_roc_auc_mood/theme---positive,0.7301824170679508,1780321842353,91c6d578c3224667a208a9ce24612db6,15,f
val_pr_auc_mood/theme---powerful,0.02073165536722528,1780321842353,91c6d578c3224667a208a9ce24612db6,15,f
val_roc_auc_mood/theme---powerful,0.6510694959911607,1780321842353,91c6d578c3224667a208a9ce24612db6,15,f
val_pr_auc_mood/theme---relaxing,0.19155250636831248,1780321842353,91c6d578c3224667a208a9ce24612db6,15,f
val_roc_auc_mood/theme---relaxing,0.7471587429262039,1780321842353,91c6d578c3224667a208a9ce24612db6,15,f
val_pr_auc_mood/theme---retro,0.012722363742689233,1780321842353,91c6d578c3224667a208a9ce24612db6,15,f
val_roc_auc_mood/theme---retro,0.5741207903969495,1780321842353,91c6d578c3224667a208a9ce24612db6,15,f
val_pr_auc_mood/theme---romantic,0.06012937101035283,1780321842353,91c6d578c3224667a208a9ce24612db6,15,f
val_roc_auc_mood/theme---romantic,0.7082321168957839,1780321842353,91c6d578c3224667a208a9ce24612db6,15,f
val_pr_auc_mood/theme---sad,0.08276125966258636,1780321842353,91c6d578c3224667a208a9ce24612db6,15,f
val_roc_auc_mood/theme---sad,0.7161171445322315,1780321842353,91c6d578c3224667a208a9ce24612db6,15,f
val_pr_auc_mood/theme---sexy,0.01846241080980644,1780321842353,91c6d578c3224667a208a9ce24612db6,15,f
val_roc_auc_mood/theme---sexy,0.714188291877535,1780321842353,91c6d578c3224667a208a9ce24612db6,15,f
val_pr_auc_mood/theme---slow,0.04136978195389222,1780321842353,91c6d578c3224667a208a9ce24612db6,15,f
val_roc_auc_mood/theme---slow,0.7604392617905655,1780321842353,91c6d578c3224667a208a9ce24612db6,15,f
val_pr_auc_mood/theme---soft,0.04601522260587874,1780321842353,91c6d578c3224667a208a9ce24612db6,15,f
val_roc_auc_mood/theme---soft,0.6459283138268916,1780321842353,91c6d578c3224667a208a9ce24612db6,15,f
val_pr_auc_mood/theme---soundscape,0.02752309145427365,1780321842353,91c6d578c3224667a208a9ce24612db6,15,f
val_roc_auc_mood/theme---soundscape,0.7313978875317165,1780321842353,91c6d578c3224667a208a9ce24612db6,15,f
val_pr_auc_mood/theme---space,0.06412502205941444,1780321842353,91c6d578c3224667a208a9ce24612db6,15,f
val_roc_auc_mood/theme---space,0.7737963744103996,1780321842353,91c6d578c3224667a208a9ce24612db6,15,f
val_pr_auc_mood/theme---sport,0.05962355545801916,1780321842353,91c6d578c3224667a208a9ce24612db6,15,f
val_roc_auc_mood/theme---sport,0.8807399742714918,1780321842353,91c6d578c3224667a208a9ce24612db6,15,f
val_pr_auc_mood/theme---summer,0.22208638379344744,1780321842353,91c6d578c3224667a208a9ce24612db6,15,f
val_roc_auc_mood/theme---summer,0.843385124710913,1780321842353,91c6d578c3224667a208a9ce24612db6,15,f
val_pr_auc_mood/theme---trailer,0.15204764552287875,1780321842353,91c6d578c3224667a208a9ce24612db6,15,f
val_roc_auc_mood/theme---trailer,0.8912329511779873,1780321842353,91c6d578c3224667a208a9ce24612db6,15,f
val_pr_auc_mood/theme---travel,0.01611419748874412,1780321842353,91c6d578c3224667a208a9ce24612db6,15,f
val_roc_auc_mood/theme---travel,0.5770893489290201,1780321842353,91c6d578c3224667a208a9ce24612db6,15,f
val_pr_auc_mood/theme---upbeat,0.043276094381992834,1780321842353,91c6d578c3224667a208a9ce24612db6,15,f
val_roc_auc_mood/theme---upbeat,0.5654972752043597,1780321842353,91c6d578c3224667a208a9ce24612db6,15,f
val_pr_auc_mood/theme---uplifting,0.0676222398257529,1780321842353,91c6d578c3224667a208a9ce24612db6,15,f
val_roc_auc_mood/theme---uplifting,0.6715718334423371,1780321842353,91c6d578c3224667a208a9ce24612db6,15,f
val_macro_pr_auc,0.09153258898358883,1780321842353,91c6d578c3224667a208a9ce24612db6,15,f
val_macro_roc_auc,0.712426648910661,1780321842353,91c6d578c3224667a208a9ce24612db6,15,f
stdev_train_loss,0.004015295464450212,1780321547386,91c6d578c3224667a208a9ce24612db6,15,f
val_roc_auc_mood/theme---game,0.6532655638852672,1780323073626,91c6d578c3224667a208a9ce24612db6,16,f
avg_train_loss,0.039270920468415405,1780322837951,91c6d578c3224667a208a9ce24612db6,16,f
val_loss_avg,0.06406748717865858,1780323073626,91c6d578c3224667a208a9ce24612db6,16,f
val_loss_std,0.04529344570027136,1780323073626,91c6d578c3224667a208a9ce24612db6,16,f
val_pr_auc_mood/theme---action,0.1627328711938149,1780323073626,91c6d578c3224667a208a9ce24612db6,16,f
val_roc_auc_mood/theme---action,0.6858626294975374,1780323073626,91c6d578c3224667a208a9ce24612db6,16,f
val_pr_auc_mood/theme---adventure,0.05502740930968286,1780323073626,91c6d578c3224667a208a9ce24612db6,16,f
val_roc_auc_mood/theme---adventure,0.6041270759315872,1780323073626,91c6d578c3224667a208a9ce24612db6,16,f
val_pr_auc_mood/theme---advertising,0.1204697988304877,1780323073626,91c6d578c3224667a208a9ce24612db6,16,f
val_roc_auc_mood/theme---advertising,0.744079957564421,1780323073626,91c6d578c3224667a208a9ce24612db6,16,f
val_pr_auc_mood/theme---background,0.01000195130546454,1780323073626,91c6d578c3224667a208a9ce24612db6,16,f
val_roc_auc_mood/theme---background,0.5305785809018567,1780323073626,91c6d578c3224667a208a9ce24612db6,16,f
val_pr_auc_mood/theme---ballad,0.08538592186017527,1780323073626,91c6d578c3224667a208a9ce24612db6,16,f
val_roc_auc_mood/theme---ballad,0.7782613100501031,1780323073626,91c6d578c3224667a208a9ce24612db6,16,f
val_pr_auc_mood/theme---calm,0.035618507552532666,1780323073626,91c6d578c3224667a208a9ce24612db6,16,f
val_roc_auc_mood/theme---calm,0.5620111702791529,1780323073626,91c6d578c3224667a208a9ce24612db6,16,f
val_pr_auc_mood/theme---children,0.0996562950268037,1780323073626,91c6d578c3224667a208a9ce24612db6,16,f
val_roc_auc_mood/theme---children,0.71946965047219,1780323073626,91c6d578c3224667a208a9ce24612db6,16,f
val_pr_auc_mood/theme---christmas,0.12660926695526642,1780323073626,91c6d578c3224667a208a9ce24612db6,16,f
val_roc_auc_mood/theme---christmas,0.7718942118083749,1780323073626,91c6d578c3224667a208a9ce24612db6,16,f
val_pr_auc_mood/theme---commercial,0.07215386282536389,1780323073626,91c6d578c3224667a208a9ce24612db6,16,f
val_roc_auc_mood/theme---commercial,0.7533723778900627,1780323073626,91c6d578c3224667a208a9ce24612db6,16,f
val_pr_auc_mood/theme---cool,0.018203334545840798,1780323073626,91c6d578c3224667a208a9ce24612db6,16,f
val_roc_auc_mood/theme---cool,0.6833161608592482,1780323073626,91c6d578c3224667a208a9ce24612db6,16,f
val_pr_auc_mood/theme---corporate,0.10676307493746404,1780323073626,91c6d578c3224667a208a9ce24612db6,16,f
val_roc_auc_mood/theme---corporate,0.7642347117171828,1780323073626,91c6d578c3224667a208a9ce24612db6,16,f
val_pr_auc_mood/theme---dark,0.10364380586207345,1780323073626,91c6d578c3224667a208a9ce24612db6,16,f
val_roc_auc_mood/theme---dark,0.6099119773160657,1780323073626,91c6d578c3224667a208a9ce24612db6,16,f
val_pr_auc_mood/theme---deep,0.1747964215210204,1780323073626,91c6d578c3224667a208a9ce24612db6,16,f
val_roc_auc_mood/theme---deep,0.7968141565434802,1780323073626,91c6d578c3224667a208a9ce24612db6,16,f
val_pr_auc_mood/theme---documentary,0.04706705699787712,1780323073626,91c6d578c3224667a208a9ce24612db6,16,f
val_roc_auc_mood/theme---documentary,0.6497236567907947,1780323073626,91c6d578c3224667a208a9ce24612db6,16,f
val_pr_auc_mood/theme---drama,0.05453613048888086,1780323073626,91c6d578c3224667a208a9ce24612db6,16,f
val_roc_auc_mood/theme---drama,0.6735841714559386,1780323073626,91c6d578c3224667a208a9ce24612db6,16,f
val_pr_auc_mood/theme---dramatic,0.020844079785018798,1780323073626,91c6d578c3224667a208a9ce24612db6,16,f
val_roc_auc_mood/theme---dramatic,0.7080445235419008,1780323073626,91c6d578c3224667a208a9ce24612db6,16,f
val_pr_auc_mood/theme---dream,0.09090378066186347,1780323073626,91c6d578c3224667a208a9ce24612db6,16,f
val_roc_auc_mood/theme---dream,0.6454173469593438,1780323073626,91c6d578c3224667a208a9ce24612db6,16,f
val_pr_auc_mood/theme---emotional,0.14271480044084792,1780323073626,91c6d578c3224667a208a9ce24612db6,16,f
val_roc_auc_mood/theme---emotional,0.6463213442125761,1780323073626,91c6d578c3224667a208a9ce24612db6,16,f
val_pr_auc_mood/theme---energetic,0.21173073138631876,1780323073626,91c6d578c3224667a208a9ce24612db6,16,f
val_roc_auc_mood/theme---energetic,0.7654083746904976,1780323073626,91c6d578c3224667a208a9ce24612db6,16,f
val_pr_auc_mood/theme---epic,0.3840726708678748,1780323073626,91c6d578c3224667a208a9ce24612db6,16,f
val_roc_auc_mood/theme---epic,0.8813827640454991,1780323073626,91c6d578c3224667a208a9ce24612db6,16,f
val_pr_auc_mood/theme---fast,0.08258214697167493,1780323073626,91c6d578c3224667a208a9ce24612db6,16,f
val_roc_auc_mood/theme---fast,0.8444731910039113,1780323073626,91c6d578c3224667a208a9ce24612db6,16,f
val_pr_auc_mood/theme---film,0.12974165594491205,1780323073626,91c6d578c3224667a208a9ce24612db6,16,f
val_roc_auc_mood/theme---film,0.7022277941731201,1780323073626,91c6d578c3224667a208a9ce24612db6,16,f
val_pr_auc_mood/theme---fun,0.08996080852217558,1780323073626,91c6d578c3224667a208a9ce24612db6,16,f
val_roc_auc_mood/theme---fun,0.6321402948203045,1780323073626,91c6d578c3224667a208a9ce24612db6,16,f
val_pr_auc_mood/theme---funny,0.014204352763970654,1780323073626,91c6d578c3224667a208a9ce24612db6,16,f
val_roc_auc_mood/theme---funny,0.7264976932015601,1780323073626,91c6d578c3224667a208a9ce24612db6,16,f
val_pr_auc_mood/theme---game,0.014818306087058558,1780323073626,91c6d578c3224667a208a9ce24612db6,16,f
val_pr_auc_mood/theme---groovy,0.0986424572413072,1780323073626,91c6d578c3224667a208a9ce24612db6,16,f
val_roc_auc_mood/theme---groovy,0.8286052952093725,1780323073626,91c6d578c3224667a208a9ce24612db6,16,f
val_pr_auc_mood/theme---happy,0.2596111168501452,1780323073626,91c6d578c3224667a208a9ce24612db6,16,f
train_loss,0.039270920468415405,1780322839443,91c6d578c3224667a208a9ce24612db6,16,f
val_roc_auc_mood/theme---happy,0.7165042043210246,1780323073626,91c6d578c3224667a208a9ce24612db6,16,f
val_pr_auc_mood/theme---heavy,0.10699875342783788,1780323073626,91c6d578c3224667a208a9ce24612db6,16,f
val_roc_auc_mood/theme---heavy,0.9217218617590068,1780323073626,91c6d578c3224667a208a9ce24612db6,16,f
val_pr_auc_mood/theme---holiday,0.013870001369892332,1780323073626,91c6d578c3224667a208a9ce24612db6,16,f
val_roc_auc_mood/theme---holiday,0.5341385718078047,1780323073626,91c6d578c3224667a208a9ce24612db6,16,f
val_pr_auc_mood/theme---hopeful,0.018664000566840876,1780323073626,91c6d578c3224667a208a9ce24612db6,16,f
val_roc_auc_mood/theme---hopeful,0.6871938986251255,1780323073626,91c6d578c3224667a208a9ce24612db6,16,f
val_pr_auc_mood/theme---inspiring,0.07919032932665199,1780323073626,91c6d578c3224667a208a9ce24612db6,16,f
val_roc_auc_mood/theme---inspiring,0.6305808943872149,1780323073626,91c6d578c3224667a208a9ce24612db6,16,f
val_pr_auc_mood/theme---love,0.09003065033237803,1780323073626,91c6d578c3224667a208a9ce24612db6,16,f
val_roc_auc_mood/theme---love,0.621251379618437,1780323073626,91c6d578c3224667a208a9ce24612db6,16,f
val_pr_auc_mood/theme---meditative,0.1092224994916758,1780323073626,91c6d578c3224667a208a9ce24612db6,16,f
val_roc_auc_mood/theme---meditative,0.7384804870684287,1780323073626,91c6d578c3224667a208a9ce24612db6,16,f
val_pr_auc_mood/theme---melancholic,0.0502921998700307,1780323073626,91c6d578c3224667a208a9ce24612db6,16,f
val_roc_auc_mood/theme---melancholic,0.6617728538617187,1780323073626,91c6d578c3224667a208a9ce24612db6,16,f
val_pr_auc_mood/theme---melodic,0.1291944256848468,1780323073626,91c6d578c3224667a208a9ce24612db6,16,f
val_roc_auc_mood/theme---melodic,0.609976007191512,1780323073626,91c6d578c3224667a208a9ce24612db6,16,f
val_pr_auc_mood/theme---motivational,0.11316488559761112,1780323073626,91c6d578c3224667a208a9ce24612db6,16,f
val_roc_auc_mood/theme---motivational,0.7842160808514445,1780323073626,91c6d578c3224667a208a9ce24612db6,16,f
val_pr_auc_mood/theme---movie,0.08377069811047895,1780323073626,91c6d578c3224667a208a9ce24612db6,16,f
val_roc_auc_mood/theme---movie,0.7383947013004459,1780323073626,91c6d578c3224667a208a9ce24612db6,16,f
val_pr_auc_mood/theme---nature,0.033238012167212054,1780323073626,91c6d578c3224667a208a9ce24612db6,16,f
val_roc_auc_mood/theme---nature,0.6897511372758899,1780323073626,91c6d578c3224667a208a9ce24612db6,16,f
val_pr_auc_mood/theme---party,0.13442824252276978,1780323073626,91c6d578c3224667a208a9ce24612db6,16,f
val_roc_auc_mood/theme---party,0.8405472732395811,1780323073626,91c6d578c3224667a208a9ce24612db6,16,f
val_pr_auc_mood/theme---positive,0.04887103145433334,1780323073626,91c6d578c3224667a208a9ce24612db6,16,f
val_roc_auc_mood/theme---positive,0.7102310727661851,1780323073626,91c6d578c3224667a208a9ce24612db6,16,f
val_pr_auc_mood/theme---powerful,0.019484234048577423,1780323073626,91c6d578c3224667a208a9ce24612db6,16,f
val_roc_auc_mood/theme---powerful,0.6519024279683825,1780323073626,91c6d578c3224667a208a9ce24612db6,16,f
val_pr_auc_mood/theme---relaxing,0.16471841045443378,1780323073626,91c6d578c3224667a208a9ce24612db6,16,f
val_roc_auc_mood/theme---relaxing,0.7368920414179438,1780323073626,91c6d578c3224667a208a9ce24612db6,16,f
val_pr_auc_mood/theme---retro,0.013017634374927785,1780323073626,91c6d578c3224667a208a9ce24612db6,16,f
val_roc_auc_mood/theme---retro,0.572000181581183,1780323073626,91c6d578c3224667a208a9ce24612db6,16,f
val_pr_auc_mood/theme---romantic,0.04614740032891754,1780323073626,91c6d578c3224667a208a9ce24612db6,16,f
val_roc_auc_mood/theme---romantic,0.661548335449677,1780323073626,91c6d578c3224667a208a9ce24612db6,16,f
val_pr_auc_mood/theme---sad,0.07820583960237852,1780323073626,91c6d578c3224667a208a9ce24612db6,16,f
val_roc_auc_mood/theme---sad,0.7080208827717133,1780323073626,91c6d578c3224667a208a9ce24612db6,16,f
val_pr_auc_mood/theme---sexy,0.020017513756236237,1780323073626,91c6d578c3224667a208a9ce24612db6,16,f
val_roc_auc_mood/theme---sexy,0.7125874878862927,1780323073626,91c6d578c3224667a208a9ce24612db6,16,f
val_pr_auc_mood/theme---slow,0.034870345767487834,1780323073626,91c6d578c3224667a208a9ce24612db6,16,f
val_roc_auc_mood/theme---slow,0.7627744757092457,1780323073626,91c6d578c3224667a208a9ce24612db6,16,f
val_pr_auc_mood/theme---soft,0.04789313691151756,1780323073626,91c6d578c3224667a208a9ce24612db6,16,f
val_roc_auc_mood/theme---soft,0.6600297274768645,1780323073626,91c6d578c3224667a208a9ce24612db6,16,f
val_pr_auc_mood/theme---soundscape,0.02640939733304349,1780323073626,91c6d578c3224667a208a9ce24612db6,16,f
val_roc_auc_mood/theme---soundscape,0.7088201451584352,1780323073626,91c6d578c3224667a208a9ce24612db6,16,f
val_pr_auc_mood/theme---space,0.057356724522089286,1780323073626,91c6d578c3224667a208a9ce24612db6,16,f
val_roc_auc_mood/theme---space,0.7661341056482779,1780323073626,91c6d578c3224667a208a9ce24612db6,16,f
val_pr_auc_mood/theme---sport,0.07216386480104035,1780323073626,91c6d578c3224667a208a9ce24612db6,16,f
val_roc_auc_mood/theme---sport,0.8791249510599026,1780323073626,91c6d578c3224667a208a9ce24612db6,16,f
val_pr_auc_mood/theme---summer,0.17445865060547697,1780323073626,91c6d578c3224667a208a9ce24612db6,16,f
val_roc_auc_mood/theme---summer,0.8195948486975165,1780323073626,91c6d578c3224667a208a9ce24612db6,16,f
val_pr_auc_mood/theme---trailer,0.15296252211451197,1780323073626,91c6d578c3224667a208a9ce24612db6,16,f
val_roc_auc_mood/theme---trailer,0.9023352120226047,1780323073626,91c6d578c3224667a208a9ce24612db6,16,f
val_pr_auc_mood/theme---travel,0.01602804148135875,1780323073626,91c6d578c3224667a208a9ce24612db6,16,f
val_roc_auc_mood/theme---travel,0.5790578421616449,1780323073626,91c6d578c3224667a208a9ce24612db6,16,f
val_pr_auc_mood/theme---upbeat,0.04101047488844041,1780323073626,91c6d578c3224667a208a9ce24612db6,16,f
val_roc_auc_mood/theme---upbeat,0.5474310544133433,1780323073626,91c6d578c3224667a208a9ce24612db6,16,f
stdev_train_loss,0.003976752520415824,1780322839014,91c6d578c3224667a208a9ce24612db6,16,f
val_pr_auc_mood/theme---uplifting,0.06775642392403115,1780323073626,91c6d578c3224667a208a9ce24612db6,16,f
val_roc_auc_mood/theme---uplifting,0.6641222648416893,1780323073626,91c6d578c3224667a208a9ce24612db6,16,f
val_macro_pr_auc,0.08671301717094546,1780323073626,91c6d578c3224667a208a9ce24612db6,16,f
val_macro_roc_auc,0.7067528998778551,1780323073626,91c6d578c3224667a208a9ce24612db6,16,f
val_pr_auc_mood/theme---soundscape,0.0265574141073629,1780324353685,91c6d578c3224667a208a9ce24612db6,17,f
val_roc_auc_mood/theme---summer,0.7934296907619461,1780324353685,91c6d578c3224667a208a9ce24612db6,17,f
val_pr_auc_mood/theme---trailer,0.15827310171031247,1780324353685,91c6d578c3224667a208a9ce24612db6,17,f
val_roc_auc_mood/theme---trailer,0.8890887539118388,1780324353685,91c6d578c3224667a208a9ce24612db6,17,f
val_pr_auc_mood/theme---travel,0.014446702296781844,1780324353685,91c6d578c3224667a208a9ce24612db6,17,f
val_roc_auc_mood/theme---travel,0.5631902641152384,1780324353685,91c6d578c3224667a208a9ce24612db6,17,f
val_roc_auc_mood/theme---soundscape,0.7154732401014928,1780324353685,91c6d578c3224667a208a9ce24612db6,17,f
val_roc_auc_mood/theme---uplifting,0.6813350302558936,1780324353685,91c6d578c3224667a208a9ce24612db6,17,f
val_macro_pr_auc,0.08874791970946251,1780324353685,91c6d578c3224667a208a9ce24612db6,17,f
val_macro_roc_auc,0.7147141996267966,1780324353685,91c6d578c3224667a208a9ce24612db6,17,f
val_pr_auc_mood/theme---uplifting,0.07102089066546369,1780324353685,91c6d578c3224667a208a9ce24612db6,17,f
val_pr_auc_mood/theme---space,0.06187856382994231,1780324353685,91c6d578c3224667a208a9ce24612db6,17,f
val_roc_auc_mood/theme---space,0.7695912586936166,1780324353685,91c6d578c3224667a208a9ce24612db6,17,f
val_pr_auc_mood/theme---sport,0.06542323555291427,1780324353685,91c6d578c3224667a208a9ce24612db6,17,f
val_roc_auc_mood/theme---sport,0.8727417640807651,1780324353685,91c6d578c3224667a208a9ce24612db6,17,f
stdev_train_loss,0.0040563945378741615,1780324078331,91c6d578c3224667a208a9ce24612db6,17,f
avg_train_loss,0.03885540121135666,1780324077823,91c6d578c3224667a208a9ce24612db6,17,f
val_pr_auc_mood/theme---upbeat,0.04447743207329655,1780324353685,91c6d578c3224667a208a9ce24612db6,17,f
val_loss_avg,0.059018402779269355,1780324353685,91c6d578c3224667a208a9ce24612db6,17,f
val_loss_std,0.0365799201617134,1780324353685,91c6d578c3224667a208a9ce24612db6,17,f
val_pr_auc_mood/theme---action,0.15341956713743785,1780324353685,91c6d578c3224667a208a9ce24612db6,17,f
val_roc_auc_mood/theme---action,0.7187374141737634,1780324353685,91c6d578c3224667a208a9ce24612db6,17,f
val_pr_auc_mood/theme---adventure,0.030210794485818718,1780324353685,91c6d578c3224667a208a9ce24612db6,17,f
train_loss,0.03885540121135666,1780324078780,91c6d578c3224667a208a9ce24612db6,17,f
val_roc_auc_mood/theme---adventure,0.5764617587925859,1780324353685,91c6d578c3224667a208a9ce24612db6,17,f
val_pr_auc_mood/theme---advertising,0.13865678877990634,1780324353685,91c6d578c3224667a208a9ce24612db6,17,f
val_roc_auc_mood/theme---advertising,0.7575532538596835,1780324353685,91c6d578c3224667a208a9ce24612db6,17,f
val_pr_auc_mood/theme---background,0.010404787988896633,1780324353685,91c6d578c3224667a208a9ce24612db6,17,f
val_roc_auc_mood/theme---background,0.5376243368700265,1780324353685,91c6d578c3224667a208a9ce24612db6,17,f
val_pr_auc_mood/theme---ballad,0.08131309229082712,1780324353685,91c6d578c3224667a208a9ce24612db6,17,f
val_roc_auc_mood/theme---ballad,0.7891891394046566,1780324353685,91c6d578c3224667a208a9ce24612db6,17,f
val_pr_auc_mood/theme---calm,0.04380305177952694,1780324353685,91c6d578c3224667a208a9ce24612db6,17,f
val_roc_auc_mood/theme---calm,0.6218200066564047,1780324353685,91c6d578c3224667a208a9ce24612db6,17,f
val_pr_auc_mood/theme---children,0.09965505577873127,1780324353685,91c6d578c3224667a208a9ce24612db6,17,f
val_roc_auc_mood/theme---children,0.7272752163586043,1780324353685,91c6d578c3224667a208a9ce24612db6,17,f
val_pr_auc_mood/theme---christmas,0.11760506247126722,1780324353685,91c6d578c3224667a208a9ce24612db6,17,f
val_roc_auc_mood/theme---christmas,0.7783356049182228,1780324353685,91c6d578c3224667a208a9ce24612db6,17,f
val_pr_auc_mood/theme---commercial,0.0915506387214497,1780324353685,91c6d578c3224667a208a9ce24612db6,17,f
val_roc_auc_mood/theme---commercial,0.7825677537896188,1780324353685,91c6d578c3224667a208a9ce24612db6,17,f
val_pr_auc_mood/theme---cool,0.01704404725295025,1780324353685,91c6d578c3224667a208a9ce24612db6,17,f
val_roc_auc_mood/theme---cool,0.691543337080055,1780324353685,91c6d578c3224667a208a9ce24612db6,17,f
val_pr_auc_mood/theme---corporate,0.13310891772110686,1780324353685,91c6d578c3224667a208a9ce24612db6,17,f
val_roc_auc_mood/theme---corporate,0.8106217449713835,1780324353685,91c6d578c3224667a208a9ce24612db6,17,f
val_pr_auc_mood/theme---dark,0.0911531070027487,1780324353685,91c6d578c3224667a208a9ce24612db6,17,f
val_roc_auc_mood/theme---dark,0.5871104532543906,1780324353685,91c6d578c3224667a208a9ce24612db6,17,f
val_pr_auc_mood/theme---deep,0.1587730020155225,1780324353685,91c6d578c3224667a208a9ce24612db6,17,f
val_roc_auc_mood/theme---deep,0.7984408545794073,1780324353685,91c6d578c3224667a208a9ce24612db6,17,f
val_pr_auc_mood/theme---documentary,0.05001801797479141,1780324353685,91c6d578c3224667a208a9ce24612db6,17,f
val_roc_auc_mood/theme---documentary,0.6671439968001203,1780324353685,91c6d578c3224667a208a9ce24612db6,17,f
val_pr_auc_mood/theme---drama,0.0701850411312269,1780324353685,91c6d578c3224667a208a9ce24612db6,17,f
val_roc_auc_mood/theme---drama,0.700134698275862,1780324353685,91c6d578c3224667a208a9ce24612db6,17,f
val_pr_auc_mood/theme---dramatic,0.018559484521962433,1780324353685,91c6d578c3224667a208a9ce24612db6,17,f
val_roc_auc_mood/theme---dramatic,0.6930186087173722,1780324353685,91c6d578c3224667a208a9ce24612db6,17,f
val_pr_auc_mood/theme---dream,0.08529096782202944,1780324353685,91c6d578c3224667a208a9ce24612db6,17,f
val_roc_auc_mood/theme---dream,0.6419557490610281,1780324353685,91c6d578c3224667a208a9ce24612db6,17,f
val_pr_auc_mood/theme---emotional,0.14435931615443237,1780324353685,91c6d578c3224667a208a9ce24612db6,17,f
val_roc_auc_mood/theme---emotional,0.6450146967350074,1780324353685,91c6d578c3224667a208a9ce24612db6,17,f
val_pr_auc_mood/theme---energetic,0.20121974867275214,1780324353685,91c6d578c3224667a208a9ce24612db6,17,f
val_pr_auc_mood/theme---summer,0.1467223440032824,1780324353685,91c6d578c3224667a208a9ce24612db6,17,f
val_roc_auc_mood/theme---energetic,0.7642262833147141,1780324353685,91c6d578c3224667a208a9ce24612db6,17,f
val_pr_auc_mood/theme---epic,0.4193319281662291,1780324353685,91c6d578c3224667a208a9ce24612db6,17,f
val_roc_auc_mood/theme---epic,0.889652332199425,1780324353685,91c6d578c3224667a208a9ce24612db6,17,f
val_pr_auc_mood/theme---fast,0.12299535208574314,1780324353685,91c6d578c3224667a208a9ce24612db6,17,f
val_roc_auc_mood/theme---fast,0.8646104954367667,1780324353685,91c6d578c3224667a208a9ce24612db6,17,f
val_pr_auc_mood/theme---film,0.127886128149068,1780324353685,91c6d578c3224667a208a9ce24612db6,17,f
val_roc_auc_mood/theme---upbeat,0.5749329122285526,1780324353685,91c6d578c3224667a208a9ce24612db6,17,f
val_roc_auc_mood/theme---film,0.7004674521638153,1780324353685,91c6d578c3224667a208a9ce24612db6,17,f
val_pr_auc_mood/theme---fun,0.0897870583748148,1780324353685,91c6d578c3224667a208a9ce24612db6,17,f
val_roc_auc_mood/theme---fun,0.644504108697421,1780324353685,91c6d578c3224667a208a9ce24612db6,17,f
val_pr_auc_mood/theme---funny,0.015448576564518113,1780324353685,91c6d578c3224667a208a9ce24612db6,17,f
val_roc_auc_mood/theme---funny,0.7131976483311665,1780324353685,91c6d578c3224667a208a9ce24612db6,17,f
val_pr_auc_mood/theme---game,0.013486950049746614,1780324353685,91c6d578c3224667a208a9ce24612db6,17,f
val_roc_auc_mood/theme---game,0.636224739243807,1780324353685,91c6d578c3224667a208a9ce24612db6,17,f
val_pr_auc_mood/theme---groovy,0.09235827441707359,1780324353685,91c6d578c3224667a208a9ce24612db6,17,f
val_roc_auc_mood/theme---groovy,0.8315541265514441,1780324353685,91c6d578c3224667a208a9ce24612db6,17,f
val_pr_auc_mood/theme---happy,0.2492726235508672,1780324353685,91c6d578c3224667a208a9ce24612db6,17,f
val_roc_auc_mood/theme---happy,0.7125557334370698,1780324353685,91c6d578c3224667a208a9ce24612db6,17,f
val_pr_auc_mood/theme---heavy,0.1272351369743141,1780324353685,91c6d578c3224667a208a9ce24612db6,17,f
val_roc_auc_mood/theme---heavy,0.9207329329377619,1780324353685,91c6d578c3224667a208a9ce24612db6,17,f
val_pr_auc_mood/theme---holiday,0.020059006176714342,1780324353685,91c6d578c3224667a208a9ce24612db6,17,f
val_roc_auc_mood/theme---holiday,0.5651826007812204,1780324353685,91c6d578c3224667a208a9ce24612db6,17,f
val_pr_auc_mood/theme---hopeful,0.015664952897992187,1780324353685,91c6d578c3224667a208a9ce24612db6,17,f
val_roc_auc_mood/theme---hopeful,0.6800613677937097,1780324353685,91c6d578c3224667a208a9ce24612db6,17,f
val_pr_auc_mood/theme---inspiring,0.09851714994348075,1780324353685,91c6d578c3224667a208a9ce24612db6,17,f
val_roc_auc_mood/theme---inspiring,0.6672713889156316,1780324353685,91c6d578c3224667a208a9ce24612db6,17,f
val_pr_auc_mood/theme---love,0.09899837712348228,1780324353685,91c6d578c3224667a208a9ce24612db6,17,f
val_roc_auc_mood/theme---love,0.6525844852052346,1780324353685,91c6d578c3224667a208a9ce24612db6,17,f
val_pr_auc_mood/theme---meditative,0.12152262077218821,1780324353685,91c6d578c3224667a208a9ce24612db6,17,f
val_roc_auc_mood/theme---meditative,0.7558687207971327,1780324353685,91c6d578c3224667a208a9ce24612db6,17,f
val_pr_auc_mood/theme---melancholic,0.05370065606525979,1780324353685,91c6d578c3224667a208a9ce24612db6,17,f
val_roc_auc_mood/theme---melancholic,0.6880981496261908,1780324353685,91c6d578c3224667a208a9ce24612db6,17,f
val_pr_auc_mood/theme---melodic,0.12731536752599626,1780324353685,91c6d578c3224667a208a9ce24612db6,17,f
val_roc_auc_mood/theme---melodic,0.6057337431313464,1780324353685,91c6d578c3224667a208a9ce24612db6,17,f
val_pr_auc_mood/theme---motivational,0.11427489640029148,1780324353685,91c6d578c3224667a208a9ce24612db6,17,f
val_roc_auc_mood/theme---motivational,0.8106502101779806,1780324353685,91c6d578c3224667a208a9ce24612db6,17,f
val_pr_auc_mood/theme---movie,0.10567998674419764,1780324353685,91c6d578c3224667a208a9ce24612db6,17,f
val_roc_auc_mood/theme---movie,0.754378599855586,1780324353685,91c6d578c3224667a208a9ce24612db6,17,f
val_pr_auc_mood/theme---nature,0.034889593643266326,1780324353685,91c6d578c3224667a208a9ce24612db6,17,f
val_roc_auc_mood/theme---nature,0.7201004507935201,1780324353685,91c6d578c3224667a208a9ce24612db6,17,f
val_pr_auc_mood/theme---party,0.11176907946513173,1780324353685,91c6d578c3224667a208a9ce24612db6,17,f
val_roc_auc_mood/theme---party,0.823530636030636,1780324353685,91c6d578c3224667a208a9ce24612db6,17,f
val_pr_auc_mood/theme---positive,0.04924377217326649,1780324353685,91c6d578c3224667a208a9ce24612db6,17,f
val_roc_auc_mood/theme---positive,0.739528992776886,1780324353685,91c6d578c3224667a208a9ce24612db6,17,f
val_pr_auc_mood/theme---powerful,0.02032417964579735,1780324353685,91c6d578c3224667a208a9ce24612db6,17,f
val_roc_auc_mood/theme---powerful,0.6596481287361532,1780324353685,91c6d578c3224667a208a9ce24612db6,17,f
val_pr_auc_mood/theme---relaxing,0.1670135990279859,1780324353685,91c6d578c3224667a208a9ce24612db6,17,f
val_roc_auc_mood/theme---relaxing,0.7492890477629247,1780324353685,91c6d578c3224667a208a9ce24612db6,17,f
val_pr_auc_mood/theme---retro,0.012968197142209946,1780324353685,91c6d578c3224667a208a9ce24612db6,17,f
val_roc_auc_mood/theme---retro,0.5849378408700333,1780324353685,91c6d578c3224667a208a9ce24612db6,17,f
val_pr_auc_mood/theme---romantic,0.055833953426110285,1780324353685,91c6d578c3224667a208a9ce24612db6,17,f
val_roc_auc_mood/theme---romantic,0.6893322475570033,1780324353685,91c6d578c3224667a208a9ce24612db6,17,f
val_pr_auc_mood/theme---sad,0.0784361066835006,1780324353685,91c6d578c3224667a208a9ce24612db6,17,f
val_roc_auc_mood/theme---sad,0.7141154136073034,1780324353685,91c6d578c3224667a208a9ce24612db6,17,f
val_pr_auc_mood/theme---sexy,0.017158058804829294,1780324353685,91c6d578c3224667a208a9ce24612db6,17,f
val_roc_auc_mood/theme---sexy,0.6975629015469653,1780324353685,91c6d578c3224667a208a9ce24612db6,17,f
val_pr_auc_mood/theme---slow,0.03082339579305428,1780324353685,91c6d578c3224667a208a9ce24612db6,17,f
val_roc_auc_mood/theme---slow,0.7273587422054686,1780324353685,91c6d578c3224667a208a9ce24612db6,17,f
val_pr_auc_mood/theme---soft,0.05275835200002944,1780324353685,91c6d578c3224667a208a9ce24612db6,17,f
val_roc_auc_mood/theme---soft,0.6767041201687535,1780324353685,91c6d578c3224667a208a9ce24612db6,17,f
val_pr_auc_mood/theme---romantic,0.05657013499292493,1780325642088,91c6d578c3224667a208a9ce24612db6,18,f
stdev_train_loss,0.003977300003171483,1780325351476,91c6d578c3224667a208a9ce24612db6,18,f
avg_train_loss,0.03843237758945572,1780325350418,91c6d578c3224667a208a9ce24612db6,18,f
train_loss,0.03843237758945572,1780325351904,91c6d578c3224667a208a9ce24612db6,18,f
val_loss_avg,0.06148273723433937,1780325642088,91c6d578c3224667a208a9ce24612db6,18,f
val_loss_std,0.0399171978599367,1780325642088,91c6d578c3224667a208a9ce24612db6,18,f
val_pr_auc_mood/theme---action,0.1717040117025139,1780325642088,91c6d578c3224667a208a9ce24612db6,18,f
val_roc_auc_mood/theme---action,0.6594123783875585,1780325642088,91c6d578c3224667a208a9ce24612db6,18,f
val_pr_auc_mood/theme---adventure,0.03498423191331833,1780325642088,91c6d578c3224667a208a9ce24612db6,18,f
val_roc_auc_mood/theme---adventure,0.5616066264562506,1780325642088,91c6d578c3224667a208a9ce24612db6,18,f
val_pr_auc_mood/theme---advertising,0.12055535615127842,1780325642088,91c6d578c3224667a208a9ce24612db6,18,f
val_roc_auc_mood/theme---advertising,0.7403426486873819,1780325642088,91c6d578c3224667a208a9ce24612db6,18,f
val_pr_auc_mood/theme---background,0.010957264933121108,1780325642088,91c6d578c3224667a208a9ce24612db6,18,f
val_roc_auc_mood/theme---background,0.5598972148541114,1780325642088,91c6d578c3224667a208a9ce24612db6,18,f
val_pr_auc_mood/theme---ballad,0.08830979352034005,1780325642088,91c6d578c3224667a208a9ce24612db6,18,f
val_roc_auc_mood/theme---ballad,0.8056338417329797,1780325642088,91c6d578c3224667a208a9ce24612db6,18,f
val_pr_auc_mood/theme---calm,0.05514822958529078,1780325642088,91c6d578c3224667a208a9ce24612db6,18,f
val_roc_auc_mood/theme---calm,0.6537629487872862,1780325642088,91c6d578c3224667a208a9ce24612db6,18,f
val_pr_auc_mood/theme---children,0.09999902876489487,1780325642088,91c6d578c3224667a208a9ce24612db6,18,f
val_roc_auc_mood/theme---children,0.7229651567387747,1780325642088,91c6d578c3224667a208a9ce24612db6,18,f
val_pr_auc_mood/theme---christmas,0.09340432822483725,1780325642088,91c6d578c3224667a208a9ce24612db6,18,f
val_roc_auc_mood/theme---christmas,0.7446351931330472,1780325642088,91c6d578c3224667a208a9ce24612db6,18,f
val_pr_auc_mood/theme---commercial,0.0737322103152264,1780325642088,91c6d578c3224667a208a9ce24612db6,18,f
val_roc_auc_mood/theme---commercial,0.7652924513856989,1780325642088,91c6d578c3224667a208a9ce24612db6,18,f
val_pr_auc_mood/theme---cool,0.017819753086557488,1780325642088,91c6d578c3224667a208a9ce24612db6,18,f
val_roc_auc_mood/theme---cool,0.6849319345572623,1780325642088,91c6d578c3224667a208a9ce24612db6,18,f
val_pr_auc_mood/theme---corporate,0.14479666896661403,1780325642088,91c6d578c3224667a208a9ce24612db6,18,f
val_roc_auc_mood/theme---corporate,0.8216106295662415,1780325642088,91c6d578c3224667a208a9ce24612db6,18,f
val_pr_auc_mood/theme---dark,0.11799448189970124,1780325642088,91c6d578c3224667a208a9ce24612db6,18,f
val_roc_auc_mood/theme---dark,0.6365479008996231,1780325642088,91c6d578c3224667a208a9ce24612db6,18,f
val_pr_auc_mood/theme---deep,0.18253525278798063,1780325642088,91c6d578c3224667a208a9ce24612db6,18,f
val_roc_auc_mood/theme---deep,0.803091890968526,1780325642088,91c6d578c3224667a208a9ce24612db6,18,f
val_pr_auc_mood/theme---documentary,0.05489617066443937,1780325642088,91c6d578c3224667a208a9ce24612db6,18,f
val_roc_auc_mood/theme---documentary,0.6903011378578042,1780325642088,91c6d578c3224667a208a9ce24612db6,18,f
val_pr_auc_mood/theme---drama,0.0659791855402986,1780325642088,91c6d578c3224667a208a9ce24612db6,18,f
val_roc_auc_mood/theme---drama,0.6926035680076629,1780325642088,91c6d578c3224667a208a9ce24612db6,18,f
val_pr_auc_mood/theme---dramatic,0.019858943141770755,1780325642088,91c6d578c3224667a208a9ce24612db6,18,f
val_roc_auc_mood/theme---dramatic,0.699434869489197,1780325642088,91c6d578c3224667a208a9ce24612db6,18,f
val_pr_auc_mood/theme---dream,0.09078653537568031,1780325642088,91c6d578c3224667a208a9ce24612db6,18,f
val_roc_auc_mood/theme---dream,0.6585716877305436,1780325642088,91c6d578c3224667a208a9ce24612db6,18,f
val_pr_auc_mood/theme---emotional,0.13911683097543187,1780325642088,91c6d578c3224667a208a9ce24612db6,18,f
val_roc_auc_mood/theme---emotional,0.6231139190073707,1780325642088,91c6d578c3224667a208a9ce24612db6,18,f
val_pr_auc_mood/theme---energetic,0.22183530493981368,1780325642088,91c6d578c3224667a208a9ce24612db6,18,f
val_roc_auc_mood/theme---energetic,0.7539770820982303,1780325642088,91c6d578c3224667a208a9ce24612db6,18,f
val_pr_auc_mood/theme---epic,0.37954346781604326,1780325642088,91c6d578c3224667a208a9ce24612db6,18,f
val_roc_auc_mood/theme---epic,0.8811850851254851,1780325642088,91c6d578c3224667a208a9ce24612db6,18,f
val_pr_auc_mood/theme---fast,0.09148914045699715,1780325642088,91c6d578c3224667a208a9ce24612db6,18,f
val_roc_auc_mood/theme---fast,0.8747351694915254,1780325642088,91c6d578c3224667a208a9ce24612db6,18,f
val_pr_auc_mood/theme---film,0.11728269090876797,1780325642088,91c6d578c3224667a208a9ce24612db6,18,f
val_roc_auc_mood/theme---film,0.7024437689070346,1780325642088,91c6d578c3224667a208a9ce24612db6,18,f
val_pr_auc_mood/theme---fun,0.08488208840976993,1780325642088,91c6d578c3224667a208a9ce24612db6,18,f
val_roc_auc_mood/theme---fun,0.6225353362770986,1780325642088,91c6d578c3224667a208a9ce24612db6,18,f
val_pr_auc_mood/theme---funny,0.016411103266162373,1780325642088,91c6d578c3224667a208a9ce24612db6,18,f
val_roc_auc_mood/theme---funny,0.7295925998366257,1780325642088,91c6d578c3224667a208a9ce24612db6,18,f
val_pr_auc_mood/theme---game,0.013103941034462259,1780325642088,91c6d578c3224667a208a9ce24612db6,18,f
val_roc_auc_mood/theme---game,0.5936583279009127,1780325642088,91c6d578c3224667a208a9ce24612db6,18,f
val_pr_auc_mood/theme---groovy,0.11353104045286547,1780325642088,91c6d578c3224667a208a9ce24612db6,18,f
val_roc_auc_mood/theme---groovy,0.8383054460039439,1780325642088,91c6d578c3224667a208a9ce24612db6,18,f
val_pr_auc_mood/theme---happy,0.2458182922738452,1780325642088,91c6d578c3224667a208a9ce24612db6,18,f
val_roc_auc_mood/theme---happy,0.708931189777964,1780325642088,91c6d578c3224667a208a9ce24612db6,18,f
val_pr_auc_mood/theme---heavy,0.10519793615360352,1780325642088,91c6d578c3224667a208a9ce24612db6,18,f
val_roc_auc_mood/theme---heavy,0.9216093007549627,1780325642088,91c6d578c3224667a208a9ce24612db6,18,f
val_pr_auc_mood/theme---holiday,0.014054436411846533,1780325642088,91c6d578c3224667a208a9ce24612db6,18,f
val_roc_auc_mood/theme---holiday,0.49000341309871437,1780325642088,91c6d578c3224667a208a9ce24612db6,18,f
val_pr_auc_mood/theme---hopeful,0.01544095445491209,1780325642088,91c6d578c3224667a208a9ce24612db6,18,f
val_roc_auc_mood/theme---hopeful,0.6909630023012923,1780325642088,91c6d578c3224667a208a9ce24612db6,18,f
val_pr_auc_mood/theme---inspiring,0.09868245957891947,1780325642088,91c6d578c3224667a208a9ce24612db6,18,f
val_roc_auc_mood/theme---inspiring,0.6566411138923655,1780325642088,91c6d578c3224667a208a9ce24612db6,18,f
val_pr_auc_mood/theme---love,0.09673512849784444,1780325642088,91c6d578c3224667a208a9ce24612db6,18,f
val_roc_auc_mood/theme---love,0.6538340253324223,1780325642088,91c6d578c3224667a208a9ce24612db6,18,f
val_pr_auc_mood/theme---meditative,0.12345302011297803,1780325642088,91c6d578c3224667a208a9ce24612db6,18,f
val_roc_auc_mood/theme---meditative,0.7673170124240661,1780325642088,91c6d578c3224667a208a9ce24612db6,18,f
val_pr_auc_mood/theme---melancholic,0.049701163676997166,1780325642088,91c6d578c3224667a208a9ce24612db6,18,f
val_roc_auc_mood/theme---melancholic,0.6693308046599837,1780325642088,91c6d578c3224667a208a9ce24612db6,18,f
val_pr_auc_mood/theme---melodic,0.12427280356717238,1780325642088,91c6d578c3224667a208a9ce24612db6,18,f
val_roc_auc_mood/theme---melodic,0.5944352827226457,1780325642088,91c6d578c3224667a208a9ce24612db6,18,f
val_pr_auc_mood/theme---motivational,0.10313939364393573,1780325642088,91c6d578c3224667a208a9ce24612db6,18,f
val_roc_auc_mood/theme---motivational,0.7872354887756015,1780325642088,91c6d578c3224667a208a9ce24612db6,18,f
val_pr_auc_mood/theme---movie,0.09500388479686567,1780325642088,91c6d578c3224667a208a9ce24612db6,18,f
val_roc_auc_mood/theme---movie,0.7415420635853541,1780325642088,91c6d578c3224667a208a9ce24612db6,18,f
val_pr_auc_mood/theme---nature,0.03359151569960889,1780325642088,91c6d578c3224667a208a9ce24612db6,18,f
val_roc_auc_mood/theme---nature,0.7003643399683005,1780325642088,91c6d578c3224667a208a9ce24612db6,18,f
val_pr_auc_mood/theme---party,0.11531529412623809,1780325642088,91c6d578c3224667a208a9ce24612db6,18,f
val_roc_auc_mood/theme---party,0.8244511898358053,1780325642088,91c6d578c3224667a208a9ce24612db6,18,f
val_pr_auc_mood/theme---positive,0.05454216250225588,1780325642088,91c6d578c3224667a208a9ce24612db6,18,f
val_roc_auc_mood/theme---positive,0.7417276952915998,1780325642088,91c6d578c3224667a208a9ce24612db6,18,f
val_pr_auc_mood/theme---powerful,0.0209767993186109,1780325642088,91c6d578c3224667a208a9ce24612db6,18,f
val_roc_auc_mood/theme---powerful,0.6598747768932205,1780325642088,91c6d578c3224667a208a9ce24612db6,18,f
val_pr_auc_mood/theme---relaxing,0.1586298261806198,1780325642088,91c6d578c3224667a208a9ce24612db6,18,f
val_roc_auc_mood/theme---relaxing,0.7375468524159108,1780325642088,91c6d578c3224667a208a9ce24612db6,18,f
val_pr_auc_mood/theme---retro,0.013507407063476449,1780325642088,91c6d578c3224667a208a9ce24612db6,18,f
val_roc_auc_mood/theme---retro,0.5849443259122833,1780325642088,91c6d578c3224667a208a9ce24612db6,18,f
val_roc_auc_mood/theme---romantic,0.6734895747069325,1780325642088,91c6d578c3224667a208a9ce24612db6,18,f
val_pr_auc_mood/theme---sad,0.0795993660779523,1780325642088,91c6d578c3224667a208a9ce24612db6,18,f
val_roc_auc_mood/theme---sad,0.7117600528583526,1780325642088,91c6d578c3224667a208a9ce24612db6,18,f
val_pr_auc_mood/theme---sexy,0.017696640946104385,1780325642088,91c6d578c3224667a208a9ce24612db6,18,f
val_roc_auc_mood/theme---sexy,0.7057392053407989,1780325642088,91c6d578c3224667a208a9ce24612db6,18,f
val_pr_auc_mood/theme---slow,0.034130623792556866,1780325642088,91c6d578c3224667a208a9ce24612db6,18,f
val_roc_auc_mood/theme---slow,0.7510128487093414,1780325642088,91c6d578c3224667a208a9ce24612db6,18,f
val_pr_auc_mood/theme---soft,0.04319105349571591,1780325642088,91c6d578c3224667a208a9ce24612db6,18,f
val_roc_auc_mood/theme---soft,0.6327912357103974,1780325642088,91c6d578c3224667a208a9ce24612db6,18,f
val_pr_auc_mood/theme---soundscape,0.027877054284802458,1780325642088,91c6d578c3224667a208a9ce24612db6,18,f
val_roc_auc_mood/theme---soundscape,0.7328730748805098,1780325642088,91c6d578c3224667a208a9ce24612db6,18,f
val_pr_auc_mood/theme---space,0.06619796691922586,1780325642088,91c6d578c3224667a208a9ce24612db6,18,f
val_roc_auc_mood/theme---space,0.782577688099566,1780325642088,91c6d578c3224667a208a9ce24612db6,18,f
val_pr_auc_mood/theme---sport,0.0652006068437585,1780325642088,91c6d578c3224667a208a9ce24612db6,18,f
val_roc_auc_mood/theme---sport,0.8627719671122547,1780325642088,91c6d578c3224667a208a9ce24612db6,18,f
val_pr_auc_mood/theme---summer,0.1507986702081066,1780325642088,91c6d578c3224667a208a9ce24612db6,18,f
val_roc_auc_mood/theme---summer,0.8102463421784359,1780325642088,91c6d578c3224667a208a9ce24612db6,18,f
val_pr_auc_mood/theme---trailer,0.14475514010593404,1780325642088,91c6d578c3224667a208a9ce24612db6,18,f
val_roc_auc_mood/theme---trailer,0.8768804194774651,1780325642088,91c6d578c3224667a208a9ce24612db6,18,f
val_pr_auc_mood/theme---travel,0.014067938575819079,1780325642088,91c6d578c3224667a208a9ce24612db6,18,f
val_roc_auc_mood/theme---travel,0.5486168888018836,1780325642088,91c6d578c3224667a208a9ce24612db6,18,f
val_pr_auc_mood/theme---upbeat,0.047076068619914195,1780325642088,91c6d578c3224667a208a9ce24612db6,18,f
val_roc_auc_mood/theme---upbeat,0.5749597473371315,1780325642088,91c6d578c3224667a208a9ce24612db6,18,f
val_pr_auc_mood/theme---uplifting,0.0683047179376967,1780325642088,91c6d578c3224667a208a9ce24612db6,18,f
val_roc_auc_mood/theme---uplifting,0.6604770237863764,1780325642088,91c6d578c3224667a208a9ce24612db6,18,f
val_macro_pr_auc,0.08757474135168607,1780325642088,91c6d578c3224667a208a9ce24612db6,18,f
val_macro_roc_auc,0.7102702992951807,1780325642088,91c6d578c3224667a208a9ce24612db6,18,f
val_roc_auc_mood/theme---relaxing,0.7411128418491086,1780326430477,91c6d578c3224667a208a9ce24612db6,19,f
val_pr_auc_mood/theme---retro,0.01396385884651493,1780326430477,91c6d578c3224667a208a9ce24612db6,19,f
val_roc_auc_mood/theme---retro,0.5902880007263247,1780326430477,91c6d578c3224667a208a9ce24612db6,19,f
val_pr_auc_mood/theme---romantic,0.0601490157081543,1780326430477,91c6d578c3224667a208a9ce24612db6,19,f
val_roc_auc_mood/theme---romantic,0.7132561327959661,1780326430477,91c6d578c3224667a208a9ce24612db6,19,f
val_pr_auc_mood/theme---sad,0.08443667635133437,1780326430477,91c6d578c3224667a208a9ce24612db6,19,f
val_roc_auc_mood/theme---sad,0.7231655452878826,1780326430477,91c6d578c3224667a208a9ce24612db6,19,f
val_pr_auc_mood/theme---sexy,0.020880989301382356,1780326430477,91c6d578c3224667a208a9ce24612db6,19,f
val_roc_auc_mood/theme---sexy,0.7361544811744015,1780326430477,91c6d578c3224667a208a9ce24612db6,19,f
val_pr_auc_mood/theme---slow,0.030130798959992745,1780326430477,91c6d578c3224667a208a9ce24612db6,19,f
val_roc_auc_mood/theme---slow,0.7280733981892028,1780326430477,91c6d578c3224667a208a9ce24612db6,19,f
val_pr_auc_mood/theme---soft,0.05033764817905027,1780326430477,91c6d578c3224667a208a9ce24612db6,19,f
val_roc_auc_mood/theme---soft,0.672680916575939,1780326430477,91c6d578c3224667a208a9ce24612db6,19,f
val_pr_auc_mood/theme---soundscape,0.029690990498683192,1780326430477,91c6d578c3224667a208a9ce24612db6,19,f
val_roc_auc_mood/theme---soundscape,0.7060615448161917,1780326430477,91c6d578c3224667a208a9ce24612db6,19,f
val_pr_auc_mood/theme---space,0.05937624590660576,1780326430477,91c6d578c3224667a208a9ce24612db6,19,f
val_roc_auc_mood/theme---space,0.7611824768001114,1780326430477,91c6d578c3224667a208a9ce24612db6,19,f
val_pr_auc_mood/theme---sport,0.06361660619361324,1780326430477,91c6d578c3224667a208a9ce24612db6,19,f
val_roc_auc_mood/theme---sport,0.8467965210582247,1780326430477,91c6d578c3224667a208a9ce24612db6,19,f
val_pr_auc_mood/theme---summer,0.12826823217639405,1780326430477,91c6d578c3224667a208a9ce24612db6,19,f
val_roc_auc_mood/theme---summer,0.7929025972679974,1780326430477,91c6d578c3224667a208a9ce24612db6,19,f
val_pr_auc_mood/theme---trailer,0.14407901266881318,1780326430477,91c6d578c3224667a208a9ce24612db6,19,f
val_roc_auc_mood/theme---trailer,0.8815085635765814,1780326430477,91c6d578c3224667a208a9ce24612db6,19,f
val_pr_auc_mood/theme---travel,0.014020618382480738,1780326430477,91c6d578c3224667a208a9ce24612db6,19,f
val_roc_auc_mood/theme---travel,0.5378880569014177,1780326430477,91c6d578c3224667a208a9ce24612db6,19,f
val_pr_auc_mood/theme---upbeat,0.044197569417607094,1780326430477,91c6d578c3224667a208a9ce24612db6,19,f
val_roc_auc_mood/theme---upbeat,0.545077821814879,1780326430477,91c6d578c3224667a208a9ce24612db6,19,f
val_pr_auc_mood/theme---uplifting,0.06614402438504499,1780326430477,91c6d578c3224667a208a9ce24612db6,19,f
val_roc_auc_mood/theme---uplifting,0.6605143403704555,1780326430477,91c6d578c3224667a208a9ce24612db6,19,f
val_macro_pr_auc,0.0888201173017582,1780326430477,91c6d578c3224667a208a9ce24612db6,19,f
val_macro_roc_auc,0.7108420577918665,1780326430477,91c6d578c3224667a208a9ce24612db6,19,f
train_loss,0.038152023403834036,1780326272224,91c6d578c3224667a208a9ce24612db6,19,f
stdev_train_loss,0.004050162652073393,1780326271788,91c6d578c3224667a208a9ce24612db6,19,f
avg_train_loss,0.038152023403834036,1780326270692,91c6d578c3224667a208a9ce24612db6,19,f
val_loss_avg,0.05878755365388039,1780326430477,91c6d578c3224667a208a9ce24612db6,19,f
val_loss_std,0.03507613810990979,1780326430477,91c6d578c3224667a208a9ce24612db6,19,f
val_pr_auc_mood/theme---action,0.18714441607866103,1780326430477,91c6d578c3224667a208a9ce24612db6,19,f
val_roc_auc_mood/theme---action,0.6873571584540359,1780326430477,91c6d578c3224667a208a9ce24612db6,19,f
val_pr_auc_mood/theme---adventure,0.029281516785915833,1780326430477,91c6d578c3224667a208a9ce24612db6,19,f
val_roc_auc_mood/theme---adventure,0.572251370183701,1780326430477,91c6d578c3224667a208a9ce24612db6,19,f
val_pr_auc_mood/theme---advertising,0.10224069271880418,1780326430477,91c6d578c3224667a208a9ce24612db6,19,f
val_roc_auc_mood/theme---advertising,0.705874908102776,1780326430477,91c6d578c3224667a208a9ce24612db6,19,f
val_pr_auc_mood/theme---background,0.008816440231152417,1780326430477,91c6d578c3224667a208a9ce24612db6,19,f
val_roc_auc_mood/theme---background,0.5057692307692307,1780326430477,91c6d578c3224667a208a9ce24612db6,19,f
val_pr_auc_mood/theme---ballad,0.0823645717070719,1780326430477,91c6d578c3224667a208a9ce24612db6,19,f
val_roc_auc_mood/theme---ballad,0.7916482463896257,1780326430477,91c6d578c3224667a208a9ce24612db6,19,f
val_pr_auc_mood/theme---calm,0.05970074769739151,1780326430477,91c6d578c3224667a208a9ce24612db6,19,f
val_roc_auc_mood/theme---calm,0.6678246037359071,1780326430477,91c6d578c3224667a208a9ce24612db6,19,f
val_pr_auc_mood/theme---children,0.10379761817588914,1780326430477,91c6d578c3224667a208a9ce24612db6,19,f
val_roc_auc_mood/theme---children,0.7315213894409243,1780326430477,91c6d578c3224667a208a9ce24612db6,19,f
val_pr_auc_mood/theme---christmas,0.1039044848857906,1780326430477,91c6d578c3224667a208a9ce24612db6,19,f
val_roc_auc_mood/theme---christmas,0.7665982774620114,1780326430477,91c6d578c3224667a208a9ce24612db6,19,f
val_pr_auc_mood/theme---commercial,0.07847417332928838,1780326430477,91c6d578c3224667a208a9ce24612db6,19,f
val_roc_auc_mood/theme---commercial,0.7513550757923748,1780326430477,91c6d578c3224667a208a9ce24612db6,19,f
val_pr_auc_mood/theme---cool,0.014682117634705331,1780326430477,91c6d578c3224667a208a9ce24612db6,19,f
val_roc_auc_mood/theme---cool,0.6250624453603097,1780326430477,91c6d578c3224667a208a9ce24612db6,19,f
val_pr_auc_mood/theme---corporate,0.16265679712098768,1780326430477,91c6d578c3224667a208a9ce24612db6,19,f
val_roc_auc_mood/theme---corporate,0.815001656268978,1780326430477,91c6d578c3224667a208a9ce24612db6,19,f
val_pr_auc_mood/theme---dark,0.10448416267309214,1780326430477,91c6d578c3224667a208a9ce24612db6,19,f
val_roc_auc_mood/theme---dark,0.607948105287786,1780326430477,91c6d578c3224667a208a9ce24612db6,19,f
val_pr_auc_mood/theme---deep,0.1464452426492219,1780326430477,91c6d578c3224667a208a9ce24612db6,19,f
val_roc_auc_mood/theme---deep,0.8049398820546865,1780326430477,91c6d578c3224667a208a9ce24612db6,19,f
val_pr_auc_mood/theme---documentary,0.04759470737771107,1780326430477,91c6d578c3224667a208a9ce24612db6,19,f
val_roc_auc_mood/theme---documentary,0.6671263179062886,1780326430477,91c6d578c3224667a208a9ce24612db6,19,f
val_pr_auc_mood/theme---drama,0.06442508565817362,1780326430477,91c6d578c3224667a208a9ce24612db6,19,f
val_roc_auc_mood/theme---drama,0.693767959770115,1780326430477,91c6d578c3224667a208a9ce24612db6,19,f
val_pr_auc_mood/theme---dramatic,0.021573781584117827,1780326430477,91c6d578c3224667a208a9ce24612db6,19,f
val_roc_auc_mood/theme---dramatic,0.6972648932184339,1780326430477,91c6d578c3224667a208a9ce24612db6,19,f
val_pr_auc_mood/theme---dream,0.09536645226762612,1780326430477,91c6d578c3224667a208a9ce24612db6,19,f
val_roc_auc_mood/theme---dream,0.6820597582525381,1780326430477,91c6d578c3224667a208a9ce24612db6,19,f
val_pr_auc_mood/theme---emotional,0.14207602023044225,1780326430477,91c6d578c3224667a208a9ce24612db6,19,f
val_roc_auc_mood/theme---emotional,0.6452179710781264,1780326430477,91c6d578c3224667a208a9ce24612db6,19,f
val_pr_auc_mood/theme---energetic,0.20859853023605388,1780326430477,91c6d578c3224667a208a9ce24612db6,19,f
val_roc_auc_mood/theme---energetic,0.7619643159923855,1780326430477,91c6d578c3224667a208a9ce24612db6,19,f
val_pr_auc_mood/theme---epic,0.38727182892292555,1780326430477,91c6d578c3224667a208a9ce24612db6,19,f
val_roc_auc_mood/theme---epic,0.879290662142016,1780326430477,91c6d578c3224667a208a9ce24612db6,19,f
val_pr_auc_mood/theme---fast,0.09289870290156331,1780326430477,91c6d578c3224667a208a9ce24612db6,19,f
val_roc_auc_mood/theme---fast,0.8521532757496739,1780326430477,91c6d578c3224667a208a9ce24612db6,19,f
val_pr_auc_mood/theme---film,0.12289957848519367,1780326430477,91c6d578c3224667a208a9ce24612db6,19,f
val_roc_auc_mood/theme---film,0.6987677605934868,1780326430477,91c6d578c3224667a208a9ce24612db6,19,f
val_pr_auc_mood/theme---fun,0.08952077390543783,1780326430477,91c6d578c3224667a208a9ce24612db6,19,f
val_roc_auc_mood/theme---fun,0.6208215915562756,1780326430477,91c6d578c3224667a208a9ce24612db6,19,f
val_pr_auc_mood/theme---funny,0.01483243532622379,1780326430477,91c6d578c3224667a208a9ce24612db6,19,f
val_roc_auc_mood/theme---funny,0.7366683157495082,1780326430477,91c6d578c3224667a208a9ce24612db6,19,f
val_pr_auc_mood/theme---game,0.013322642105663147,1780326430477,91c6d578c3224667a208a9ce24612db6,19,f
val_roc_auc_mood/theme---game,0.6099759615384616,1780326430477,91c6d578c3224667a208a9ce24612db6,19,f
val_pr_auc_mood/theme---groovy,0.10146084937791838,1780326430477,91c6d578c3224667a208a9ce24612db6,19,f
val_roc_auc_mood/theme---groovy,0.8329841375710474,1780326430477,91c6d578c3224667a208a9ce24612db6,19,f
val_pr_auc_mood/theme---happy,0.24762462837203153,1780326430477,91c6d578c3224667a208a9ce24612db6,19,f
val_roc_auc_mood/theme---happy,0.7060031270572745,1780326430477,91c6d578c3224667a208a9ce24612db6,19,f
val_pr_auc_mood/theme---heavy,0.1179599280108052,1780326430477,91c6d578c3224667a208a9ce24612db6,19,f
val_roc_auc_mood/theme---heavy,0.9238042403338238,1780326430477,91c6d578c3224667a208a9ce24612db6,19,f
val_pr_auc_mood/theme---holiday,0.01802940880149947,1780326430477,91c6d578c3224667a208a9ce24612db6,19,f
val_roc_auc_mood/theme---holiday,0.5609048503925063,1780326430477,91c6d578c3224667a208a9ce24612db6,19,f
val_pr_auc_mood/theme---hopeful,0.018542853823274575,1780326430477,91c6d578c3224667a208a9ce24612db6,19,f
val_roc_auc_mood/theme---hopeful,0.7174794948958517,1780326430477,91c6d578c3224667a208a9ce24612db6,19,f
val_pr_auc_mood/theme---inspiring,0.09496020476925666,1780326430477,91c6d578c3224667a208a9ce24612db6,19,f
val_roc_auc_mood/theme---inspiring,0.648925138795289,1780326430477,91c6d578c3224667a208a9ce24612db6,19,f
val_pr_auc_mood/theme---love,0.10694253131242311,1780326430477,91c6d578c3224667a208a9ce24612db6,19,f
val_roc_auc_mood/theme---love,0.6850731854732749,1780326430477,91c6d578c3224667a208a9ce24612db6,19,f
val_pr_auc_mood/theme---meditative,0.1347510613231411,1780326430477,91c6d578c3224667a208a9ce24612db6,19,f
val_roc_auc_mood/theme---meditative,0.7582586860138416,1780326430477,91c6d578c3224667a208a9ce24612db6,19,f
val_pr_auc_mood/theme---melancholic,0.05303348657608738,1780326430477,91c6d578c3224667a208a9ce24612db6,19,f
val_roc_auc_mood/theme---melancholic,0.6770730361898067,1780326430477,91c6d578c3224667a208a9ce24612db6,19,f
val_pr_auc_mood/theme---melodic,0.12533568789051525,1780326430477,91c6d578c3224667a208a9ce24612db6,19,f
val_roc_auc_mood/theme---melodic,0.5963486933731736,1780326430477,91c6d578c3224667a208a9ce24612db6,19,f
val_pr_auc_mood/theme---motivational,0.1076540660722996,1780326430477,91c6d578c3224667a208a9ce24612db6,19,f
val_roc_auc_mood/theme---motivational,0.7798551113496109,1780326430477,91c6d578c3224667a208a9ce24612db6,19,f
val_pr_auc_mood/theme---movie,0.09840980773082941,1780326430477,91c6d578c3224667a208a9ce24612db6,19,f
val_roc_auc_mood/theme---movie,0.7503556375447695,1780326430477,91c6d578c3224667a208a9ce24612db6,19,f
val_pr_auc_mood/theme---nature,0.03300979858007725,1780326430477,91c6d578c3224667a208a9ce24612db6,19,f
val_roc_auc_mood/theme---nature,0.7183343282353184,1780326430477,91c6d578c3224667a208a9ce24612db6,19,f
val_pr_auc_mood/theme---party,0.13478903624231608,1780326430477,91c6d578c3224667a208a9ce24612db6,19,f
val_roc_auc_mood/theme---party,0.8313225236302159,1780326430477,91c6d578c3224667a208a9ce24612db6,19,f
val_pr_auc_mood/theme---positive,0.06537481180405921,1780326430477,91c6d578c3224667a208a9ce24612db6,19,f
val_roc_auc_mood/theme---positive,0.745238931246656,1780326430477,91c6d578c3224667a208a9ce24612db6,19,f
val_pr_auc_mood/theme---powerful,0.020235782995763764,1780326430477,91c6d578c3224667a208a9ce24612db6,19,f
val_roc_auc_mood/theme---powerful,0.6602997421877213,1780326430477,91c6d578c3224667a208a9ce24612db6,19,f
val_pr_auc_mood/theme---relaxing,0.20214681755138564,1780326430477,91c6d578c3224667a208a9ce24612db6,19,f
val_roc_auc_mood/theme---dark,0.5768740733736534,1780327045665,91c6d578c3224667a208a9ce24612db6,20,f
val_pr_auc_mood/theme---deep,0.15427750822900552,1780327045665,91c6d578c3224667a208a9ce24612db6,20,f
val_roc_auc_mood/theme---deep,0.8024784821626155,1780327045665,91c6d578c3224667a208a9ce24612db6,20,f
val_pr_auc_mood/theme---documentary,0.045313683779590705,1780327045665,91c6d578c3224667a208a9ce24612db6,20,f
val_roc_auc_mood/theme---documentary,0.6434366001719273,1780327045665,91c6d578c3224667a208a9ce24612db6,20,f
val_pr_auc_mood/theme---drama,0.06801886544966351,1780327045665,91c6d578c3224667a208a9ce24612db6,20,f
val_roc_auc_mood/theme---drama,0.7073275862068966,1780327045665,91c6d578c3224667a208a9ce24612db6,20,f
val_pr_auc_mood/theme---dramatic,0.01877158709160306,1780327045665,91c6d578c3224667a208a9ce24612db6,20,f
val_roc_auc_mood/theme---dramatic,0.6733951542400398,1780327045665,91c6d578c3224667a208a9ce24612db6,20,f
val_pr_auc_mood/theme---dream,0.09242324291312629,1780327045665,91c6d578c3224667a208a9ce24612db6,20,f
val_roc_auc_mood/theme---dream,0.6653927556388703,1780327045665,91c6d578c3224667a208a9ce24612db6,20,f
val_pr_auc_mood/theme---emotional,0.1445244195529931,1780327045665,91c6d578c3224667a208a9ce24612db6,20,f
val_roc_auc_mood/theme---emotional,0.6299536941046375,1780327045665,91c6d578c3224667a208a9ce24612db6,20,f
val_pr_auc_mood/theme---energetic,0.18554721935374857,1780327045665,91c6d578c3224667a208a9ce24612db6,20,f
val_roc_auc_mood/theme---energetic,0.7416102176948136,1780327045665,91c6d578c3224667a208a9ce24612db6,20,f
val_pr_auc_mood/theme---epic,0.38187458282419384,1780327045665,91c6d578c3224667a208a9ce24612db6,20,f
val_roc_auc_mood/theme---epic,0.8740043983559704,1780327045665,91c6d578c3224667a208a9ce24612db6,20,f
val_pr_auc_mood/theme---fast,0.06517017086170337,1780327045665,91c6d578c3224667a208a9ce24612db6,20,f
val_roc_auc_mood/theme---fast,0.8545061929595829,1780327045665,91c6d578c3224667a208a9ce24612db6,20,f
val_pr_auc_mood/theme---film,0.12208119105215773,1780327045665,91c6d578c3224667a208a9ce24612db6,20,f
val_roc_auc_mood/theme---film,0.6946464893011146,1780327045665,91c6d578c3224667a208a9ce24612db6,20,f
val_pr_auc_mood/theme---fun,0.08551846828316462,1780327045665,91c6d578c3224667a208a9ce24612db6,20,f
val_roc_auc_mood/theme---fun,0.5968668870792375,1780327045665,91c6d578c3224667a208a9ce24612db6,20,f
val_pr_auc_mood/theme---funny,0.015885449942770802,1780327045665,91c6d578c3224667a208a9ce24612db6,20,f
val_roc_auc_mood/theme---funny,0.7375772288505126,1780327045665,91c6d578c3224667a208a9ce24612db6,20,f
val_pr_auc_mood/theme---game,0.023213642990711804,1780327045665,91c6d578c3224667a208a9ce24612db6,20,f
val_roc_auc_mood/theme---game,0.6185116525423728,1780327045665,91c6d578c3224667a208a9ce24612db6,20,f
val_pr_auc_mood/theme---groovy,0.10993516947823401,1780327045665,91c6d578c3224667a208a9ce24612db6,20,f
val_roc_auc_mood/theme---groovy,0.8355831690059158,1780327045665,91c6d578c3224667a208a9ce24612db6,20,f
val_pr_auc_mood/theme---happy,0.24579095502506926,1780327045665,91c6d578c3224667a208a9ce24612db6,20,f
val_roc_auc_mood/theme---happy,0.7046715093662098,1780327045665,91c6d578c3224667a208a9ce24612db6,20,f
val_roc_auc_mood/theme---holiday,0.5709621146042703,1780327045665,91c6d578c3224667a208a9ce24612db6,20,f
val_pr_auc_mood/theme---hopeful,0.017826051699118696,1780327045665,91c6d578c3224667a208a9ce24612db6,20,f
val_roc_auc_mood/theme---hopeful,0.7128769103676167,1780327045665,91c6d578c3224667a208a9ce24612db6,20,f
val_pr_auc_mood/theme---inspiring,0.08972134956478539,1780327045665,91c6d578c3224667a208a9ce24612db6,20,f
val_roc_auc_mood/theme---inspiring,0.652541438015468,1780327045665,91c6d578c3224667a208a9ce24612db6,20,f
val_pr_auc_mood/theme---love,0.09888156802460582,1780327045665,91c6d578c3224667a208a9ce24612db6,20,f
val_roc_auc_mood/theme---love,0.6587323277447839,1780327045665,91c6d578c3224667a208a9ce24612db6,20,f
val_pr_auc_mood/theme---meditative,0.12414050134945237,1780327045665,91c6d578c3224667a208a9ce24612db6,20,f
val_roc_auc_mood/theme---meditative,0.7459847390229631,1780327045665,91c6d578c3224667a208a9ce24612db6,20,f
val_pr_auc_mood/theme---melancholic,0.05465693235694427,1780327045665,91c6d578c3224667a208a9ce24612db6,20,f
val_roc_auc_mood/theme---melancholic,0.6815567938569834,1780327045665,91c6d578c3224667a208a9ce24612db6,20,f
val_pr_auc_mood/theme---melodic,0.12167910576944911,1780327045665,91c6d578c3224667a208a9ce24612db6,20,f
val_roc_auc_mood/theme---melodic,0.5906021308652605,1780327045665,91c6d578c3224667a208a9ce24612db6,20,f
val_pr_auc_mood/theme---motivational,0.12651786026740164,1780327045665,91c6d578c3224667a208a9ce24612db6,20,f
val_roc_auc_mood/theme---motivational,0.7936535193632054,1780327045665,91c6d578c3224667a208a9ce24612db6,20,f
val_pr_auc_mood/theme---movie,0.09365702201538177,1780327045665,91c6d578c3224667a208a9ce24612db6,20,f
val_roc_auc_mood/theme---movie,0.7432740724037259,1780327045665,91c6d578c3224667a208a9ce24612db6,20,f
val_pr_auc_mood/theme---nature,0.03509162820912163,1780327045665,91c6d578c3224667a208a9ce24612db6,20,f
val_roc_auc_mood/theme---nature,0.7073835450073075,1780327045665,91c6d578c3224667a208a9ce24612db6,20,f
val_pr_auc_mood/theme---party,0.11131790888296546,1780327045665,91c6d578c3224667a208a9ce24612db6,20,f
val_roc_auc_mood/theme---party,0.8203207049360897,1780327045665,91c6d578c3224667a208a9ce24612db6,20,f
val_pr_auc_mood/theme---positive,0.06181710781029916,1780327045665,91c6d578c3224667a208a9ce24612db6,20,f
val_roc_auc_mood/theme---positive,0.7523742643124666,1780327045665,91c6d578c3224667a208a9ce24612db6,20,f
val_pr_auc_mood/theme---powerful,0.021132209707083096,1780327045665,91c6d578c3224667a208a9ce24612db6,20,f
val_roc_auc_mood/theme---powerful,0.6569736804827605,1780327045665,91c6d578c3224667a208a9ce24612db6,20,f
val_pr_auc_mood/theme---relaxing,0.17158636699477503,1780327045665,91c6d578c3224667a208a9ce24612db6,20,f
val_roc_auc_mood/theme---relaxing,0.7252861161694933,1780327045665,91c6d578c3224667a208a9ce24612db6,20,f
val_pr_auc_mood/theme---retro,0.013573885119780074,1780327045665,91c6d578c3224667a208a9ce24612db6,20,f
val_pr_auc_mood/theme---romantic,0.05327851322982426,1780327045665,91c6d578c3224667a208a9ce24612db6,20,f
val_pr_auc_mood/theme---heavy,0.10240805907777141,1780327045665,91c6d578c3224667a208a9ce24612db6,20,f
val_macro_roc_auc,0.7040323135693305,1780327045665,91c6d578c3224667a208a9ce24612db6,20,f
val_macro_pr_auc,0.08519555519193456,1780327045665,91c6d578c3224667a208a9ce24612db6,20,f
val_roc_auc_mood/theme---uplifting,0.644967073024627,1780327045665,91c6d578c3224667a208a9ce24612db6,20,f
val_pr_auc_mood/theme---uplifting,0.06739801228114714,1780327045665,91c6d578c3224667a208a9ce24612db6,20,f
val_roc_auc_mood/theme---upbeat,0.5503684666831806,1780327045665,91c6d578c3224667a208a9ce24612db6,20,f
val_pr_auc_mood/theme---upbeat,0.0442731256437118,1780327045665,91c6d578c3224667a208a9ce24612db6,20,f
val_roc_auc_mood/theme---travel,0.5336846169323045,1780327045665,91c6d578c3224667a208a9ce24612db6,20,f
val_pr_auc_mood/theme---travel,0.013365269085292284,1780327045665,91c6d578c3224667a208a9ce24612db6,20,f
val_roc_auc_mood/theme---trailer,0.885974382882662,1780327045665,91c6d578c3224667a208a9ce24612db6,20,f
val_pr_auc_mood/theme---trailer,0.1341627425370885,1780327045665,91c6d578c3224667a208a9ce24612db6,20,f
val_roc_auc_mood/theme---summer,0.7926449729198315,1780327045665,91c6d578c3224667a208a9ce24612db6,20,f
val_pr_auc_mood/theme---summer,0.12920622797606338,1780327045665,91c6d578c3224667a208a9ce24612db6,20,f
val_roc_auc_mood/theme---sport,0.8250601264052799,1780327045665,91c6d578c3224667a208a9ce24612db6,20,f
val_pr_auc_mood/theme---sport,0.041714448349500034,1780327045665,91c6d578c3224667a208a9ce24612db6,20,f
val_roc_auc_mood/theme---space,0.7656267666269492,1780327045665,91c6d578c3224667a208a9ce24612db6,20,f
val_pr_auc_mood/theme---space,0.06161696210192787,1780327045665,91c6d578c3224667a208a9ce24612db6,20,f
val_roc_auc_mood/theme---soundscape,0.704424086859031,1780327045665,91c6d578c3224667a208a9ce24612db6,20,f
val_pr_auc_mood/theme---soundscape,0.025738980388150697,1780327045665,91c6d578c3224667a208a9ce24612db6,20,f
val_roc_auc_mood/theme---soft,0.6438210227272727,1780327045665,91c6d578c3224667a208a9ce24612db6,20,f
val_pr_auc_mood/theme---soft,0.04506597739506325,1780327045665,91c6d578c3224667a208a9ce24612db6,20,f
val_roc_auc_mood/theme---slow,0.7316819076281977,1780327045665,91c6d578c3224667a208a9ce24612db6,20,f
val_pr_auc_mood/theme---slow,0.03168113586579864,1780327045665,91c6d578c3224667a208a9ce24612db6,20,f
val_roc_auc_mood/theme---sexy,0.7339722192311834,1780327045665,91c6d578c3224667a208a9ce24612db6,20,f
val_pr_auc_mood/theme---sexy,0.021426156148948532,1780327045665,91c6d578c3224667a208a9ce24612db6,20,f
val_roc_auc_mood/theme---sad,0.7236922676047163,1780327045665,91c6d578c3224667a208a9ce24612db6,20,f
val_pr_auc_mood/theme---sad,0.08036273361618151,1780327045665,91c6d578c3224667a208a9ce24612db6,20,f
train_loss,0.03777362904310634,1780326885039,91c6d578c3224667a208a9ce24612db6,20,f
val_roc_auc_mood/theme---romantic,0.6636830821325382,1780327045665,91c6d578c3224667a208a9ce24612db6,20,f
avg_train_loss,0.03777362904310634,1780326883544,91c6d578c3224667a208a9ce24612db6,20,f
stdev_train_loss,0.003949218148780628,1780326884610,91c6d578c3224667a208a9ce24612db6,20,f
val_roc_auc_mood/theme---retro,0.5646266885428759,1780327045665,91c6d578c3224667a208a9ce24612db6,20,f
val_roc_auc_mood/theme---heavy,0.9195188821084285,1780327045665,91c6d578c3224667a208a9ce24612db6,20,f
val_pr_auc_mood/theme---holiday,0.018860648706782335,1780327045665,91c6d578c3224667a208a9ce24612db6,20,f
val_loss_avg,0.06318448684010815,1780327045665,91c6d578c3224667a208a9ce24612db6,20,f
val_loss_std,0.042326728118658424,1780327045665,91c6d578c3224667a208a9ce24612db6,20,f
val_pr_auc_mood/theme---action,0.15485661491780023,1780327045665,91c6d578c3224667a208a9ce24612db6,20,f
val_roc_auc_mood/theme---action,0.6905548681369337,1780327045665,91c6d578c3224667a208a9ce24612db6,20,f
val_pr_auc_mood/theme---adventure,0.03243485776657576,1780327045665,91c6d578c3224667a208a9ce24612db6,20,f
val_roc_auc_mood/theme---adventure,0.5844005618441709,1780327045665,91c6d578c3224667a208a9ce24612db6,20,f
val_pr_auc_mood/theme---advertising,0.11746905536708299,1780327045665,91c6d578c3224667a208a9ce24612db6,20,f
val_roc_auc_mood/theme---advertising,0.7303553979731428,1780327045665,91c6d578c3224667a208a9ce24612db6,20,f
val_pr_auc_mood/theme---background,0.008424406666258127,1780327045665,91c6d578c3224667a208a9ce24612db6,20,f
val_roc_auc_mood/theme---background,0.4769893899204244,1780327045665,91c6d578c3224667a208a9ce24612db6,20,f
val_pr_auc_mood/theme---ballad,0.08739469104855711,1780327045665,91c6d578c3224667a208a9ce24612db6,20,f
val_roc_auc_mood/theme---ballad,0.7738910993221337,1780327045665,91c6d578c3224667a208a9ce24612db6,20,f
val_pr_auc_mood/theme---calm,0.04767755287751997,1780327045665,91c6d578c3224667a208a9ce24612db6,20,f
val_roc_auc_mood/theme---calm,0.6393762740774639,1780327045665,91c6d578c3224667a208a9ce24612db6,20,f
val_pr_auc_mood/theme---children,0.09502234390243436,1780327045665,91c6d578c3224667a208a9ce24612db6,20,f
val_roc_auc_mood/theme---children,0.7176306308567413,1780327045665,91c6d578c3224667a208a9ce24612db6,20,f
val_pr_auc_mood/theme---christmas,0.1263833400218968,1780327045665,91c6d578c3224667a208a9ce24612db6,20,f
val_roc_auc_mood/theme---christmas,0.769146560723814,1780327045665,91c6d578c3224667a208a9ce24612db6,20,f
val_pr_auc_mood/theme---commercial,0.06912710980862392,1780327045665,91c6d578c3224667a208a9ce24612db6,20,f
val_roc_auc_mood/theme---commercial,0.763883785025264,1780327045665,91c6d578c3224667a208a9ce24612db6,20,f
val_pr_auc_mood/theme---cool,0.01749687202771813,1780327045665,91c6d578c3224667a208a9ce24612db6,20,f
val_roc_auc_mood/theme---cool,0.639932246784064,1780327045665,91c6d578c3224667a208a9ce24612db6,20,f
val_pr_auc_mood/theme---corporate,0.14581961868601523,1780327045665,91c6d578c3224667a208a9ce24612db6,20,f
val_roc_auc_mood/theme---corporate,0.7865437347025158,1780327045665,91c6d578c3224667a208a9ce24612db6,20,f
val_pr_auc_mood/theme---dark,0.09833998065570192,1780327045665,91c6d578c3224667a208a9ce24612db6,20,f
val_pr_auc_mood/theme---documentary,0.04841737234292576,1780327661201,91c6d578c3224667a208a9ce24612db6,21,f
avg_train_loss,0.03735509349598902,1780327500728,91c6d578c3224667a208a9ce24612db6,21,f
val_loss_avg,0.05898813248688293,1780327661201,91c6d578c3224667a208a9ce24612db6,21,f
val_loss_std,0.035597710819944235,1780327661201,91c6d578c3224667a208a9ce24612db6,21,f
val_pr_auc_mood/theme---action,0.1647111682848437,1780327661201,91c6d578c3224667a208a9ce24612db6,21,f
val_roc_auc_mood/theme---action,0.6948637698037217,1780327661201,91c6d578c3224667a208a9ce24612db6,21,f
val_pr_auc_mood/theme---adventure,0.03374435582875319,1780327661201,91c6d578c3224667a208a9ce24612db6,21,f
val_roc_auc_mood/theme---adventure,0.5675142526646286,1780327661201,91c6d578c3224667a208a9ce24612db6,21,f
val_pr_auc_mood/theme---advertising,0.12330850592388713,1780327661201,91c6d578c3224667a208a9ce24612db6,21,f
val_roc_auc_mood/theme---advertising,0.7450440641372829,1780327661201,91c6d578c3224667a208a9ce24612db6,21,f
val_pr_auc_mood/theme---background,0.009173489836879985,1780327661201,91c6d578c3224667a208a9ce24612db6,21,f
val_roc_auc_mood/theme---background,0.4976707559681698,1780327661201,91c6d578c3224667a208a9ce24612db6,21,f
val_pr_auc_mood/theme---ballad,0.08189939380070141,1780327661201,91c6d578c3224667a208a9ce24612db6,21,f
val_roc_auc_mood/theme---ballad,0.7638612584733274,1780327661201,91c6d578c3224667a208a9ce24612db6,21,f
val_pr_auc_mood/theme---calm,0.09859160241522158,1780327661201,91c6d578c3224667a208a9ce24612db6,21,f
val_roc_auc_mood/theme---calm,0.7218194866247868,1780327661201,91c6d578c3224667a208a9ce24612db6,21,f
val_pr_auc_mood/theme---children,0.12095854116741862,1780327661201,91c6d578c3224667a208a9ce24612db6,21,f
val_roc_auc_mood/theme---children,0.730944128941286,1780327661201,91c6d578c3224667a208a9ce24612db6,21,f
val_pr_auc_mood/theme---christmas,0.1052898492243521,1780327661201,91c6d578c3224667a208a9ce24612db6,21,f
val_roc_auc_mood/theme---christmas,0.7919578645168774,1780327661201,91c6d578c3224667a208a9ce24612db6,21,f
val_pr_auc_mood/theme---commercial,0.07971440600741331,1780327661201,91c6d578c3224667a208a9ce24612db6,21,f
val_roc_auc_mood/theme---commercial,0.752491961414791,1780327661201,91c6d578c3224667a208a9ce24612db6,21,f
val_pr_auc_mood/theme---cool,0.016670219766884667,1780327661201,91c6d578c3224667a208a9ce24612db6,21,f
val_roc_auc_mood/theme---cool,0.6662841888347696,1780327661201,91c6d578c3224667a208a9ce24612db6,21,f
val_pr_auc_mood/theme---corporate,0.13621147273445197,1780327661201,91c6d578c3224667a208a9ce24612db6,21,f
val_roc_auc_mood/theme---corporate,0.7891707613316402,1780327661201,91c6d578c3224667a208a9ce24612db6,21,f
val_pr_auc_mood/theme---dark,0.10060023794027595,1780327661201,91c6d578c3224667a208a9ce24612db6,21,f
val_roc_auc_mood/theme---dark,0.5848035097545039,1780327661201,91c6d578c3224667a208a9ce24612db6,21,f
val_pr_auc_mood/theme---deep,0.17575892579301255,1780327661201,91c6d578c3224667a208a9ce24612db6,21,f
val_roc_auc_mood/theme---deep,0.7990697927221763,1780327661201,91c6d578c3224667a208a9ce24612db6,21,f
val_roc_auc_mood/theme---documentary,0.6594382089512659,1780327661201,91c6d578c3224667a208a9ce24612db6,21,f
val_pr_auc_mood/theme---drama,0.053185572639572166,1780327661201,91c6d578c3224667a208a9ce24612db6,21,f
val_roc_auc_mood/theme---drama,0.6609554597701148,1780327661201,91c6d578c3224667a208a9ce24612db6,21,f
val_pr_auc_mood/theme---dramatic,0.020988460792962307,1780327661201,91c6d578c3224667a208a9ce24612db6,21,f
val_roc_auc_mood/theme---dramatic,0.7153740477082553,1780327661201,91c6d578c3224667a208a9ce24612db6,21,f
val_pr_auc_mood/theme---dream,0.08887804664870169,1780327661201,91c6d578c3224667a208a9ce24612db6,21,f
val_roc_auc_mood/theme---dream,0.6520717851551739,1780327661201,91c6d578c3224667a208a9ce24612db6,21,f
val_pr_auc_mood/theme---emotional,0.1282562197290794,1780327661201,91c6d578c3224667a208a9ce24612db6,21,f
val_roc_auc_mood/theme---emotional,0.6393067531802271,1780327661201,91c6d578c3224667a208a9ce24612db6,21,f
val_pr_auc_mood/theme---energetic,0.2047975178075231,1780327661201,91c6d578c3224667a208a9ce24612db6,21,f
val_roc_auc_mood/theme---energetic,0.7625210894481209,1780327661201,91c6d578c3224667a208a9ce24612db6,21,f
val_pr_auc_mood/theme---epic,0.40090144516879683,1780327661201,91c6d578c3224667a208a9ce24612db6,21,f
val_roc_auc_mood/theme---epic,0.8916900723999045,1780327661201,91c6d578c3224667a208a9ce24612db6,21,f
val_pr_auc_mood/theme---fast,0.08600896274833433,1780327661201,91c6d578c3224667a208a9ce24612db6,21,f
val_roc_auc_mood/theme---fast,0.8532533409387223,1780327661201,91c6d578c3224667a208a9ce24612db6,21,f
val_pr_auc_mood/theme---film,0.1342173055108541,1780327661201,91c6d578c3224667a208a9ce24612db6,21,f
val_roc_auc_mood/theme---film,0.7102218178859623,1780327661201,91c6d578c3224667a208a9ce24612db6,21,f
val_pr_auc_mood/theme---fun,0.09775128596022584,1780327661201,91c6d578c3224667a208a9ce24612db6,21,f
val_roc_auc_mood/theme---fun,0.6499404590202735,1780327661201,91c6d578c3224667a208a9ce24612db6,21,f
val_pr_auc_mood/theme---funny,0.01693292103537012,1780327661201,91c6d578c3224667a208a9ce24612db6,21,f
val_roc_auc_mood/theme---funny,0.7444458506391154,1780327661201,91c6d578c3224667a208a9ce24612db6,21,f
val_pr_auc_mood/theme---game,0.01440452678613292,1780327661201,91c6d578c3224667a208a9ce24612db6,21,f
val_roc_auc_mood/theme---game,0.6421732398956975,1780327661201,91c6d578c3224667a208a9ce24612db6,21,f
val_pr_auc_mood/theme---groovy,0.11263683245145018,1780327661201,91c6d578c3224667a208a9ce24612db6,21,f
val_roc_auc_mood/theme---groovy,0.8358514093492634,1780327661201,91c6d578c3224667a208a9ce24612db6,21,f
val_pr_auc_mood/theme---happy,0.24431593565207146,1780327661201,91c6d578c3224667a208a9ce24612db6,21,f
val_roc_auc_mood/theme---happy,0.7202375965048775,1780327661201,91c6d578c3224667a208a9ce24612db6,21,f
val_pr_auc_mood/theme---heavy,0.11204828256808014,1780327661201,91c6d578c3224667a208a9ce24612db6,21,f
val_roc_auc_mood/theme---heavy,0.9230404335206671,1780327661201,91c6d578c3224667a208a9ce24612db6,21,f
train_loss,0.03735509349598902,1780327502251,91c6d578c3224667a208a9ce24612db6,21,f
stdev_train_loss,0.004035387627956694,1780327501815,91c6d578c3224667a208a9ce24612db6,21,f
val_pr_auc_mood/theme---holiday,0.01756581014875223,1780327661201,91c6d578c3224667a208a9ce24612db6,21,f
val_roc_auc_mood/theme---holiday,0.5571959497895256,1780327661201,91c6d578c3224667a208a9ce24612db6,21,f
val_pr_auc_mood/theme---hopeful,0.02013933758889147,1780327661201,91c6d578c3224667a208a9ce24612db6,21,f
val_roc_auc_mood/theme---hopeful,0.7252832359709682,1780327661201,91c6d578c3224667a208a9ce24612db6,21,f
val_pr_auc_mood/theme---inspiring,0.08550891026180558,1780327661201,91c6d578c3224667a208a9ce24612db6,21,f
val_roc_auc_mood/theme---inspiring,0.6640301578896697,1780327661201,91c6d578c3224667a208a9ce24612db6,21,f
val_pr_auc_mood/theme---love,0.11547560143351641,1780327661201,91c6d578c3224667a208a9ce24612db6,21,f
val_roc_auc_mood/theme---love,0.693133441950912,1780327661201,91c6d578c3224667a208a9ce24612db6,21,f
val_pr_auc_mood/theme---meditative,0.11706264231819587,1780327661201,91c6d578c3224667a208a9ce24612db6,21,f
val_roc_auc_mood/theme---meditative,0.7394511438909179,1780327661201,91c6d578c3224667a208a9ce24612db6,21,f
val_pr_auc_mood/theme---melancholic,0.05666683740607345,1780327661201,91c6d578c3224667a208a9ce24612db6,21,f
val_roc_auc_mood/theme---melancholic,0.6949079938784626,1780327661201,91c6d578c3224667a208a9ce24612db6,21,f
val_pr_auc_mood/theme---melodic,0.1334692143964291,1780327661201,91c6d578c3224667a208a9ce24612db6,21,f
val_roc_auc_mood/theme---melodic,0.6165981647717201,1780327661201,91c6d578c3224667a208a9ce24612db6,21,f
val_pr_auc_mood/theme---motivational,0.09727451791644243,1780327661201,91c6d578c3224667a208a9ce24612db6,21,f
val_roc_auc_mood/theme---motivational,0.7746534299257669,1780327661201,91c6d578c3224667a208a9ce24612db6,21,f
val_pr_auc_mood/theme---movie,0.10008440119448293,1780327661201,91c6d578c3224667a208a9ce24612db6,21,f
val_roc_auc_mood/theme---movie,0.7582624257239294,1780327661201,91c6d578c3224667a208a9ce24612db6,21,f
val_pr_auc_mood/theme---nature,0.03201969052692387,1780327661201,91c6d578c3224667a208a9ce24612db6,21,f
val_roc_auc_mood/theme---nature,0.7039995059797038,1780327661201,91c6d578c3224667a208a9ce24612db6,21,f
val_pr_auc_mood/theme---party,0.10873075881893662,1780327661201,91c6d578c3224667a208a9ce24612db6,21,f
val_roc_auc_mood/theme---party,0.8173685289069904,1780327661201,91c6d578c3224667a208a9ce24612db6,21,f
val_pr_auc_mood/theme---positive,0.07131913660948175,1780327661201,91c6d578c3224667a208a9ce24612db6,21,f
val_roc_auc_mood/theme---positive,0.7499874598715891,1780327661201,91c6d578c3224667a208a9ce24612db6,21,f
val_pr_auc_mood/theme---powerful,0.020912760685203487,1780327661201,91c6d578c3224667a208a9ce24612db6,21,f
val_roc_auc_mood/theme---powerful,0.6690483610505141,1780327661201,91c6d578c3224667a208a9ce24612db6,21,f
val_pr_auc_mood/theme---relaxing,0.15034190583757356,1780327661201,91c6d578c3224667a208a9ce24612db6,21,f
val_roc_auc_mood/theme---relaxing,0.7098176736703713,1780327661201,91c6d578c3224667a208a9ce24612db6,21,f
val_pr_auc_mood/theme---retro,0.01306873925335142,1780327661201,91c6d578c3224667a208a9ce24612db6,21,f
val_roc_auc_mood/theme---retro,0.5768250530152204,1780327661201,91c6d578c3224667a208a9ce24612db6,21,f
val_pr_auc_mood/theme---romantic,0.06320309278633077,1780327661201,91c6d578c3224667a208a9ce24612db6,21,f
val_roc_auc_mood/theme---romantic,0.727727782991958,1780327661201,91c6d578c3224667a208a9ce24612db6,21,f
val_pr_auc_mood/theme---sad,0.09261763433388816,1780327661201,91c6d578c3224667a208a9ce24612db6,21,f
val_roc_auc_mood/theme---sad,0.7317550275924323,1780327661201,91c6d578c3224667a208a9ce24612db6,21,f
val_pr_auc_mood/theme---sexy,0.021222280806385597,1780327661201,91c6d578c3224667a208a9ce24612db6,21,f
val_roc_auc_mood/theme---sexy,0.7320699185241017,1780327661201,91c6d578c3224667a208a9ce24612db6,21,f
val_pr_auc_mood/theme---slow,0.02715671492910976,1780327661201,91c6d578c3224667a208a9ce24612db6,21,f
val_roc_auc_mood/theme---slow,0.7219182977095779,1780327661201,91c6d578c3224667a208a9ce24612db6,21,f
val_pr_auc_mood/theme---soft,0.049793968820639634,1780327661201,91c6d578c3224667a208a9ce24612db6,21,f
val_roc_auc_mood/theme---soft,0.6737866596352748,1780327661201,91c6d578c3224667a208a9ce24612db6,21,f
val_pr_auc_mood/theme---soundscape,0.026959000547843615,1780327661201,91c6d578c3224667a208a9ce24612db6,21,f
val_roc_auc_mood/theme---soundscape,0.714794653921048,1780327661201,91c6d578c3224667a208a9ce24612db6,21,f
val_pr_auc_mood/theme---space,0.06197590779061968,1780327661201,91c6d578c3224667a208a9ce24612db6,21,f
val_roc_auc_mood/theme---space,0.7708741016475473,1780327661201,91c6d578c3224667a208a9ce24612db6,21,f
val_pr_auc_mood/theme---sport,0.058956332590689185,1780327661201,91c6d578c3224667a208a9ce24612db6,21,f
val_roc_auc_mood/theme---sport,0.8708540746126741,1780327661201,91c6d578c3224667a208a9ce24612db6,21,f
val_pr_auc_mood/theme---summer,0.11393818253417454,1780327661201,91c6d578c3224667a208a9ce24612db6,21,f
val_roc_auc_mood/theme---summer,0.7679041518976848,1780327661201,91c6d578c3224667a208a9ce24612db6,21,f
val_pr_auc_mood/theme---trailer,0.1506423589871326,1780327661201,91c6d578c3224667a208a9ce24612db6,21,f
val_roc_auc_mood/theme---trailer,0.9027806614546566,1780327661201,91c6d578c3224667a208a9ce24612db6,21,f
val_pr_auc_mood/theme---travel,0.01306775821670237,1780327661201,91c6d578c3224667a208a9ce24612db6,21,f
val_roc_auc_mood/theme---travel,0.5280129637786369,1780327661201,91c6d578c3224667a208a9ce24612db6,21,f
val_pr_auc_mood/theme---upbeat,0.04695613806085329,1780327661201,91c6d578c3224667a208a9ce24612db6,21,f
val_roc_auc_mood/theme---upbeat,0.6015822392865989,1780327661201,91c6d578c3224667a208a9ce24612db6,21,f
val_pr_auc_mood/theme---uplifting,0.06744285626750869,1780327661201,91c6d578c3224667a208a9ce24612db6,21,f
val_roc_auc_mood/theme---uplifting,0.6797814819397553,1780327661201,91c6d578c3224667a208a9ce24612db6,21,f
val_macro_pr_auc,0.0882847383506092,1780327661201,91c6d578c3224667a208a9ce24612db6,21,f
val_macro_roc_auc,0.7150075339434608,1780327661201,91c6d578c3224667a208a9ce24612db6,21,f
val_roc_auc_mood/theme---nature,0.6741442127580742,1780328274059,91c6d578c3224667a208a9ce24612db6,22,f
val_pr_auc_mood/theme---party,0.13631283671339095,1780328274059,91c6d578c3224667a208a9ce24612db6,22,f
val_roc_auc_mood/theme---party,0.8357924127154895,1780328274059,91c6d578c3224667a208a9ce24612db6,22,f
val_pr_auc_mood/theme---positive,0.054440053348785274,1780328274059,91c6d578c3224667a208a9ce24612db6,22,f
val_roc_auc_mood/theme---positive,0.7291624866238631,1780328274059,91c6d578c3224667a208a9ce24612db6,22,f
val_pr_auc_mood/theme---powerful,0.020980938947602036,1780328274059,91c6d578c3224667a208a9ce24612db6,22,f
val_roc_auc_mood/theme---powerful,0.6588661925942715,1780328274059,91c6d578c3224667a208a9ce24612db6,22,f
val_pr_auc_mood/theme---relaxing,0.18991481293835855,1780328274059,91c6d578c3224667a208a9ce24612db6,22,f
val_roc_auc_mood/theme---relaxing,0.7464467699393267,1780328274059,91c6d578c3224667a208a9ce24612db6,22,f
val_pr_auc_mood/theme---retro,0.013138763482276805,1780328274059,91c6d578c3224667a208a9ce24612db6,22,f
val_roc_auc_mood/theme---retro,0.5778950849864787,1780328274059,91c6d578c3224667a208a9ce24612db6,22,f
val_pr_auc_mood/theme---romantic,0.05339845443294564,1780328274059,91c6d578c3224667a208a9ce24612db6,22,f
val_roc_auc_mood/theme---romantic,0.6983382101253244,1780328274059,91c6d578c3224667a208a9ce24612db6,22,f
val_pr_auc_mood/theme---sad,0.08502959907948804,1780328274059,91c6d578c3224667a208a9ce24612db6,22,f
val_roc_auc_mood/theme---sad,0.7079948258373117,1780328274059,91c6d578c3224667a208a9ce24612db6,22,f
val_pr_auc_mood/theme---sexy,0.019430949856265464,1780328274059,91c6d578c3224667a208a9ce24612db6,22,f
val_roc_auc_mood/theme---sexy,0.72102221743656,1780328274059,91c6d578c3224667a208a9ce24612db6,22,f
val_pr_auc_mood/theme---slow,0.03450153047855487,1780328274059,91c6d578c3224667a208a9ce24612db6,22,f
val_roc_auc_mood/theme---slow,0.7571528508231127,1780328274059,91c6d578c3224667a208a9ce24612db6,22,f
val_pr_auc_mood/theme---soft,0.044701289496911836,1780328274059,91c6d578c3224667a208a9ce24612db6,22,f
val_roc_auc_mood/theme---soft,0.6428258539738704,1780328274059,91c6d578c3224667a208a9ce24612db6,22,f
val_pr_auc_mood/theme---soundscape,0.023982740948632435,1780328274059,91c6d578c3224667a208a9ce24612db6,22,f
val_roc_auc_mood/theme---soundscape,0.6992535552015106,1780328274059,91c6d578c3224667a208a9ce24612db6,22,f
val_pr_auc_mood/theme---space,0.06476887006896678,1780328274059,91c6d578c3224667a208a9ce24612db6,22,f
val_roc_auc_mood/theme---space,0.7757619507330324,1780328274059,91c6d578c3224667a208a9ce24612db6,22,f
val_pr_auc_mood/theme---sport,0.06180993587001331,1780328274059,91c6d578c3224667a208a9ce24612db6,22,f
val_roc_auc_mood/theme---sport,0.8577451199731528,1780328274059,91c6d578c3224667a208a9ce24612db6,22,f
val_pr_auc_mood/theme---summer,0.17993786690402186,1780328274059,91c6d578c3224667a208a9ce24612db6,22,f
val_roc_auc_mood/theme---summer,0.8067284372862383,1780328274059,91c6d578c3224667a208a9ce24612db6,22,f
val_pr_auc_mood/theme---trailer,0.1545213627792991,1780328274059,91c6d578c3224667a208a9ce24612db6,22,f
val_roc_auc_mood/theme---trailer,0.8983563670956319,1780328274059,91c6d578c3224667a208a9ce24612db6,22,f
val_roc_auc_mood/theme---cool,0.6449434869489197,1780328274059,91c6d578c3224667a208a9ce24612db6,22,f
val_macro_pr_auc,0.08892484109818984,1780328274059,91c6d578c3224667a208a9ce24612db6,22,f
val_pr_auc_mood/theme---corporate,0.13045649392022676,1780328274059,91c6d578c3224667a208a9ce24612db6,22,f
val_roc_auc_mood/theme---corporate,0.7720536815178783,1780328274059,91c6d578c3224667a208a9ce24612db6,22,f
val_pr_auc_mood/theme---dark,0.11255146344830232,1780328274059,91c6d578c3224667a208a9ce24612db6,22,f
val_roc_auc_mood/theme---dark,0.6457732503658016,1780328274059,91c6d578c3224667a208a9ce24612db6,22,f
val_pr_auc_mood/theme---deep,0.19464169100599923,1780328274059,91c6d578c3224667a208a9ce24612db6,22,f
val_roc_auc_mood/theme---deep,0.8013681345772333,1780328274059,91c6d578c3224667a208a9ce24612db6,22,f
val_pr_auc_mood/theme---documentary,0.045026876557500255,1780328274059,91c6d578c3224667a208a9ce24612db6,22,f
val_roc_auc_mood/theme---documentary,0.6357120284983769,1780328274059,91c6d578c3224667a208a9ce24612db6,22,f
val_pr_auc_mood/theme---drama,0.052623408556133816,1780328274059,91c6d578c3224667a208a9ce24612db6,22,f
val_roc_auc_mood/theme---drama,0.6666247605363983,1780328274059,91c6d578c3224667a208a9ce24612db6,22,f
val_pr_auc_mood/theme---dramatic,0.020461132065657698,1780328274059,91c6d578c3224667a208a9ce24612db6,22,f
val_roc_auc_mood/theme---dramatic,0.6780083052329212,1780328274059,91c6d578c3224667a208a9ce24612db6,22,f
val_pr_auc_mood/theme---dream,0.08512110900552297,1780328274059,91c6d578c3224667a208a9ce24612db6,22,f
val_roc_auc_mood/theme---dream,0.6584373089301431,1780328274059,91c6d578c3224667a208a9ce24612db6,22,f
val_pr_auc_mood/theme---emotional,0.13063620987917599,1780328274059,91c6d578c3224667a208a9ce24612db6,22,f
val_roc_auc_mood/theme---emotional,0.6302464091587288,1780328274059,91c6d578c3224667a208a9ce24612db6,22,f
val_pr_auc_mood/theme---energetic,0.17322485830193368,1780328274059,91c6d578c3224667a208a9ce24612db6,22,f
val_roc_auc_mood/theme---energetic,0.7580236105616196,1780328274059,91c6d578c3224667a208a9ce24612db6,22,f
val_pr_auc_mood/theme---epic,0.420917845338062,1780328274059,91c6d578c3224667a208a9ce24612db6,22,f
val_roc_auc_mood/theme---epic,0.8945465327941091,1780328274059,91c6d578c3224667a208a9ce24612db6,22,f
val_pr_auc_mood/theme---fast,0.07466319079940952,1780328274059,91c6d578c3224667a208a9ce24612db6,22,f
val_roc_auc_mood/theme---fast,0.8719238917861799,1780328274059,91c6d578c3224667a208a9ce24612db6,22,f
val_pr_auc_mood/theme---film,0.12771797948680463,1780328274059,91c6d578c3224667a208a9ce24612db6,22,f
val_roc_auc_mood/theme---film,0.7033564840496742,1780328274059,91c6d578c3224667a208a9ce24612db6,22,f
val_pr_auc_mood/theme---fun,0.08734771310146947,1780328274059,91c6d578c3224667a208a9ce24612db6,22,f
val_roc_auc_mood/theme---fun,0.6135753433776376,1780328274059,91c6d578c3224667a208a9ce24612db6,22,f
val_macro_roc_auc,0.7067167088511409,1780328274059,91c6d578c3224667a208a9ce24612db6,22,f
val_pr_auc_mood/theme---travel,0.015308246813962539,1780328274059,91c6d578c3224667a208a9ce24612db6,22,f
train_loss,0.03709057261410014,1780328116050,91c6d578c3224667a208a9ce24612db6,22,f
avg_train_loss,0.03709057261410014,1780328114568,91c6d578c3224667a208a9ce24612db6,22,f
val_loss_avg,0.06257079628709294,1780328274059,91c6d578c3224667a208a9ce24612db6,22,f
val_loss_std,0.04243553387742354,1780328274059,91c6d578c3224667a208a9ce24612db6,22,f
val_pr_auc_mood/theme---action,0.16121250671984005,1780328274059,91c6d578c3224667a208a9ce24612db6,22,f
val_roc_auc_mood/theme---action,0.6971152679719532,1780328274059,91c6d578c3224667a208a9ce24612db6,22,f
val_pr_auc_mood/theme---adventure,0.0420397948282174,1780328274059,91c6d578c3224667a208a9ce24612db6,22,f
val_roc_auc_mood/theme---adventure,0.6060274312154013,1780328274059,91c6d578c3224667a208a9ce24612db6,22,f
val_pr_auc_mood/theme---advertising,0.13380647922843958,1780328274059,91c6d578c3224667a208a9ce24612db6,22,f
val_roc_auc_mood/theme---advertising,0.7424030077147138,1780328274059,91c6d578c3224667a208a9ce24612db6,22,f
val_pr_auc_mood/theme---background,0.008166902989478576,1780328274059,91c6d578c3224667a208a9ce24612db6,22,f
val_roc_auc_mood/theme---background,0.4745523872679045,1780328274059,91c6d578c3224667a208a9ce24612db6,22,f
val_pr_auc_mood/theme---ballad,0.09144100782422426,1780328274059,91c6d578c3224667a208a9ce24612db6,22,f
val_roc_auc_mood/theme---ballad,0.7887838933097553,1780328274059,91c6d578c3224667a208a9ce24612db6,22,f
val_pr_auc_mood/theme---calm,0.03126940510875996,1780328274059,91c6d578c3224667a208a9ce24612db6,22,f
val_roc_auc_mood/theme---calm,0.5340334692349296,1780328274059,91c6d578c3224667a208a9ce24612db6,22,f
val_pr_auc_mood/theme---children,0.09916678675985208,1780328274059,91c6d578c3224667a208a9ce24612db6,22,f
val_roc_auc_mood/theme---children,0.725744221120433,1780328274059,91c6d578c3224667a208a9ce24612db6,22,f
val_pr_auc_mood/theme---christmas,0.11431924230198919,1780328274059,91c6d578c3224667a208a9ce24612db6,22,f
val_roc_auc_mood/theme---christmas,0.7677256118779723,1780328274059,91c6d578c3224667a208a9ce24612db6,22,f
val_pr_auc_mood/theme---commercial,0.07236321787419678,1780328274059,91c6d578c3224667a208a9ce24612db6,22,f
val_roc_auc_mood/theme---commercial,0.7380033685499924,1780328274059,91c6d578c3224667a208a9ce24612db6,22,f
val_pr_auc_mood/theme---cool,0.015988130644418494,1780328274059,91c6d578c3224667a208a9ce24612db6,22,f
val_roc_auc_mood/theme---uplifting,0.6473906869590322,1780328274059,91c6d578c3224667a208a9ce24612db6,22,f
val_pr_auc_mood/theme---uplifting,0.062227746671880135,1780328274059,91c6d578c3224667a208a9ce24612db6,22,f
val_roc_auc_mood/theme---upbeat,0.5311318223102964,1780328274059,91c6d578c3224667a208a9ce24612db6,22,f
val_pr_auc_mood/theme---upbeat,0.04192641901410096,1780328274059,91c6d578c3224667a208a9ce24612db6,22,f
val_pr_auc_mood/theme---funny,0.015297784054405314,1780328274059,91c6d578c3224667a208a9ce24612db6,22,f
val_roc_auc_mood/theme---travel,0.5773993050457592,1780328274059,91c6d578c3224667a208a9ce24612db6,22,f
stdev_train_loss,0.0039059737729390544,1780328115624,91c6d578c3224667a208a9ce24612db6,22,f
val_roc_auc_mood/theme---funny,0.7302368926677174,1780328274059,91c6d578c3224667a208a9ce24612db6,22,f
val_pr_auc_mood/theme---game,0.019659536100298095,1780328274059,91c6d578c3224667a208a9ce24612db6,22,f
val_roc_auc_mood/theme---game,0.6489671610169492,1780328274059,91c6d578c3224667a208a9ce24612db6,22,f
val_pr_auc_mood/theme---groovy,0.08631592816188459,1780328274059,91c6d578c3224667a208a9ce24612db6,22,f
val_roc_auc_mood/theme---groovy,0.8302872346595522,1780328274059,91c6d578c3224667a208a9ce24612db6,22,f
val_pr_auc_mood/theme---happy,0.2594367094980631,1780328274059,91c6d578c3224667a208a9ce24612db6,22,f
val_roc_auc_mood/theme---happy,0.7203374678317075,1780328274059,91c6d578c3224667a208a9ce24612db6,22,f
val_pr_auc_mood/theme---heavy,0.117180442704756,1780328274059,91c6d578c3224667a208a9ce24612db6,22,f
val_roc_auc_mood/theme---heavy,0.9210062953761546,1780328274059,91c6d578c3224667a208a9ce24612db6,22,f
val_pr_auc_mood/theme---holiday,0.022149030586311645,1780328274059,91c6d578c3224667a208a9ce24612db6,22,f
val_roc_auc_mood/theme---holiday,0.5391065266032083,1780328274059,91c6d578c3224667a208a9ce24612db6,22,f
val_pr_auc_mood/theme---hopeful,0.01965213276173169,1780328274059,91c6d578c3224667a208a9ce24612db6,22,f
val_roc_auc_mood/theme---hopeful,0.7129949253555201,1780328274059,91c6d578c3224667a208a9ce24612db6,22,f
val_pr_auc_mood/theme---inspiring,0.09060149486921305,1780328274059,91c6d578c3224667a208a9ce24612db6,22,f
val_roc_auc_mood/theme---inspiring,0.6536626311735824,1780328274059,91c6d578c3224667a208a9ce24612db6,22,f
val_pr_auc_mood/theme---love,0.0865338729866871,1780328274059,91c6d578c3224667a208a9ce24612db6,22,f
val_roc_auc_mood/theme---love,0.6245217322751879,1780328274059,91c6d578c3224667a208a9ce24612db6,22,f
val_pr_auc_mood/theme---meditative,0.14130740341672327,1780328274059,91c6d578c3224667a208a9ce24612db6,22,f
val_roc_auc_mood/theme---meditative,0.7613702467242465,1780328274059,91c6d578c3224667a208a9ce24612db6,22,f
val_pr_auc_mood/theme---melancholic,0.05944367030703468,1780328274059,91c6d578c3224667a208a9ce24612db6,22,f
val_roc_auc_mood/theme---melancholic,0.6803071020085378,1780328274059,91c6d578c3224667a208a9ce24612db6,22,f
val_pr_auc_mood/theme---melodic,0.12418083597697215,1780328274059,91c6d578c3224667a208a9ce24612db6,22,f
val_roc_auc_mood/theme---melodic,0.6082564698285685,1780328274059,91c6d578c3224667a208a9ce24612db6,22,f
val_pr_auc_mood/theme---motivational,0.13292446563863775,1780328274059,91c6d578c3224667a208a9ce24612db6,22,f
val_roc_auc_mood/theme---motivational,0.7971558894553259,1780328274059,91c6d578c3224667a208a9ce24612db6,22,f
val_pr_auc_mood/theme---movie,0.09422182923917205,1780328274059,91c6d578c3224667a208a9ce24612db6,22,f
val_roc_auc_mood/theme---movie,0.7555348716706208,1780328274059,91c6d578c3224667a208a9ce24612db6,22,f
val_pr_auc_mood/theme---nature,0.029390101605668392,1780328274059,91c6d578c3224667a208a9ce24612db6,22,f
val_roc_auc_mood/theme---groovy,0.8308237153462475,1780328887686,91c6d578c3224667a208a9ce24612db6,23,f
stdev_train_loss,0.00399754996253344,1780328727247,91c6d578c3224667a208a9ce24612db6,23,f
avg_train_loss,0.036837023896532504,1780328726186,91c6d578c3224667a208a9ce24612db6,23,f
val_loss_avg,0.06047480924910818,1780328887686,91c6d578c3224667a208a9ce24612db6,23,f
val_loss_std,0.039925949874323984,1780328887686,91c6d578c3224667a208a9ce24612db6,23,f
train_loss,0.036837023896532504,1780328727685,91c6d578c3224667a208a9ce24612db6,23,f
val_pr_auc_mood/theme---action,0.13737593796433628,1780328887686,91c6d578c3224667a208a9ce24612db6,23,f
val_roc_auc_mood/theme---action,0.6420166436179247,1780328887686,91c6d578c3224667a208a9ce24612db6,23,f
val_pr_auc_mood/theme---adventure,0.03631813450711141,1780328887686,91c6d578c3224667a208a9ce24612db6,23,f
val_roc_auc_mood/theme---adventure,0.5468100195543805,1780328887686,91c6d578c3224667a208a9ce24612db6,23,f
val_pr_auc_mood/theme---advertising,0.13723333519339506,1780328887686,91c6d578c3224667a208a9ce24612db6,23,f
val_roc_auc_mood/theme---advertising,0.741749723145072,1780328887686,91c6d578c3224667a208a9ce24612db6,23,f
val_pr_auc_mood/theme---background,0.009522277762122333,1780328887686,91c6d578c3224667a208a9ce24612db6,23,f
val_roc_auc_mood/theme---background,0.5140915119363395,1780328887686,91c6d578c3224667a208a9ce24612db6,23,f
val_pr_auc_mood/theme---ballad,0.0862414974925015,1780328887686,91c6d578c3224667a208a9ce24612db6,23,f
val_roc_auc_mood/theme---ballad,0.7769488653109343,1780328887686,91c6d578c3224667a208a9ce24612db6,23,f
val_pr_auc_mood/theme---calm,0.049310158709033186,1780328887686,91c6d578c3224667a208a9ce24612db6,23,f
val_roc_auc_mood/theme---calm,0.6419296293214627,1780328887686,91c6d578c3224667a208a9ce24612db6,23,f
val_pr_auc_mood/theme---children,0.10003093380288404,1780328887686,91c6d578c3224667a208a9ce24612db6,23,f
val_roc_auc_mood/theme---children,0.7341521457890785,1780328887686,91c6d578c3224667a208a9ce24612db6,23,f
val_pr_auc_mood/theme---christmas,0.1203434847100627,1780328887686,91c6d578c3224667a208a9ce24612db6,23,f
val_roc_auc_mood/theme---christmas,0.7682512179561535,1780328887686,91c6d578c3224667a208a9ce24612db6,23,f
val_pr_auc_mood/theme---commercial,0.06809888260397302,1780328887686,91c6d578c3224667a208a9ce24612db6,23,f
val_roc_auc_mood/theme---commercial,0.7465319246669729,1780328887686,91c6d578c3224667a208a9ce24612db6,23,f
val_pr_auc_mood/theme---cool,0.017271110376480672,1780328887686,91c6d578c3224667a208a9ce24612db6,23,f
val_roc_auc_mood/theme---cool,0.6524603471962034,1780328887686,91c6d578c3224667a208a9ce24612db6,23,f
val_pr_auc_mood/theme---corporate,0.1395134517551902,1780328887686,91c6d578c3224667a208a9ce24612db6,23,f
val_roc_auc_mood/theme---corporate,0.7969759288908519,1780328887686,91c6d578c3224667a208a9ce24612db6,23,f
val_pr_auc_mood/theme---dark,0.11549522928270035,1780328887686,91c6d578c3224667a208a9ce24612db6,23,f
val_roc_auc_mood/theme---dark,0.605853308457621,1780328887686,91c6d578c3224667a208a9ce24612db6,23,f
val_pr_auc_mood/theme---deep,0.1678296559386375,1780328887686,91c6d578c3224667a208a9ce24612db6,23,f
val_roc_auc_mood/theme---deep,0.8017874266724125,1780328887686,91c6d578c3224667a208a9ce24612db6,23,f
val_pr_auc_mood/theme---documentary,0.0475549135849854,1780328887686,91c6d578c3224667a208a9ce24612db6,23,f
val_roc_auc_mood/theme---documentary,0.6480309027064176,1780328887686,91c6d578c3224667a208a9ce24612db6,23,f
val_pr_auc_mood/theme---drama,0.07098920266064204,1780328887686,91c6d578c3224667a208a9ce24612db6,23,f
val_roc_auc_mood/theme---drama,0.6775113745210728,1780328887686,91c6d578c3224667a208a9ce24612db6,23,f
val_pr_auc_mood/theme---dramatic,0.021358839317243007,1780328887686,91c6d578c3224667a208a9ce24612db6,23,f
val_roc_auc_mood/theme---dramatic,0.6869926314474835,1780328887686,91c6d578c3224667a208a9ce24612db6,23,f
val_pr_auc_mood/theme---dream,0.08928101460537573,1780328887686,91c6d578c3224667a208a9ce24612db6,23,f
val_roc_auc_mood/theme---dream,0.6526590205129238,1780328887686,91c6d578c3224667a208a9ce24612db6,23,f
val_pr_auc_mood/theme---emotional,0.1494652555923519,1780328887686,91c6d578c3224667a208a9ce24612db6,23,f
val_roc_auc_mood/theme---emotional,0.6574754139681998,1780328887686,91c6d578c3224667a208a9ce24612db6,23,f
val_pr_auc_mood/theme---energetic,0.19394880701285436,1780328887686,91c6d578c3224667a208a9ce24612db6,23,f
val_roc_auc_mood/theme---energetic,0.7610191239055433,1780328887686,91c6d578c3224667a208a9ce24612db6,23,f
val_pr_auc_mood/theme---epic,0.3773197081098779,1780328887686,91c6d578c3224667a208a9ce24612db6,23,f
val_roc_auc_mood/theme---epic,0.8824271676729073,1780328887686,91c6d578c3224667a208a9ce24612db6,23,f
val_pr_auc_mood/theme---fast,0.06940202206949751,1780328887686,91c6d578c3224667a208a9ce24612db6,23,f
val_roc_auc_mood/theme---fast,0.8681042209908735,1780328887686,91c6d578c3224667a208a9ce24612db6,23,f
val_pr_auc_mood/theme---film,0.12030168661916252,1780328887686,91c6d578c3224667a208a9ce24612db6,23,f
val_roc_auc_mood/theme---film,0.6947160154140872,1780328887686,91c6d578c3224667a208a9ce24612db6,23,f
val_pr_auc_mood/theme---fun,0.09063846596684536,1780328887686,91c6d578c3224667a208a9ce24612db6,23,f
val_roc_auc_mood/theme---fun,0.632113667798315,1780328887686,91c6d578c3224667a208a9ce24612db6,23,f
val_pr_auc_mood/theme---funny,0.015091052872873696,1780328887686,91c6d578c3224667a208a9ce24612db6,23,f
val_roc_auc_mood/theme---funny,0.7309617221026957,1780328887686,91c6d578c3224667a208a9ce24612db6,23,f
val_pr_auc_mood/theme---game,0.012829965125659622,1780328887686,91c6d578c3224667a208a9ce24612db6,23,f
val_roc_auc_mood/theme---game,0.6284122392438071,1780328887686,91c6d578c3224667a208a9ce24612db6,23,f
val_pr_auc_mood/theme---groovy,0.0899935432847571,1780328887686,91c6d578c3224667a208a9ce24612db6,23,f
val_pr_auc_mood/theme---happy,0.24353363008178236,1780328887686,91c6d578c3224667a208a9ce24612db6,23,f
val_roc_auc_mood/theme---happy,0.7036099557124903,1780328887686,91c6d578c3224667a208a9ce24612db6,23,f
val_pr_auc_mood/theme---heavy,0.11393542550889069,1780328887686,91c6d578c3224667a208a9ce24612db6,23,f
val_roc_auc_mood/theme---heavy,0.9227992313691439,1780328887686,91c6d578c3224667a208a9ce24612db6,23,f
val_pr_auc_mood/theme---holiday,0.019171844042269248,1780328887686,91c6d578c3224667a208a9ce24612db6,23,f
val_roc_auc_mood/theme---holiday,0.5363077856574008,1780328887686,91c6d578c3224667a208a9ce24612db6,23,f
val_pr_auc_mood/theme---hopeful,0.020153372612809962,1780328887686,91c6d578c3224667a208a9ce24612db6,23,f
val_roc_auc_mood/theme---hopeful,0.728440136897386,1780328887686,91c6d578c3224667a208a9ce24612db6,23,f
val_pr_auc_mood/theme---inspiring,0.0889821954915588,1780328887686,91c6d578c3224667a208a9ce24612db6,23,f
val_roc_auc_mood/theme---inspiring,0.6351619412085621,1780328887686,91c6d578c3224667a208a9ce24612db6,23,f
val_pr_auc_mood/theme---love,0.10109024693016808,1780328887686,91c6d578c3224667a208a9ce24612db6,23,f
val_roc_auc_mood/theme---love,0.6638080096704684,1780328887686,91c6d578c3224667a208a9ce24612db6,23,f
val_pr_auc_mood/theme---meditative,0.13031308619561174,1780328887686,91c6d578c3224667a208a9ce24612db6,23,f
val_roc_auc_mood/theme---meditative,0.7524893338632993,1780328887686,91c6d578c3224667a208a9ce24612db6,23,f
val_pr_auc_mood/theme---melancholic,0.05644999578439144,1780328887686,91c6d578c3224667a208a9ce24612db6,23,f
val_roc_auc_mood/theme---melancholic,0.6881323208876717,1780328887686,91c6d578c3224667a208a9ce24612db6,23,f
val_pr_auc_mood/theme---melodic,0.12451043108776498,1780328887686,91c6d578c3224667a208a9ce24612db6,23,f
val_roc_auc_mood/theme---melodic,0.6021316565799802,1780328887686,91c6d578c3224667a208a9ce24612db6,23,f
val_pr_auc_mood/theme---motivational,0.1096082438586134,1780328887686,91c6d578c3224667a208a9ce24612db6,23,f
val_roc_auc_mood/theme---motivational,0.7987407208657543,1780328887686,91c6d578c3224667a208a9ce24612db6,23,f
val_pr_auc_mood/theme---movie,0.12013569598944801,1780328887686,91c6d578c3224667a208a9ce24612db6,23,f
val_roc_auc_mood/theme---movie,0.7633409058741967,1780328887686,91c6d578c3224667a208a9ce24612db6,23,f
val_pr_auc_mood/theme---nature,0.032536284439909184,1780328887686,91c6d578c3224667a208a9ce24612db6,23,f
val_roc_auc_mood/theme---nature,0.7135793828863135,1780328887686,91c6d578c3224667a208a9ce24612db6,23,f
val_pr_auc_mood/theme---party,0.12649433283592723,1780328887686,91c6d578c3224667a208a9ce24612db6,23,f
val_roc_auc_mood/theme---party,0.8532525167140552,1780328887686,91c6d578c3224667a208a9ce24612db6,23,f
val_pr_auc_mood/theme---positive,0.07269792624703013,1780328887686,91c6d578c3224667a208a9ce24612db6,23,f
val_roc_auc_mood/theme---positive,0.7476131955591224,1780328887686,91c6d578c3224667a208a9ce24612db6,23,f
val_pr_auc_mood/theme---powerful,0.02138669576980396,1780328887686,91c6d578c3224667a208a9ce24612db6,23,f
val_roc_auc_mood/theme---powerful,0.6642094228971301,1780328887686,91c6d578c3224667a208a9ce24612db6,23,f
val_pr_auc_mood/theme---relaxing,0.16683160978061895,1780328887686,91c6d578c3224667a208a9ce24612db6,23,f
val_roc_auc_mood/theme---relaxing,0.7341431622012266,1780328887686,91c6d578c3224667a208a9ce24612db6,23,f
val_pr_auc_mood/theme---retro,0.012880461333112794,1780328887686,91c6d578c3224667a208a9ce24612db6,23,f
val_roc_auc_mood/theme---retro,0.5547888794495496,1780328887686,91c6d578c3224667a208a9ce24612db6,23,f
val_pr_auc_mood/theme---romantic,0.066947563520752,1780328887686,91c6d578c3224667a208a9ce24612db6,23,f
val_roc_auc_mood/theme---romantic,0.7243761386849225,1780328887686,91c6d578c3224667a208a9ce24612db6,23,f
val_pr_auc_mood/theme---sad,0.08572237019434785,1780328887686,91c6d578c3224667a208a9ce24612db6,23,f
val_roc_auc_mood/theme---sad,0.7248015485263872,1780328887686,91c6d578c3224667a208a9ce24612db6,23,f
val_pr_auc_mood/theme---sexy,0.020892981340656317,1780328887686,91c6d578c3224667a208a9ce24612db6,23,f
val_roc_auc_mood/theme---sexy,0.7362119091202757,1780328887686,91c6d578c3224667a208a9ce24612db6,23,f
val_pr_auc_mood/theme---slow,0.02906385378023492,1780328887686,91c6d578c3224667a208a9ce24612db6,23,f
val_roc_auc_mood/theme---slow,0.7345103348314268,1780328887686,91c6d578c3224667a208a9ce24612db6,23,f
val_pr_auc_mood/theme---soft,0.04652855758039965,1780328887686,91c6d578c3224667a208a9ce24612db6,23,f
val_roc_auc_mood/theme---soft,0.6585486697060424,1780328887686,91c6d578c3224667a208a9ce24612db6,23,f
val_pr_auc_mood/theme---soundscape,0.02710108013752164,1780328887686,91c6d578c3224667a208a9ce24612db6,23,f
val_roc_auc_mood/theme---soundscape,0.7078022658877677,1780328887686,91c6d578c3224667a208a9ce24612db6,23,f
val_pr_auc_mood/theme---space,0.054572622735377975,1780328887686,91c6d578c3224667a208a9ce24612db6,23,f
val_roc_auc_mood/theme---space,0.7510791825753688,1780328887686,91c6d578c3224667a208a9ce24612db6,23,f
val_pr_auc_mood/theme---sport,0.047436602950781476,1780328887686,91c6d578c3224667a208a9ce24612db6,23,f
val_roc_auc_mood/theme---sport,0.8531097936126182,1780328887686,91c6d578c3224667a208a9ce24612db6,23,f
val_pr_auc_mood/theme---summer,0.10549978311352295,1780328887686,91c6d578c3224667a208a9ce24612db6,23,f
val_roc_auc_mood/theme---summer,0.7548363789269207,1780328887686,91c6d578c3224667a208a9ce24612db6,23,f
val_pr_auc_mood/theme---trailer,0.13960745903729085,1780328887686,91c6d578c3224667a208a9ce24612db6,23,f
val_roc_auc_mood/theme---trailer,0.9000588899249153,1780328887686,91c6d578c3224667a208a9ce24612db6,23,f
val_pr_auc_mood/theme---travel,0.013783593925432169,1780328887686,91c6d578c3224667a208a9ce24612db6,23,f
val_roc_auc_mood/theme---travel,0.5369799398576377,1780328887686,91c6d578c3224667a208a9ce24612db6,23,f
val_pr_auc_mood/theme---upbeat,0.05279534481070231,1780328887686,91c6d578c3224667a208a9ce24612db6,23,f
val_roc_auc_mood/theme---upbeat,0.5983847328874576,1780328887686,91c6d578c3224667a208a9ce24612db6,23,f
val_pr_auc_mood/theme---uplifting,0.06460360866967918,1780328887686,91c6d578c3224667a208a9ce24612db6,23,f
val_roc_auc_mood/theme---uplifting,0.6659507774615689,1780328887686,91c6d578c3224667a208a9ce24612db6,23,f
val_macro_pr_auc,0.08657188333405294,1780328887686,91c6d578c3224667a208a9ce24612db6,23,f
val_macro_roc_auc,0.7094643755079114,1780328887686,91c6d578c3224667a208a9ce24612db6,23,f
val_pr_auc_mood/theme---party,0.13343437275231612,1780329499903,91c6d578c3224667a208a9ce24612db6,24,f
val_roc_auc_mood/theme---party,0.8346461231076616,1780329499903,91c6d578c3224667a208a9ce24612db6,24,f
val_macro_roc_auc,0.707277519362706,1780329499903,91c6d578c3224667a208a9ce24612db6,24,f
val_macro_pr_auc,0.08951793837061973,1780329499903,91c6d578c3224667a208a9ce24612db6,24,f
val_roc_auc_mood/theme---uplifting,0.6576920281956253,1780329499903,91c6d578c3224667a208a9ce24612db6,24,f
avg_train_loss,0.03647285543348866,1780329340571,91c6d578c3224667a208a9ce24612db6,24,f
stdev_train_loss,0.003987746200989588,1780329341628,91c6d578c3224667a208a9ce24612db6,24,f
val_loss_avg,0.06158308690022211,1780329499903,91c6d578c3224667a208a9ce24612db6,24,f
val_roc_auc_mood/theme---trailer,0.8978807177020849,1780329499903,91c6d578c3224667a208a9ce24612db6,24,f
val_pr_auc_mood/theme---positive,0.0625894377784156,1780329499903,91c6d578c3224667a208a9ce24612db6,24,f
train_loss,0.03647285543348866,1780329342070,91c6d578c3224667a208a9ce24612db6,24,f
val_pr_auc_mood/theme---trailer,0.15178258426517044,1780329499903,91c6d578c3224667a208a9ce24612db6,24,f
val_roc_auc_mood/theme---summer,0.819846550646874,1780329499903,91c6d578c3224667a208a9ce24612db6,24,f
val_pr_auc_mood/theme---summer,0.18826969291774986,1780329499903,91c6d578c3224667a208a9ce24612db6,24,f
val_roc_auc_mood/theme---sport,0.8398470272386599,1780329499903,91c6d578c3224667a208a9ce24612db6,24,f
val_pr_auc_mood/theme---sport,0.04605178269335419,1780329499903,91c6d578c3224667a208a9ce24612db6,24,f
val_roc_auc_mood/theme---space,0.7546885373271061,1780329499903,91c6d578c3224667a208a9ce24612db6,24,f
val_pr_auc_mood/theme---space,0.0543832647842184,1780329499903,91c6d578c3224667a208a9ce24612db6,24,f
val_roc_auc_mood/theme---soundscape,0.7033324482209241,1780329499903,91c6d578c3224667a208a9ce24612db6,24,f
val_pr_auc_mood/theme---soundscape,0.02515382017219518,1780329499903,91c6d578c3224667a208a9ce24612db6,24,f
val_roc_auc_mood/theme---soft,0.647176527626565,1780329499903,91c6d578c3224667a208a9ce24612db6,24,f
val_pr_auc_mood/theme---soft,0.0450401802418014,1780329499903,91c6d578c3224667a208a9ce24612db6,24,f
val_roc_auc_mood/theme---slow,0.7382547295631037,1780329499903,91c6d578c3224667a208a9ce24612db6,24,f
val_pr_auc_mood/theme---slow,0.02967080128164559,1780329499903,91c6d578c3224667a208a9ce24612db6,24,f
val_roc_auc_mood/theme---sexy,0.7265424787337138,1780329499903,91c6d578c3224667a208a9ce24612db6,24,f
val_pr_auc_mood/theme---sexy,0.020925675726127628,1780329499903,91c6d578c3224667a208a9ce24612db6,24,f
val_roc_auc_mood/theme---sad,0.7290786081874611,1780329499903,91c6d578c3224667a208a9ce24612db6,24,f
val_pr_auc_mood/theme---sad,0.08548127916820814,1780329499903,91c6d578c3224667a208a9ce24612db6,24,f
val_roc_auc_mood/theme---romantic,0.6576307992417969,1780329499903,91c6d578c3224667a208a9ce24612db6,24,f
val_pr_auc_mood/theme---romantic,0.044673291917162156,1780329499903,91c6d578c3224667a208a9ce24612db6,24,f
val_roc_auc_mood/theme---retro,0.6056575508589439,1780329499903,91c6d578c3224667a208a9ce24612db6,24,f
val_pr_auc_mood/theme---retro,0.014025683071329103,1780329499903,91c6d578c3224667a208a9ce24612db6,24,f
val_roc_auc_mood/theme---relaxing,0.7439403188005781,1780329499903,91c6d578c3224667a208a9ce24612db6,24,f
val_loss_std,0.041304878045094064,1780329499903,91c6d578c3224667a208a9ce24612db6,24,f
val_pr_auc_mood/theme---relaxing,0.2157044205587496,1780329499903,91c6d578c3224667a208a9ce24612db6,24,f
val_roc_auc_mood/theme---powerful,0.642881831317109,1780329499903,91c6d578c3224667a208a9ce24612db6,24,f
val_pr_auc_mood/theme---powerful,0.020740394815324286,1780329499903,91c6d578c3224667a208a9ce24612db6,24,f
val_pr_auc_mood/theme---action,0.15254478458044823,1780329499903,91c6d578c3224667a208a9ce24612db6,24,f
val_pr_auc_mood/theme---uplifting,0.06734294443638056,1780329499903,91c6d578c3224667a208a9ce24612db6,24,f
val_roc_auc_mood/theme---action,0.6721838076521822,1780329499903,91c6d578c3224667a208a9ce24612db6,24,f
val_roc_auc_mood/theme---upbeat,0.5440890512756997,1780329499903,91c6d578c3224667a208a9ce24612db6,24,f
val_pr_auc_mood/theme---adventure,0.054817319349048335,1780329499903,91c6d578c3224667a208a9ce24612db6,24,f
val_pr_auc_mood/theme---upbeat,0.044280709101932145,1780329499903,91c6d578c3224667a208a9ce24612db6,24,f
val_roc_auc_mood/theme---travel,0.5425102095194593,1780329499903,91c6d578c3224667a208a9ce24612db6,24,f
val_roc_auc_mood/theme---adventure,0.5685229557410009,1780329499903,91c6d578c3224667a208a9ce24612db6,24,f
val_pr_auc_mood/theme---advertising,0.13271160301046703,1780329499903,91c6d578c3224667a208a9ce24612db6,24,f
val_roc_auc_mood/theme---advertising,0.7217770829261937,1780329499903,91c6d578c3224667a208a9ce24612db6,24,f
val_pr_auc_mood/theme---background,0.009976431160485022,1780329499903,91c6d578c3224667a208a9ce24612db6,24,f
val_roc_auc_mood/theme---background,0.527420424403183,1780329499903,91c6d578c3224667a208a9ce24612db6,24,f
val_pr_auc_mood/theme---ballad,0.09270256054106518,1780329499903,91c6d578c3224667a208a9ce24612db6,24,f
val_roc_auc_mood/theme---ballad,0.7818164235190098,1780329499903,91c6d578c3224667a208a9ce24612db6,24,f
val_pr_auc_mood/theme---calm,0.05752454428227887,1780329499903,91c6d578c3224667a208a9ce24612db6,24,f
val_roc_auc_mood/theme---calm,0.6695953113949328,1780329499903,91c6d578c3224667a208a9ce24612db6,24,f
val_pr_auc_mood/theme---children,0.10645622673429773,1780329499903,91c6d578c3224667a208a9ce24612db6,24,f
val_roc_auc_mood/theme---children,0.710215229181545,1780329499903,91c6d578c3224667a208a9ce24612db6,24,f
val_pr_auc_mood/theme---christmas,0.1098587330006128,1780329499903,91c6d578c3224667a208a9ce24612db6,24,f
val_roc_auc_mood/theme---christmas,0.7590440494142212,1780329499903,91c6d578c3224667a208a9ce24612db6,24,f
val_pr_auc_mood/theme---commercial,0.06360192230602052,1780329499903,91c6d578c3224667a208a9ce24612db6,24,f
val_roc_auc_mood/theme---commercial,0.7499770326136886,1780329499903,91c6d578c3224667a208a9ce24612db6,24,f
val_pr_auc_mood/theme---travel,0.014220954679547019,1780329499903,91c6d578c3224667a208a9ce24612db6,24,f
val_pr_auc_mood/theme---cool,0.014984735335796997,1780329499903,91c6d578c3224667a208a9ce24612db6,24,f
val_roc_auc_mood/theme---cool,0.6302844386162108,1780329499903,91c6d578c3224667a208a9ce24612db6,24,f
val_pr_auc_mood/theme---corporate,0.13323201874256574,1780329499903,91c6d578c3224667a208a9ce24612db6,24,f
val_roc_auc_mood/theme---corporate,0.7726678812639172,1780329499903,91c6d578c3224667a208a9ce24612db6,24,f
val_pr_auc_mood/theme---dark,0.11125260449907426,1780329499903,91c6d578c3224667a208a9ce24612db6,24,f
val_roc_auc_mood/theme---dark,0.5853866100295673,1780329499903,91c6d578c3224667a208a9ce24612db6,24,f
val_pr_auc_mood/theme---deep,0.1877484897508744,1780329499903,91c6d578c3224667a208a9ce24612db6,24,f
val_roc_auc_mood/theme---deep,0.8026764812075613,1780329499903,91c6d578c3224667a208a9ce24612db6,24,f
val_pr_auc_mood/theme---documentary,0.04476211277731508,1780329499903,91c6d578c3224667a208a9ce24612db6,24,f
val_roc_auc_mood/theme---documentary,0.6361241677108262,1780329499903,91c6d578c3224667a208a9ce24612db6,24,f
val_pr_auc_mood/theme---drama,0.055010755510763766,1780329499903,91c6d578c3224667a208a9ce24612db6,24,f
val_roc_auc_mood/theme---drama,0.6555166427203065,1780329499903,91c6d578c3224667a208a9ce24612db6,24,f
val_pr_auc_mood/theme---dramatic,0.022583336334356628,1780329499903,91c6d578c3224667a208a9ce24612db6,24,f
val_roc_auc_mood/theme---dramatic,0.6980454602223055,1780329499903,91c6d578c3224667a208a9ce24612db6,24,f
val_pr_auc_mood/theme---dream,0.0980826629721119,1780329499903,91c6d578c3224667a208a9ce24612db6,24,f
val_roc_auc_mood/theme---dream,0.6782044304690492,1780329499903,91c6d578c3224667a208a9ce24612db6,24,f
val_pr_auc_mood/theme---emotional,0.1328575137661126,1780329499903,91c6d578c3224667a208a9ce24612db6,24,f
val_roc_auc_mood/theme---emotional,0.63676907628073,1780329499903,91c6d578c3224667a208a9ce24612db6,24,f
val_pr_auc_mood/theme---energetic,0.18122337033400043,1780329499903,91c6d578c3224667a208a9ce24612db6,24,f
val_roc_auc_mood/theme---energetic,0.7515130889863476,1780329499903,91c6d578c3224667a208a9ce24612db6,24,f
val_pr_auc_mood/theme---epic,0.4042115722004644,1780329499903,91c6d578c3224667a208a9ce24612db6,24,f
val_roc_auc_mood/theme---epic,0.8898878995791085,1780329499903,91c6d578c3224667a208a9ce24612db6,24,f
val_pr_auc_mood/theme---fast,0.07103554155057067,1780329499903,91c6d578c3224667a208a9ce24612db6,24,f
val_roc_auc_mood/theme---fast,0.8577147164276401,1780329499903,91c6d578c3224667a208a9ce24612db6,24,f
val_pr_auc_mood/theme---film,0.12440589942379858,1780329499903,91c6d578c3224667a208a9ce24612db6,24,f
val_roc_auc_mood/theme---film,0.699878699122048,1780329499903,91c6d578c3224667a208a9ce24612db6,24,f
val_pr_auc_mood/theme---fun,0.09158804996112996,1780329499903,91c6d578c3224667a208a9ce24612db6,24,f
val_roc_auc_mood/theme---fun,0.604622746873174,1780329499903,91c6d578c3224667a208a9ce24612db6,24,f
val_pr_auc_mood/theme---funny,0.015939291827012363,1780329499903,91c6d578c3224667a208a9ce24612db6,24,f
val_roc_auc_mood/theme---positive,0.7569723113964686,1780329499903,91c6d578c3224667a208a9ce24612db6,24,f
val_roc_auc_mood/theme---funny,0.7239090166480666,1780329499903,91c6d578c3224667a208a9ce24612db6,24,f
val_pr_auc_mood/theme---game,0.014971458598341708,1780329499903,91c6d578c3224667a208a9ce24612db6,24,f
val_roc_auc_mood/theme---game,0.6399832953063885,1780329499903,91c6d578c3224667a208a9ce24612db6,24,f
val_pr_auc_mood/theme---groovy,0.10905736120544933,1780329499903,91c6d578c3224667a208a9ce24612db6,24,f
val_roc_auc_mood/theme---groovy,0.8441052372114605,1780329499903,91c6d578c3224667a208a9ce24612db6,24,f
val_pr_auc_mood/theme---happy,0.23771441328408663,1780329499903,91c6d578c3224667a208a9ce24612db6,24,f
val_roc_auc_mood/theme---happy,0.7002162008498415,1780329499903,91c6d578c3224667a208a9ce24612db6,24,f
val_pr_auc_mood/theme---heavy,0.10518639089060154,1780329499903,91c6d578c3224667a208a9ce24612db6,24,f
val_roc_auc_mood/theme---heavy,0.9237801201186715,1780329499903,91c6d578c3224667a208a9ce24612db6,24,f
val_pr_auc_mood/theme---holiday,0.02274945678033795,1780329499903,91c6d578c3224667a208a9ce24612db6,24,f
val_roc_auc_mood/theme---holiday,0.5485115097273313,1780329499903,91c6d578c3224667a208a9ce24612db6,24,f
val_pr_auc_mood/theme---hopeful,0.01759090985980511,1780329499903,91c6d578c3224667a208a9ce24612db6,24,f
val_roc_auc_mood/theme---hopeful,0.7117557679825338,1780329499903,91c6d578c3224667a208a9ce24612db6,24,f
val_pr_auc_mood/theme---inspiring,0.0870284969882439,1780329499903,91c6d578c3224667a208a9ce24612db6,24,f
val_roc_auc_mood/theme---inspiring,0.6544789560668784,1780329499903,91c6d578c3224667a208a9ce24612db6,24,f
val_pr_auc_mood/theme---love,0.10094893306429818,1780329499903,91c6d578c3224667a208a9ce24612db6,24,f
val_roc_auc_mood/theme---love,0.6680204446313134,1780329499903,91c6d578c3224667a208a9ce24612db6,24,f
val_pr_auc_mood/theme---meditative,0.13305181987414852,1780329499903,91c6d578c3224667a208a9ce24612db6,24,f
val_roc_auc_mood/theme---meditative,0.7487500021323744,1780329499903,91c6d578c3224667a208a9ce24612db6,24,f
val_pr_auc_mood/theme---melancholic,0.05501224922758871,1780329499903,91c6d578c3224667a208a9ce24612db6,24,f
val_roc_auc_mood/theme---melancholic,0.6943490496728102,1780329499903,91c6d578c3224667a208a9ce24612db6,24,f
val_pr_auc_mood/theme---melodic,0.12928129590693266,1780329499903,91c6d578c3224667a208a9ce24612db6,24,f
val_roc_auc_mood/theme---melodic,0.6018728950900205,1780329499903,91c6d578c3224667a208a9ce24612db6,24,f
val_pr_auc_mood/theme---motivational,0.13185619824396724,1780329499903,91c6d578c3224667a208a9ce24612db6,24,f
val_roc_auc_mood/theme---motivational,0.78699579644039,1780329499903,91c6d578c3224667a208a9ce24612db6,24,f
val_pr_auc_mood/theme---movie,0.10498987114192514,1780329499903,91c6d578c3224667a208a9ce24612db6,24,f
val_roc_auc_mood/theme---movie,0.7598996778271686,1780329499903,91c6d578c3224667a208a9ce24612db6,24,f
val_pr_auc_mood/theme---nature,0.030682323376679504,1780329499903,91c6d578c3224667a208a9ce24612db6,24,f
val_roc_auc_mood/theme---nature,0.6984006092916984,1780329499903,91c6d578c3224667a208a9ce24612db6,24,f
