key,value,timestamp,run_uuid,step,is_nan
val_roc_auc_mood/theme---dramatic,0.6673613713001124,1780379122782,0c0d66e93e524c959f92f82156a97011,0,f
avg_train_loss,0.049869762896631684,1780378707754,0c0d66e93e524c959f92f82156a97011,0,f
stdev_train_loss,0.004453988774395575,1780378708837,0c0d66e93e524c959f92f82156a97011,0,f
train_loss,0.049869762896631684,1780378709290,0c0d66e93e524c959f92f82156a97011,0,f
val_loss_avg,0.05345412913487319,1780379122782,0c0d66e93e524c959f92f82156a97011,0,f
val_loss_std,0.02191256469078082,1780379122782,0c0d66e93e524c959f92f82156a97011,0,f
val_pr_auc_mood/theme---action,0.1743507626696414,1780379122782,0c0d66e93e524c959f92f82156a97011,0,f
val_roc_auc_mood/theme---action,0.6942620763277287,1780379122782,0c0d66e93e524c959f92f82156a97011,0,f
val_pr_auc_mood/theme---adventure,0.06663763853740214,1780379122782,0c0d66e93e524c959f92f82156a97011,0,f
val_roc_auc_mood/theme---adventure,0.593279214519816,1780379122782,0c0d66e93e524c959f92f82156a97011,0,f
val_pr_auc_mood/theme---advertising,0.1523333441671703,1780379122782,0c0d66e93e524c959f92f82156a97011,0,f
val_roc_auc_mood/theme---advertising,0.7935267130107858,1780379122782,0c0d66e93e524c959f92f82156a97011,0,f
val_pr_auc_mood/theme---background,0.014293251540428063,1780379122782,0c0d66e93e524c959f92f82156a97011,0,f
val_roc_auc_mood/theme---background,0.5758620689655173,1780379122782,0c0d66e93e524c959f92f82156a97011,0,f
val_pr_auc_mood/theme---ballad,0.08207791638066503,1780379122782,0c0d66e93e524c959f92f82156a97011,0,f
val_roc_auc_mood/theme---ballad,0.8056108163866784,1780379122782,0c0d66e93e524c959f92f82156a97011,0,f
val_pr_auc_mood/theme---calm,0.06247853658738808,1780379122782,0c0d66e93e524c959f92f82156a97011,0,f
val_roc_auc_mood/theme---calm,0.6578998003078587,1780379122782,0c0d66e93e524c959f92f82156a97011,0,f
val_pr_auc_mood/theme---children,0.1100496098341504,1780379122782,0c0d66e93e524c959f92f82156a97011,0,f
val_roc_auc_mood/theme---children,0.7626295698838863,1780379122782,0c0d66e93e524c959f92f82156a97011,0,f
val_pr_auc_mood/theme---christmas,0.06115049291063817,1780379122782,0c0d66e93e524c959f92f82156a97011,0,f
val_roc_auc_mood/theme---christmas,0.7719775838069829,1780379122782,0c0d66e93e524c959f92f82156a97011,0,f
val_pr_auc_mood/theme---commercial,0.09760837433783306,1780379122782,0c0d66e93e524c959f92f82156a97011,0,f
val_roc_auc_mood/theme---commercial,0.7283073036288471,1780379122782,0c0d66e93e524c959f92f82156a97011,0,f
val_pr_auc_mood/theme---cool,0.023988497361886837,1780379122782,0c0d66e93e524c959f92f82156a97011,0,f
val_roc_auc_mood/theme---cool,0.7339749594105158,1780379122782,0c0d66e93e524c959f92f82156a97011,0,f
val_pr_auc_mood/theme---corporate,0.15391128911282811,1780379122782,0c0d66e93e524c959f92f82156a97011,0,f
val_roc_auc_mood/theme---corporate,0.818955998454149,1780379122782,0c0d66e93e524c959f92f82156a97011,0,f
val_pr_auc_mood/theme---dark,0.13658202846163836,1780379122782,0c0d66e93e524c959f92f82156a97011,0,f
val_roc_auc_mood/theme---dark,0.7392390117117085,1780379122782,0c0d66e93e524c959f92f82156a97011,0,f
val_pr_auc_mood/theme---deep,0.22445273620656067,1780379122782,0c0d66e93e524c959f92f82156a97011,0,f
val_roc_auc_mood/theme---deep,0.8246582575307577,1780379122782,0c0d66e93e524c959f92f82156a97011,0,f
val_pr_auc_mood/theme---documentary,0.049290732112767965,1780379122782,0c0d66e93e524c959f92f82156a97011,0,f
val_roc_auc_mood/theme---documentary,0.6553035576563975,1780379122782,0c0d66e93e524c959f92f82156a97011,0,f
val_pr_auc_mood/theme---drama,0.07274811641071842,1780379122782,0c0d66e93e524c959f92f82156a97011,0,f
val_roc_auc_mood/theme---drama,0.7152238984674328,1780379122782,0c0d66e93e524c959f92f82156a97011,0,f
val_pr_auc_mood/theme---dramatic,0.01828363108428397,1780379122782,0c0d66e93e524c959f92f82156a97011,0,f
val_pr_auc_mood/theme---dream,0.11168237904951354,1780379122782,0c0d66e93e524c959f92f82156a97011,0,f
val_roc_auc_mood/theme---dream,0.6706711549186001,1780379122782,0c0d66e93e524c959f92f82156a97011,0,f
val_pr_auc_mood/theme---emotional,0.17922144144405924,1780379122782,0c0d66e93e524c959f92f82156a97011,0,f
val_roc_auc_mood/theme---emotional,0.6737560626572836,1780379122782,0c0d66e93e524c959f92f82156a97011,0,f
val_pr_auc_mood/theme---energetic,0.17291230793377765,1780379122782,0c0d66e93e524c959f92f82156a97011,0,f
val_roc_auc_mood/theme---energetic,0.7738958629206916,1780379122782,0c0d66e93e524c959f92f82156a97011,0,f
val_pr_auc_mood/theme---epic,0.428098512605212,1780379122782,0c0d66e93e524c959f92f82156a97011,0,f
val_roc_auc_mood/theme---epic,0.8980421550296931,1780379122782,0c0d66e93e524c959f92f82156a97011,0,f
val_pr_auc_mood/theme---fast,0.04540355964384457,1780379122782,0c0d66e93e524c959f92f82156a97011,0,f
val_roc_auc_mood/theme---fast,0.8873655475880051,1780379122782,0c0d66e93e524c959f92f82156a97011,0,f
val_pr_auc_mood/theme---film,0.1567803685088319,1780379122782,0c0d66e93e524c959f92f82156a97011,0,f
val_roc_auc_mood/theme---film,0.7274095605801731,1780379122782,0c0d66e93e524c959f92f82156a97011,0,f
val_pr_auc_mood/theme---fun,0.08559094363372574,1780379122782,0c0d66e93e524c959f92f82156a97011,0,f
val_roc_auc_mood/theme---fun,0.662554271048291,1780379122782,0c0d66e93e524c959f92f82156a97011,0,f
val_pr_auc_mood/theme---funny,0.01715841560887153,1780379122782,0c0d66e93e524c959f92f82156a97011,0,f
val_roc_auc_mood/theme---funny,0.7692166089487672,1780379122782,0c0d66e93e524c959f92f82156a97011,0,f
val_pr_auc_mood/theme---game,0.03377390985904318,1780379122782,0c0d66e93e524c959f92f82156a97011,0,f
val_roc_auc_mood/theme---game,0.5827493481095176,1780379122782,0c0d66e93e524c959f92f82156a97011,0,f
val_pr_auc_mood/theme---groovy,0.0670780435207011,1780379122782,0c0d66e93e524c959f92f82156a97011,0,f
val_roc_auc_mood/theme---groovy,0.8281123129567336,1780379122782,0c0d66e93e524c959f92f82156a97011,0,f
val_pr_auc_mood/theme---happy,0.276428983863749,1780379122782,0c0d66e93e524c959f92f82156a97011,0,f
val_roc_auc_mood/theme---happy,0.7558527589921599,1780379122782,0c0d66e93e524c959f92f82156a97011,0,f
val_pr_auc_mood/theme---heavy,0.09154498057264006,1780379122782,0c0d66e93e524c959f92f82156a97011,0,f
val_roc_auc_mood/theme---heavy,0.9065984868585029,1780379122782,0c0d66e93e524c959f92f82156a97011,0,f
val_pr_auc_mood/theme---holiday,0.01272373601210424,1780379122782,0c0d66e93e524c959f92f82156a97011,0,f
val_roc_auc_mood/theme---holiday,0.5173688801243885,1780379122782,0c0d66e93e524c959f92f82156a97011,0,f
val_pr_auc_mood/theme---hopeful,0.039717731051874754,1780379122782,0c0d66e93e524c959f92f82156a97011,0,f
val_roc_auc_mood/theme---hopeful,0.7250693338053933,1780379122782,0c0d66e93e524c959f92f82156a97011,0,f
val_pr_auc_mood/theme---inspiring,0.09369261382187666,1780379122782,0c0d66e93e524c959f92f82156a97011,0,f
val_roc_auc_mood/theme---inspiring,0.6522044783543531,1780379122782,0c0d66e93e524c959f92f82156a97011,0,f
val_pr_auc_mood/theme---love,0.11364887004218288,1780379122782,0c0d66e93e524c959f92f82156a97011,0,f
val_roc_auc_mood/theme---love,0.6791441110001577,1780379122782,0c0d66e93e524c959f92f82156a97011,0,f
val_pr_auc_mood/theme---meditative,0.15905990115485164,1780379122782,0c0d66e93e524c959f92f82156a97011,0,f
val_roc_auc_mood/theme---meditative,0.7909351911716289,1780379122782,0c0d66e93e524c959f92f82156a97011,0,f
val_pr_auc_mood/theme---melancholic,0.06805730552065517,1780379122782,0c0d66e93e524c959f92f82156a97011,0,f
val_roc_auc_mood/theme---melancholic,0.6985862860964459,1780379122782,0c0d66e93e524c959f92f82156a97011,0,f
val_pr_auc_mood/theme---melodic,0.13394426122257402,1780379122782,0c0d66e93e524c959f92f82156a97011,0,f
val_roc_auc_mood/theme---melodic,0.5897862804183231,1780379122782,0c0d66e93e524c959f92f82156a97011,0,f
val_pr_auc_mood/theme---motivational,0.20177376945959177,1780379122782,0c0d66e93e524c959f92f82156a97011,0,f
val_roc_auc_mood/theme---motivational,0.8575834004114123,1780379122782,0c0d66e93e524c959f92f82156a97011,0,f
val_pr_auc_mood/theme---movie,0.11033570891109262,1780379122782,0c0d66e93e524c959f92f82156a97011,0,f
val_roc_auc_mood/theme---movie,0.7737689423471358,1780379122782,0c0d66e93e524c959f92f82156a97011,0,f
val_pr_auc_mood/theme---nature,0.03414177498129754,1780379122782,0c0d66e93e524c959f92f82156a97011,0,f
val_roc_auc_mood/theme---nature,0.6997673987772998,1780379122782,0c0d66e93e524c959f92f82156a97011,0,f
val_pr_auc_mood/theme---party,0.08308329617128844,1780379122782,0c0d66e93e524c959f92f82156a97011,0,f
val_roc_auc_mood/theme---party,0.8186973283127129,1780379122782,0c0d66e93e524c959f92f82156a97011,0,f
val_pr_auc_mood/theme---positive,0.05330343752340392,1780379122782,0c0d66e93e524c959f92f82156a97011,0,f
val_roc_auc_mood/theme---positive,0.7243010968432317,1780379122782,0c0d66e93e524c959f92f82156a97011,0,f
val_pr_auc_mood/theme---powerful,0.020433017054249988,1780379122782,0c0d66e93e524c959f92f82156a97011,0,f
val_roc_auc_mood/theme---powerful,0.6597614528146869,1780379122782,0c0d66e93e524c959f92f82156a97011,0,f
val_pr_auc_mood/theme---relaxing,0.24156376275185107,1780379122782,0c0d66e93e524c959f92f82156a97011,0,f
val_roc_auc_mood/theme---relaxing,0.7724590475179448,1780379122782,0c0d66e93e524c959f92f82156a97011,0,f
val_pr_auc_mood/theme---retro,0.011259036405785988,1780379122782,0c0d66e93e524c959f92f82156a97011,0,f
val_roc_auc_mood/theme---retro,0.5241924501138125,1780379122782,0c0d66e93e524c959f92f82156a97011,0,f
val_pr_auc_mood/theme---romantic,0.09308449019851026,1780379122782,0c0d66e93e524c959f92f82156a97011,0,f
val_roc_auc_mood/theme---romantic,0.7086829901175951,1780379122782,0c0d66e93e524c959f92f82156a97011,0,f
val_pr_auc_mood/theme---sad,0.0872156110665693,1780379122782,0c0d66e93e524c959f92f82156a97011,0,f
val_roc_auc_mood/theme---sad,0.7179169342155467,1780379122782,0c0d66e93e524c959f92f82156a97011,0,f
val_pr_auc_mood/theme---sexy,0.03820857098978304,1780379122782,0c0d66e93e524c959f92f82156a97011,0,f
val_roc_auc_mood/theme---sexy,0.7223071677254944,1780379122782,0c0d66e93e524c959f92f82156a97011,0,f
val_pr_auc_mood/theme---slow,0.02836868129026169,1780379122782,0c0d66e93e524c959f92f82156a97011,0,f
val_roc_auc_mood/theme---slow,0.7392914840183797,1780379122782,0c0d66e93e524c959f92f82156a97011,0,f
val_pr_auc_mood/theme---soft,0.051361112876285045,1780379122782,0c0d66e93e524c959f92f82156a97011,0,f
val_roc_auc_mood/theme---soft,0.6775982835465433,1780379122782,0c0d66e93e524c959f92f82156a97011,0,f
val_pr_auc_mood/theme---soundscape,0.028961312191785903,1780379122782,0c0d66e93e524c959f92f82156a97011,0,f
val_roc_auc_mood/theme---soundscape,0.7464447984894081,1780379122782,0c0d66e93e524c959f92f82156a97011,0,f
val_pr_auc_mood/theme---space,0.059834197895109416,1780379122782,0c0d66e93e524c959f92f82156a97011,0,f
val_roc_auc_mood/theme---space,0.7682359387366389,1780379122782,0c0d66e93e524c959f92f82156a97011,0,f
val_pr_auc_mood/theme---sport,0.04503648956333293,1780379122782,0c0d66e93e524c959f92f82156a97011,0,f
val_roc_auc_mood/theme---sport,0.8813482297667655,1780379122782,0c0d66e93e524c959f92f82156a97011,0,f
val_pr_auc_mood/theme---summer,0.2544657917287506,1780379122782,0c0d66e93e524c959f92f82156a97011,0,f
val_roc_auc_mood/theme---summer,0.8471369643560427,1780379122782,0c0d66e93e524c959f92f82156a97011,0,f
val_pr_auc_mood/theme---trailer,0.20224721497194895,1780379122782,0c0d66e93e524c959f92f82156a97011,0,f
val_roc_auc_mood/theme---trailer,0.9154684202777642,1780379122782,0c0d66e93e524c959f92f82156a97011,0,f
val_pr_auc_mood/theme---travel,0.031413268808809416,1780379122782,0c0d66e93e524c959f92f82156a97011,0,f
val_roc_auc_mood/theme---travel,0.6144580933892342,1780379122782,0c0d66e93e524c959f92f82156a97011,0,f
val_pr_auc_mood/theme---upbeat,0.048176980231764706,1780379122782,0c0d66e93e524c959f92f82156a97011,0,f
val_roc_auc_mood/theme---upbeat,0.6239606556023449,1780379122782,0c0d66e93e524c959f92f82156a97011,0,f
val_pr_auc_mood/theme---uplifting,0.07374330591815037,1780379122782,0c0d66e93e524c959f92f82156a97011,0,f
val_roc_auc_mood/theme---uplifting,0.7001877613388404,1780379122782,0c0d66e93e524c959f92f82156a97011,0,f
val_macro_pr_auc,0.09972796524599488,1780379122782,0c0d66e93e524c959f92f82156a97011,0,f
val_macro_roc_auc,0.7289457094940557,1780379122782,0c0d66e93e524c959f92f82156a97011,0,f
val_pr_auc_mood/theme---movie,0.11623537356240475,1780380095426,0c0d66e93e524c959f92f82156a97011,1,f
val_roc_auc_mood/theme---soft,0.6370398407729995,1780380095426,0c0d66e93e524c959f92f82156a97011,1,f
val_pr_auc_mood/theme---soundscape,0.028699599740648524,1780380095426,0c0d66e93e524c959f92f82156a97011,1,f
val_roc_auc_mood/theme---soundscape,0.741429161503511,1780380095426,0c0d66e93e524c959f92f82156a97011,1,f
val_pr_auc_mood/theme---space,0.057698149880453645,1780380095426,0c0d66e93e524c959f92f82156a97011,1,f
val_roc_auc_mood/theme---space,0.7730803016202958,1780380095426,0c0d66e93e524c959f92f82156a97011,1,f
val_pr_auc_mood/theme---sport,0.06584987836804157,1780380095426,0c0d66e93e524c959f92f82156a97011,1,f
val_roc_auc_mood/theme---sport,0.8967503775378936,1780380095426,0c0d66e93e524c959f92f82156a97011,1,f
val_pr_auc_mood/theme---summer,0.19815588470923312,1780380095426,0c0d66e93e524c959f92f82156a97011,1,f
val_roc_auc_mood/theme---summer,0.8471073523620007,1780380095426,0c0d66e93e524c959f92f82156a97011,1,f
val_pr_auc_mood/theme---trailer,0.1763395146098554,1780380095426,0c0d66e93e524c959f92f82156a97011,1,f
val_roc_auc_mood/theme---trailer,0.9139206722511428,1780380095426,0c0d66e93e524c959f92f82156a97011,1,f
val_pr_auc_mood/theme---travel,0.014718622146126084,1780380095426,0c0d66e93e524c959f92f82156a97011,1,f
val_roc_auc_mood/theme---travel,0.5579427614371087,1780380095426,0c0d66e93e524c959f92f82156a97011,1,f
val_pr_auc_mood/theme---upbeat,0.0537670035809887,1780380095426,0c0d66e93e524c959f92f82156a97011,1,f
val_roc_auc_mood/theme---upbeat,0.675859755594088,1780380095426,0c0d66e93e524c959f92f82156a97011,1,f
val_pr_auc_mood/theme---uplifting,0.066297827267678,1780380095426,0c0d66e93e524c959f92f82156a97011,1,f
val_roc_auc_mood/theme---uplifting,0.6778999404898686,1780380095426,0c0d66e93e524c959f92f82156a97011,1,f
train_loss,0.048914991646485495,1780379842765,0c0d66e93e524c959f92f82156a97011,1,f
val_macro_roc_auc,0.7201232710615332,1780380095426,0c0d66e93e524c959f92f82156a97011,1,f
val_roc_auc_mood/theme---movie,0.7875386523436094,1780380095426,0c0d66e93e524c959f92f82156a97011,1,f
val_pr_auc_mood/theme---nature,0.026955608885104815,1780380095426,0c0d66e93e524c959f92f82156a97011,1,f
avg_train_loss,0.048914991646485495,1780379841310,0c0d66e93e524c959f92f82156a97011,1,f
stdev_train_loss,0.004410791281204706,1780379842345,0c0d66e93e524c959f92f82156a97011,1,f
val_roc_auc_mood/theme---nature,0.6865605895308868,1780380095426,0c0d66e93e524c959f92f82156a97011,1,f
val_pr_auc_mood/theme---party,0.07991682635824382,1780380095426,0c0d66e93e524c959f92f82156a97011,1,f
val_roc_auc_mood/theme---party,0.811278465124619,1780380095426,0c0d66e93e524c959f92f82156a97011,1,f
val_pr_auc_mood/theme---positive,0.05006720938301843,1780380095426,0c0d66e93e524c959f92f82156a97011,1,f
val_roc_auc_mood/theme---positive,0.7040111690743713,1780380095426,0c0d66e93e524c959f92f82156a97011,1,f
val_pr_auc_mood/theme---powerful,0.02157742033542999,1780380095426,0c0d66e93e524c959f92f82156a97011,1,f
val_roc_auc_mood/theme---powerful,0.6499759186333117,1780380095426,0c0d66e93e524c959f92f82156a97011,1,f
val_pr_auc_mood/theme---relaxing,0.16228309970687388,1780380095426,0c0d66e93e524c959f92f82156a97011,1,f
val_roc_auc_mood/theme---relaxing,0.7429277349970194,1780380095426,0c0d66e93e524c959f92f82156a97011,1,f
val_pr_auc_mood/theme---retro,0.011490117189623074,1780380095426,0c0d66e93e524c959f92f82156a97011,1,f
val_roc_auc_mood/theme---retro,0.5128955065142249,1780380095426,0c0d66e93e524c959f92f82156a97011,1,f
val_pr_auc_mood/theme---romantic,0.06853573535638544,1780380095426,0c0d66e93e524c959f92f82156a97011,1,f
val_roc_auc_mood/theme---romantic,0.6599610776790151,1780380095426,0c0d66e93e524c959f92f82156a97011,1,f
val_pr_auc_mood/theme---sad,0.08072294148716395,1780380095426,0c0d66e93e524c959f92f82156a97011,1,f
val_roc_auc_mood/theme---sad,0.7089403203141723,1780380095426,0c0d66e93e524c959f92f82156a97011,1,f
val_pr_auc_mood/theme---sexy,0.035379197530042414,1780380095426,0c0d66e93e524c959f92f82156a97011,1,f
val_roc_auc_mood/theme---sexy,0.6927030616273644,1780380095426,0c0d66e93e524c959f92f82156a97011,1,f
val_pr_auc_mood/theme---slow,0.026480392702670393,1780380095426,0c0d66e93e524c959f92f82156a97011,1,f
val_roc_auc_mood/theme---slow,0.7035989471406212,1780380095426,0c0d66e93e524c959f92f82156a97011,1,f
val_loss_avg,0.053576509567774495,1780380095426,0c0d66e93e524c959f92f82156a97011,1,f
val_loss_std,0.01935789988212915,1780380095426,0c0d66e93e524c959f92f82156a97011,1,f
val_pr_auc_mood/theme---action,0.15395676785362006,1780380095426,0c0d66e93e524c959f92f82156a97011,1,f
val_roc_auc_mood/theme---action,0.7589683868306766,1780380095426,0c0d66e93e524c959f92f82156a97011,1,f
val_pr_auc_mood/theme---adventure,0.06353158099025966,1780380095426,0c0d66e93e524c959f92f82156a97011,1,f
val_roc_auc_mood/theme---adventure,0.647387700019279,1780380095426,0c0d66e93e524c959f92f82156a97011,1,f
val_pr_auc_mood/theme---advertising,0.14569812223885076,1780380095426,0c0d66e93e524c959f92f82156a97011,1,f
val_roc_auc_mood/theme---advertising,0.7987641568255209,1780380095426,0c0d66e93e524c959f92f82156a97011,1,f
val_pr_auc_mood/theme---background,0.008683020196514114,1780380095426,0c0d66e93e524c959f92f82156a97011,1,f
val_macro_pr_auc,0.09214501249110214,1780380095426,0c0d66e93e524c959f92f82156a97011,1,f
val_roc_auc_mood/theme---background,0.4847314323607427,1780380095426,0c0d66e93e524c959f92f82156a97011,1,f
val_pr_auc_mood/theme---ballad,0.09614166224546565,1780380095426,0c0d66e93e524c959f92f82156a97011,1,f
val_roc_auc_mood/theme---ballad,0.8195227306218685,1780380095426,0c0d66e93e524c959f92f82156a97011,1,f
val_pr_auc_mood/theme---calm,0.14847311072382585,1780380095426,0c0d66e93e524c959f92f82156a97011,1,f
val_roc_auc_mood/theme---calm,0.7603408287223863,1780380095426,0c0d66e93e524c959f92f82156a97011,1,f
val_pr_auc_mood/theme---soft,0.048709715722432184,1780380095426,0c0d66e93e524c959f92f82156a97011,1,f
val_pr_auc_mood/theme---children,0.07616713363880356,1780380095426,0c0d66e93e524c959f92f82156a97011,1,f
val_roc_auc_mood/theme---children,0.702843179085373,1780380095426,0c0d66e93e524c959f92f82156a97011,1,f
val_pr_auc_mood/theme---christmas,0.06368888666179662,1780380095426,0c0d66e93e524c959f92f82156a97011,1,f
val_roc_auc_mood/theme---christmas,0.7490575339287786,1780380095426,0c0d66e93e524c959f92f82156a97011,1,f
val_pr_auc_mood/theme---commercial,0.08582373229257154,1780380095426,0c0d66e93e524c959f92f82156a97011,1,f
val_roc_auc_mood/theme---commercial,0.7367593017914561,1780380095426,0c0d66e93e524c959f92f82156a97011,1,f
val_pr_auc_mood/theme---cool,0.029573748795381914,1780380095426,0c0d66e93e524c959f92f82156a97011,1,f
val_roc_auc_mood/theme---cool,0.7762192456600474,1780380095426,0c0d66e93e524c959f92f82156a97011,1,f
val_pr_auc_mood/theme---corporate,0.11044987439116208,1780380095426,0c0d66e93e524c959f92f82156a97011,1,f
val_roc_auc_mood/theme---corporate,0.748962531515118,1780380095426,0c0d66e93e524c959f92f82156a97011,1,f
val_pr_auc_mood/theme---dark,0.08693466846384923,1780380095426,0c0d66e93e524c959f92f82156a97011,1,f
val_roc_auc_mood/theme---dark,0.6018843473338013,1780380095426,0c0d66e93e524c959f92f82156a97011,1,f
val_pr_auc_mood/theme---deep,0.2073397042237576,1780380095426,0c0d66e93e524c959f92f82156a97011,1,f
val_roc_auc_mood/theme---deep,0.8118620839593598,1780380095426,0c0d66e93e524c959f92f82156a97011,1,f
val_pr_auc_mood/theme---documentary,0.04804725744172897,1780380095426,0c0d66e93e524c959f92f82156a97011,1,f
val_roc_auc_mood/theme---documentary,0.648380060859592,1780380095426,0c0d66e93e524c959f92f82156a97011,1,f
val_pr_auc_mood/theme---drama,0.07149944645150214,1780380095426,0c0d66e93e524c959f92f82156a97011,1,f
val_roc_auc_mood/theme---drama,0.6944893438697317,1780380095426,0c0d66e93e524c959f92f82156a97011,1,f
val_pr_auc_mood/theme---dramatic,0.0192409330915197,1780380095426,0c0d66e93e524c959f92f82156a97011,1,f
val_roc_auc_mood/theme---dramatic,0.6775867990508305,1780380095426,0c0d66e93e524c959f92f82156a97011,1,f
val_pr_auc_mood/theme---dream,0.10104072982023819,1780380095426,0c0d66e93e524c959f92f82156a97011,1,f
val_roc_auc_mood/theme---dream,0.6980414289841634,1780380095426,0c0d66e93e524c959f92f82156a97011,1,f
val_pr_auc_mood/theme---emotional,0.15091995021767846,1780380095426,0c0d66e93e524c959f92f82156a97011,1,f
val_roc_auc_mood/theme---emotional,0.6461522199591012,1780380095426,0c0d66e93e524c959f92f82156a97011,1,f
val_pr_auc_mood/theme---energetic,0.2106893662123423,1780380095426,0c0d66e93e524c959f92f82156a97011,1,f
val_roc_auc_mood/theme---energetic,0.7573610140732608,1780380095426,0c0d66e93e524c959f92f82156a97011,1,f
val_pr_auc_mood/theme---epic,0.39067958078047305,1780380095426,0c0d66e93e524c959f92f82156a97011,1,f
val_roc_auc_mood/theme---epic,0.8974046405126473,1780380095426,0c0d66e93e524c959f92f82156a97011,1,f
val_pr_auc_mood/theme---fast,0.04503678358871296,1780380095426,0c0d66e93e524c959f92f82156a97011,1,f
val_roc_auc_mood/theme---fast,0.8610760267275097,1780380095426,0c0d66e93e524c959f92f82156a97011,1,f
val_pr_auc_mood/theme---film,0.1354308667010602,1780380095426,0c0d66e93e524c959f92f82156a97011,1,f
val_roc_auc_mood/theme---film,0.7065458095724144,1780380095426,0c0d66e93e524c959f92f82156a97011,1,f
val_pr_auc_mood/theme---fun,0.09319541574293418,1780380095426,0c0d66e93e524c959f92f82156a97011,1,f
val_roc_auc_mood/theme---fun,0.6996501505166381,1780380095426,0c0d66e93e524c959f92f82156a97011,1,f
val_pr_auc_mood/theme---funny,0.021004934675773638,1780380095426,0c0d66e93e524c959f92f82156a97011,1,f
val_roc_auc_mood/theme---funny,0.8073104225870658,1780380095426,0c0d66e93e524c959f92f82156a97011,1,f
val_pr_auc_mood/theme---game,0.014727116251449242,1780380095426,0c0d66e93e524c959f92f82156a97011,1,f
val_roc_auc_mood/theme---game,0.5195567144719687,1780380095426,0c0d66e93e524c959f92f82156a97011,1,f
val_pr_auc_mood/theme---groovy,0.06671205426939601,1780380095426,0c0d66e93e524c959f92f82156a97011,1,f
val_roc_auc_mood/theme---groovy,0.7987871186637281,1780380095426,0c0d66e93e524c959f92f82156a97011,1,f
val_pr_auc_mood/theme---happy,0.2740270670595477,1780380095426,0c0d66e93e524c959f92f82156a97011,1,f
val_roc_auc_mood/theme---happy,0.7667802531569813,1780380095426,0c0d66e93e524c959f92f82156a97011,1,f
val_pr_auc_mood/theme---heavy,0.0866341419596273,1780380095426,0c0d66e93e524c959f92f82156a97011,1,f
val_roc_auc_mood/theme---heavy,0.9156435675406224,1780380095426,0c0d66e93e524c959f92f82156a97011,1,f
val_pr_auc_mood/theme---holiday,0.012127272195240481,1780380095426,0c0d66e93e524c959f92f82156a97011,1,f
val_roc_auc_mood/theme---holiday,0.48718191816147743,1780380095426,0c0d66e93e524c959f92f82156a97011,1,f
val_pr_auc_mood/theme---hopeful,0.051462213808596675,1780380095426,0c0d66e93e524c959f92f82156a97011,1,f
val_roc_auc_mood/theme---hopeful,0.7452720245471174,1780380095426,0c0d66e93e524c959f92f82156a97011,1,f
val_pr_auc_mood/theme---inspiring,0.10001606520294251,1780380095426,0c0d66e93e524c959f92f82156a97011,1,f
val_roc_auc_mood/theme---inspiring,0.6867769407271911,1780380095426,0c0d66e93e524c959f92f82156a97011,1,f
val_pr_auc_mood/theme---love,0.10348577926229674,1780380095426,0c0d66e93e524c959f92f82156a97011,1,f
val_roc_auc_mood/theme---love,0.6357649655752351,1780380095426,0c0d66e93e524c959f92f82156a97011,1,f
val_pr_auc_mood/theme---meditative,0.12966847943786697,1780380095426,0c0d66e93e524c959f92f82156a97011,1,f
val_roc_auc_mood/theme---meditative,0.7618427808891488,1780380095426,0c0d66e93e524c959f92f82156a97011,1,f
val_pr_auc_mood/theme---melancholic,0.06217021404377866,1780380095426,0c0d66e93e524c959f92f82156a97011,1,f
val_roc_auc_mood/theme---melancholic,0.6929272811147642,1780380095426,0c0d66e93e524c959f92f82156a97011,1,f
val_pr_auc_mood/theme---melodic,0.12480638233466333,1780380095426,0c0d66e93e524c959f92f82156a97011,1,f
val_roc_auc_mood/theme---melodic,0.5859111886252564,1780380095426,0c0d66e93e524c959f92f82156a97011,1,f
val_pr_auc_mood/theme---motivational,0.18115651771407368,1780380095426,0c0d66e93e524c959f92f82156a97011,1,f
val_roc_auc_mood/theme---motivational,0.8577354440568823,1780380095426,0c0d66e93e524c959f92f82156a97011,1,f
val_pr_auc_mood/theme---dark,0.0946905493717542,1780381041671,0c0d66e93e524c959f92f82156a97011,2,f
val_loss_avg,0.05399450322738299,1780381041671,0c0d66e93e524c959f92f82156a97011,2,f
val_loss_std,0.02336088492301615,1780381041671,0c0d66e93e524c959f92f82156a97011,2,f
val_pr_auc_mood/theme---action,0.12895692217342353,1780381041671,0c0d66e93e524c959f92f82156a97011,2,f
val_roc_auc_mood/theme---action,0.7893781692020283,1780381041671,0c0d66e93e524c959f92f82156a97011,2,f
val_pr_auc_mood/theme---adventure,0.03126528295197187,1780381041671,0c0d66e93e524c959f92f82156a97011,2,f
val_roc_auc_mood/theme---adventure,0.5713425046131813,1780381041671,0c0d66e93e524c959f92f82156a97011,2,f
val_pr_auc_mood/theme---advertising,0.1579647820711509,1780381041671,0c0d66e93e524c959f92f82156a97011,2,f
val_roc_auc_mood/theme---advertising,0.7686572303339941,1780381041671,0c0d66e93e524c959f92f82156a97011,2,f
val_pr_auc_mood/theme---background,0.0235794588823503,1780381041671,0c0d66e93e524c959f92f82156a97011,2,f
val_roc_auc_mood/theme---background,0.6594661803713529,1780381041671,0c0d66e93e524c959f92f82156a97011,2,f
val_pr_auc_mood/theme---ballad,0.08079481092377436,1780381041671,0c0d66e93e524c959f92f82156a97011,2,f
val_roc_auc_mood/theme---ballad,0.8033313071028588,1780381041671,0c0d66e93e524c959f92f82156a97011,2,f
val_pr_auc_mood/theme---calm,0.07778617606015131,1780381041671,0c0d66e93e524c959f92f82156a97011,2,f
val_roc_auc_mood/theme---calm,0.6978226276157591,1780381041671,0c0d66e93e524c959f92f82156a97011,2,f
val_pr_auc_mood/theme---children,0.09514095529576982,1780381041671,0c0d66e93e524c959f92f82156a97011,2,f
val_roc_auc_mood/theme---children,0.7592047951409724,1780381041671,0c0d66e93e524c959f92f82156a97011,2,f
stdev_train_loss,0.004355556203807318,1780380777393,0c0d66e93e524c959f92f82156a97011,2,f
train_loss,0.048329050409334134,1780380777825,0c0d66e93e524c959f92f82156a97011,2,f
avg_train_loss,0.048329050409334134,1780380776289,0c0d66e93e524c959f92f82156a97011,2,f
val_pr_auc_mood/theme---christmas,0.07386163955182237,1780381041671,0c0d66e93e524c959f92f82156a97011,2,f
val_roc_auc_mood/theme---christmas,0.7849981150678575,1780381041671,0c0d66e93e524c959f92f82156a97011,2,f
val_pr_auc_mood/theme---commercial,0.06738494317443715,1780381041671,0c0d66e93e524c959f92f82156a97011,2,f
val_roc_auc_mood/theme---commercial,0.7335630071964477,1780381041671,0c0d66e93e524c959f92f82156a97011,2,f
val_pr_auc_mood/theme---cool,0.016193969658874516,1780381041671,0c0d66e93e524c959f92f82156a97011,2,f
val_roc_auc_mood/theme---cool,0.683019545397777,1780381041671,0c0d66e93e524c959f92f82156a97011,2,f
val_pr_auc_mood/theme---corporate,0.15996461606837328,1780381041671,0c0d66e93e524c959f92f82156a97011,2,f
val_roc_auc_mood/theme---corporate,0.8046476747823846,1780381041671,0c0d66e93e524c959f92f82156a97011,2,f
val_roc_auc_mood/theme---dark,0.6687287322963604,1780381041671,0c0d66e93e524c959f92f82156a97011,2,f
val_pr_auc_mood/theme---deep,0.19828756907060327,1780381041671,0c0d66e93e524c959f92f82156a97011,2,f
val_roc_auc_mood/theme---deep,0.801845661685632,1780381041671,0c0d66e93e524c959f92f82156a97011,2,f
val_pr_auc_mood/theme---documentary,0.041664324793670965,1780381041671,0c0d66e93e524c959f92f82156a97011,2,f
val_roc_auc_mood/theme---documentary,0.6205844200328385,1780381041671,0c0d66e93e524c959f92f82156a97011,2,f
val_pr_auc_mood/theme---drama,0.06259328225338043,1780381041671,0c0d66e93e524c959f92f82156a97011,2,f
val_roc_auc_mood/theme---drama,0.7114014607279694,1780381041671,0c0d66e93e524c959f92f82156a97011,2,f
val_pr_auc_mood/theme---dramatic,0.022406773369832378,1780381041671,0c0d66e93e524c959f92f82156a97011,2,f
val_roc_auc_mood/theme---dramatic,0.6916760334707132,1780381041671,0c0d66e93e524c959f92f82156a97011,2,f
val_pr_auc_mood/theme---dream,0.1053893750504118,1780381041671,0c0d66e93e524c959f92f82156a97011,2,f
val_roc_auc_mood/theme---dream,0.6295848366961627,1780381041671,0c0d66e93e524c959f92f82156a97011,2,f
val_pr_auc_mood/theme---emotional,0.14165608446944133,1780381041671,0c0d66e93e524c959f92f82156a97011,2,f
val_roc_auc_mood/theme---emotional,0.6456066316221698,1780381041671,0c0d66e93e524c959f92f82156a97011,2,f
val_pr_auc_mood/theme---energetic,0.2067708074202668,1780381041671,0c0d66e93e524c959f92f82156a97011,2,f
val_roc_auc_mood/theme---energetic,0.7774998587022007,1780381041671,0c0d66e93e524c959f92f82156a97011,2,f
val_pr_auc_mood/theme---epic,0.44024344292687473,1780381041671,0c0d66e93e524c959f92f82156a97011,2,f
val_roc_auc_mood/theme---epic,0.9040170003871212,1780381041671,0c0d66e93e524c959f92f82156a97011,2,f
val_pr_auc_mood/theme---fast,0.049378843613977215,1780381041671,0c0d66e93e524c959f92f82156a97011,2,f
val_roc_auc_mood/theme---fast,0.8750101857887874,1780381041671,0c0d66e93e524c959f92f82156a97011,2,f
val_pr_auc_mood/theme---film,0.1658456348811916,1780381041671,0c0d66e93e524c959f92f82156a97011,2,f
val_roc_auc_mood/theme---film,0.7300663456631238,1780381041671,0c0d66e93e524c959f92f82156a97011,2,f
val_pr_auc_mood/theme---fun,0.09094742562088558,1780381041671,0c0d66e93e524c959f92f82156a97011,2,f
val_roc_auc_mood/theme---fun,0.7050399035510093,1780381041671,0c0d66e93e524c959f92f82156a97011,2,f
val_pr_auc_mood/theme---funny,0.015852498125928448,1780381041671,0c0d66e93e524c959f92f82156a97011,2,f
val_roc_auc_mood/theme---funny,0.7639126983213871,1780381041671,0c0d66e93e524c959f92f82156a97011,2,f
val_pr_auc_mood/theme---game,0.029691382981633544,1780381041671,0c0d66e93e524c959f92f82156a97011,2,f
val_roc_auc_mood/theme---game,0.6204571382007823,1780381041671,0c0d66e93e524c959f92f82156a97011,2,f
val_pr_auc_mood/theme---groovy,0.06942733391213338,1780381041671,0c0d66e93e524c959f92f82156a97011,2,f
val_roc_auc_mood/theme---groovy,0.8165163554112053,1780381041671,0c0d66e93e524c959f92f82156a97011,2,f
val_pr_auc_mood/theme---happy,0.28532865017510334,1780381041671,0c0d66e93e524c959f92f82156a97011,2,f
val_roc_auc_mood/theme---happy,0.7704070411155665,1780381041671,0c0d66e93e524c959f92f82156a97011,2,f
val_pr_auc_mood/theme---heavy,0.1393747758877338,1780381041671,0c0d66e93e524c959f92f82156a97011,2,f
val_roc_auc_mood/theme---heavy,0.9045402284988382,1780381041671,0c0d66e93e524c959f92f82156a97011,2,f
val_pr_auc_mood/theme---holiday,0.013694408503552163,1780381041671,0c0d66e93e524c959f92f82156a97011,2,f
val_roc_auc_mood/theme---holiday,0.6048731464977816,1780381041671,0c0d66e93e524c959f92f82156a97011,2,f
val_pr_auc_mood/theme---hopeful,0.02749538299962642,1780381041671,0c0d66e93e524c959f92f82156a97011,2,f
val_roc_auc_mood/theme---hopeful,0.713902165575028,1780381041671,0c0d66e93e524c959f92f82156a97011,2,f
val_pr_auc_mood/theme---inspiring,0.08333613906954204,1780381041671,0c0d66e93e524c959f92f82156a97011,2,f
val_roc_auc_mood/theme---inspiring,0.6436059898591187,1780381041671,0c0d66e93e524c959f92f82156a97011,2,f
val_pr_auc_mood/theme---love,0.10505118132943883,1780381041671,0c0d66e93e524c959f92f82156a97011,2,f
val_roc_auc_mood/theme---love,0.6395792820728439,1780381041671,0c0d66e93e524c959f92f82156a97011,2,f
val_pr_auc_mood/theme---meditative,0.134949323305912,1780381041671,0c0d66e93e524c959f92f82156a97011,2,f
val_roc_auc_mood/theme---meditative,0.7730385993882644,1780381041671,0c0d66e93e524c959f92f82156a97011,2,f
val_pr_auc_mood/theme---melancholic,0.06246478326820026,1780381041671,0c0d66e93e524c959f92f82156a97011,2,f
val_roc_auc_mood/theme---melancholic,0.7057183165283951,1780381041671,0c0d66e93e524c959f92f82156a97011,2,f
val_pr_auc_mood/theme---melodic,0.13035601568941071,1780381041671,0c0d66e93e524c959f92f82156a97011,2,f
val_roc_auc_mood/theme---melodic,0.584398185662556,1780381041671,0c0d66e93e524c959f92f82156a97011,2,f
val_pr_auc_mood/theme---motivational,0.15842711076607277,1780381041671,0c0d66e93e524c959f92f82156a97011,2,f
val_roc_auc_mood/theme---motivational,0.8026044182094624,1780381041671,0c0d66e93e524c959f92f82156a97011,2,f
val_pr_auc_mood/theme---movie,0.1543135861957425,1780381041671,0c0d66e93e524c959f92f82156a97011,2,f
val_roc_auc_mood/theme---movie,0.8229560736655495,1780381041671,0c0d66e93e524c959f92f82156a97011,2,f
val_pr_auc_mood/theme---nature,0.03254342068606763,1780381041671,0c0d66e93e524c959f92f82156a97011,2,f
val_roc_auc_mood/theme---nature,0.713056544739713,1780381041671,0c0d66e93e524c959f92f82156a97011,2,f
val_pr_auc_mood/theme---party,0.09215576076613624,1780381041671,0c0d66e93e524c959f92f82156a97011,2,f
val_roc_auc_mood/theme---party,0.8170771536156152,1780381041671,0c0d66e93e524c959f92f82156a97011,2,f
val_pr_auc_mood/theme---positive,0.05740720414507197,1780381041671,0c0d66e93e524c959f92f82156a97011,2,f
val_roc_auc_mood/theme---positive,0.736268559390048,1780381041671,0c0d66e93e524c959f92f82156a97011,2,f
val_pr_auc_mood/theme---powerful,0.02076996153566638,1780381041671,0c0d66e93e524c959f92f82156a97011,2,f
val_roc_auc_mood/theme---powerful,0.6669575318015695,1780381041671,0c0d66e93e524c959f92f82156a97011,2,f
val_pr_auc_mood/theme---relaxing,0.2504671805592044,1780381041671,0c0d66e93e524c959f92f82156a97011,2,f
val_roc_auc_mood/theme---relaxing,0.7678962959031186,1780381041671,0c0d66e93e524c959f92f82156a97011,2,f
val_pr_auc_mood/theme---retro,0.010814315443179272,1780381041671,0c0d66e93e524c959f92f82156a97011,2,f
val_roc_auc_mood/theme---retro,0.523336424536806,1780381041671,0c0d66e93e524c959f92f82156a97011,2,f
val_pr_auc_mood/theme---romantic,0.09871445315079469,1780381041671,0c0d66e93e524c959f92f82156a97011,2,f
val_roc_auc_mood/theme---romantic,0.7143465098732034,1780381041671,0c0d66e93e524c959f92f82156a97011,2,f
val_pr_auc_mood/theme---sad,0.0899878071455898,1780381041671,0c0d66e93e524c959f92f82156a97011,2,f
val_roc_auc_mood/theme---sad,0.7296369710674968,1780381041671,0c0d66e93e524c959f92f82156a97011,2,f
val_pr_auc_mood/theme---sexy,0.06176216105668314,1780381041671,0c0d66e93e524c959f92f82156a97011,2,f
val_roc_auc_mood/theme---sexy,0.7076056135817093,1780381041671,0c0d66e93e524c959f92f82156a97011,2,f
val_pr_auc_mood/theme---slow,0.030310589013069128,1780381041671,0c0d66e93e524c959f92f82156a97011,2,f
val_roc_auc_mood/theme---slow,0.728028103091642,1780381041671,0c0d66e93e524c959f92f82156a97011,2,f
val_pr_auc_mood/theme---soft,0.05702049185447903,1780381041671,0c0d66e93e524c959f92f82156a97011,2,f
val_roc_auc_mood/theme---soft,0.7009071345944474,1780381041671,0c0d66e93e524c959f92f82156a97011,2,f
val_pr_auc_mood/theme---soundscape,0.026650508060776148,1780381041671,0c0d66e93e524c959f92f82156a97011,2,f
val_roc_auc_mood/theme---soundscape,0.7304390157550009,1780381041671,0c0d66e93e524c959f92f82156a97011,2,f
val_pr_auc_mood/theme---space,0.05970748418492464,1780381041671,0c0d66e93e524c959f92f82156a97011,2,f
val_roc_auc_mood/theme---space,0.7657746197131651,1780381041671,0c0d66e93e524c959f92f82156a97011,2,f
val_pr_auc_mood/theme---sport,0.07002578195884936,1780381041671,0c0d66e93e524c959f92f82156a97011,2,f
val_roc_auc_mood/theme---sport,0.8992183567313609,1780381041671,0c0d66e93e524c959f92f82156a97011,2,f
val_pr_auc_mood/theme---summer,0.1802983207839915,1780381041671,0c0d66e93e524c959f92f82156a97011,2,f
val_roc_auc_mood/theme---summer,0.8086532168989728,1780381041671,0c0d66e93e524c959f92f82156a97011,2,f
val_pr_auc_mood/theme---trailer,0.18249140118187637,1780381041671,0c0d66e93e524c959f92f82156a97011,2,f
val_roc_auc_mood/theme---trailer,0.9246416585818854,1780381041671,0c0d66e93e524c959f92f82156a97011,2,f
val_pr_auc_mood/theme---travel,0.04546486125737999,1780381041671,0c0d66e93e524c959f92f82156a97011,2,f
val_roc_auc_mood/theme---travel,0.5652131356139578,1780381041671,0c0d66e93e524c959f92f82156a97011,2,f
val_pr_auc_mood/theme---upbeat,0.050226561019659666,1780381041671,0c0d66e93e524c959f92f82156a97011,2,f
val_roc_auc_mood/theme---upbeat,0.6474764676740153,1780381041671,0c0d66e93e524c959f92f82156a97011,2,f
val_pr_auc_mood/theme---uplifting,0.08058860972322077,1780381041671,0c0d66e93e524c959f92f82156a97011,2,f
val_roc_auc_mood/theme---uplifting,0.6936102223872008,1780381041671,0c0d66e93e524c959f92f82156a97011,2,f
val_macro_pr_auc,0.09714173420341143,1780381041671,0c0d66e93e524c959f92f82156a97011,2,f
val_macro_roc_auc,0.7289847393215431,1780381041671,0c0d66e93e524c959f92f82156a97011,2,f
train_loss,0.04779481946862871,1780381706831,0c0d66e93e524c959f92f82156a97011,3,f
avg_train_loss,0.04779481946862871,1780381704847,0c0d66e93e524c959f92f82156a97011,3,f
val_loss_avg,0.056774032784606174,1780381971259,0c0d66e93e524c959f92f82156a97011,3,f
stdev_train_loss,0.004472843880504491,1780381706238,0c0d66e93e524c959f92f82156a97011,3,f
val_loss_std,0.029825812549703574,1780381971259,0c0d66e93e524c959f92f82156a97011,3,f
val_pr_auc_mood/theme---action,0.09995606142379779,1780381971259,0c0d66e93e524c959f92f82156a97011,3,f
val_roc_auc_mood/theme---action,0.6578887352306088,1780381971259,0c0d66e93e524c959f92f82156a97011,3,f
val_pr_auc_mood/theme---adventure,0.04727323834821292,1780381971259,0c0d66e93e524c959f92f82156a97011,3,f
val_roc_auc_mood/theme---adventure,0.5745923875623125,1780381971259,0c0d66e93e524c959f92f82156a97011,3,f
val_pr_auc_mood/theme---advertising,0.14072007728039457,1780381971259,0c0d66e93e524c959f92f82156a97011,3,f
val_roc_auc_mood/theme---advertising,0.7747284960495825,1780381971259,0c0d66e93e524c959f92f82156a97011,3,f
val_pr_auc_mood/theme---background,0.01578383113035332,1780381971259,0c0d66e93e524c959f92f82156a97011,3,f
val_roc_auc_mood/theme---background,0.6129559018567639,1780381971259,0c0d66e93e524c959f92f82156a97011,3,f
val_pr_auc_mood/theme---ballad,0.07892910891639122,1780381971259,0c0d66e93e524c959f92f82156a97011,3,f
val_roc_auc_mood/theme---ballad,0.7814572281167109,1780381971259,0c0d66e93e524c959f92f82156a97011,3,f
val_pr_auc_mood/theme---calm,0.04929668845195026,1780381971259,0c0d66e93e524c959f92f82156a97011,3,f
val_roc_auc_mood/theme---calm,0.6270541248907933,1780381971259,0c0d66e93e524c959f92f82156a97011,3,f
val_pr_auc_mood/theme---children,0.1075523688082629,1780381971259,0c0d66e93e524c959f92f82156a97011,3,f
val_roc_auc_mood/theme---children,0.7580365841693723,1780381971259,0c0d66e93e524c959f92f82156a97011,3,f
val_pr_auc_mood/theme---christmas,0.06730947894802458,1780381971259,0c0d66e93e524c959f92f82156a97011,3,f
val_roc_auc_mood/theme---christmas,0.7548500753972857,1780381971259,0c0d66e93e524c959f92f82156a97011,3,f
val_pr_auc_mood/theme---commercial,0.09855105303257679,1780381971259,0c0d66e93e524c959f92f82156a97011,3,f
val_roc_auc_mood/theme---commercial,0.7495636196600828,1780381971259,0c0d66e93e524c959f92f82156a97011,3,f
val_pr_auc_mood/theme---cool,0.01842022237405231,1780381971259,0c0d66e93e524c959f92f82156a97011,3,f
val_roc_auc_mood/theme---cool,0.7196203322093169,1780381971259,0c0d66e93e524c959f92f82156a97011,3,f
val_pr_auc_mood/theme---corporate,0.13175002607501876,1780381971259,0c0d66e93e524c959f92f82156a97011,3,f
val_roc_auc_mood/theme---corporate,0.7930675941772944,1780381971259,0c0d66e93e524c959f92f82156a97011,3,f
val_pr_auc_mood/theme---dark,0.09784878270786054,1780381971259,0c0d66e93e524c959f92f82156a97011,3,f
val_roc_auc_mood/theme---dark,0.6523728301941688,1780381971259,0c0d66e93e524c959f92f82156a97011,3,f
val_pr_auc_mood/theme---deep,0.19097032872031008,1780381971259,0c0d66e93e524c959f92f82156a97011,3,f
val_roc_auc_mood/theme---deep,0.7877450238181204,1780381971259,0c0d66e93e524c959f92f82156a97011,3,f
val_pr_auc_mood/theme---documentary,0.04584092196726508,1780381971259,0c0d66e93e524c959f92f82156a97011,3,f
val_roc_auc_mood/theme---documentary,0.6417571052579242,1780381971259,0c0d66e93e524c959f92f82156a97011,3,f
val_pr_auc_mood/theme---drama,0.07277607259657956,1780381971259,0c0d66e93e524c959f92f82156a97011,3,f
val_roc_auc_mood/theme---drama,0.7285590277777777,1780381971259,0c0d66e93e524c959f92f82156a97011,3,f
val_pr_auc_mood/theme---dramatic,0.019305882819690083,1780381971259,0c0d66e93e524c959f92f82156a97011,3,f
val_roc_auc_mood/theme---dramatic,0.6765954789559137,1780381971259,0c0d66e93e524c959f92f82156a97011,3,f
val_pr_auc_mood/theme---dream,0.10166405130885034,1780381971259,0c0d66e93e524c959f92f82156a97011,3,f
val_roc_auc_mood/theme---dream,0.6289955856564069,1780381971259,0c0d66e93e524c959f92f82156a97011,3,f
val_pr_auc_mood/theme---emotional,0.14144535597651156,1780381971259,0c0d66e93e524c959f92f82156a97011,3,f
val_roc_auc_mood/theme---emotional,0.6158911750476679,1780381971259,0c0d66e93e524c959f92f82156a97011,3,f
val_pr_auc_mood/theme---energetic,0.2188432072756069,1780381971259,0c0d66e93e524c959f92f82156a97011,3,f
val_roc_auc_mood/theme---energetic,0.7774301117034261,1780381971259,0c0d66e93e524c959f92f82156a97011,3,f
val_pr_auc_mood/theme---epic,0.391896633505121,1780381971259,0c0d66e93e524c959f92f82156a97011,3,f
val_roc_auc_mood/theme---epic,0.8953553690418339,1780381971259,0c0d66e93e524c959f92f82156a97011,3,f
val_pr_auc_mood/theme---fast,0.03711998664173381,1780381971259,0c0d66e93e524c959f92f82156a97011,3,f
val_roc_auc_mood/theme---fast,0.8573072848761408,1780381971259,0c0d66e93e524c959f92f82156a97011,3,f
val_pr_auc_mood/theme---film,0.15885270264704776,1780381971259,0c0d66e93e524c959f92f82156a97011,3,f
val_roc_auc_mood/theme---film,0.7198829890311462,1780381971259,0c0d66e93e524c959f92f82156a97011,3,f
val_pr_auc_mood/theme---fun,0.08824531290027907,1780381971259,0c0d66e93e524c959f92f82156a97011,3,f
val_roc_auc_mood/theme---fun,0.6937078867759854,1780381971259,0c0d66e93e524c959f92f82156a97011,3,f
val_pr_auc_mood/theme---funny,0.019664658535879165,1780381971259,0c0d66e93e524c959f92f82156a97011,3,f
val_roc_auc_mood/theme---funny,0.7862673585144448,1780381971259,0c0d66e93e524c959f92f82156a97011,3,f
val_pr_auc_mood/theme---game,0.029140677711811794,1780381971259,0c0d66e93e524c959f92f82156a97011,3,f
val_roc_auc_mood/theme---game,0.6132863428943938,1780381971259,0c0d66e93e524c959f92f82156a97011,3,f
val_pr_auc_mood/theme---groovy,0.05923552229499697,1780381971259,0c0d66e93e524c959f92f82156a97011,3,f
val_roc_auc_mood/theme---groovy,0.7977177821598422,1780381971259,0c0d66e93e524c959f92f82156a97011,3,f
val_pr_auc_mood/theme---happy,0.2877177980522067,1780381971259,0c0d66e93e524c959f92f82156a97011,3,f
val_roc_auc_mood/theme---happy,0.773309668442157,1780381971259,0c0d66e93e524c959f92f82156a97011,3,f
val_pr_auc_mood/theme---heavy,0.08980817600662631,1780381971259,0c0d66e93e524c959f92f82156a97011,3,f
val_roc_auc_mood/theme---heavy,0.9155310065365784,1780381971259,0c0d66e93e524c959f92f82156a97011,3,f
val_pr_auc_mood/theme---holiday,0.0111515297349602,1780381971259,0c0d66e93e524c959f92f82156a97011,3,f
val_roc_auc_mood/theme---holiday,0.49732261367514885,1780381971259,0c0d66e93e524c959f92f82156a97011,3,f
val_pr_auc_mood/theme---hopeful,0.04633567661559904,1780381971259,0c0d66e93e524c959f92f82156a97011,3,f
val_roc_auc_mood/theme---hopeful,0.696967014810881,1780381971259,0c0d66e93e524c959f92f82156a97011,3,f
val_pr_auc_mood/theme---inspiring,0.08848804908857753,1780381971259,0c0d66e93e524c959f92f82156a97011,3,f
val_roc_auc_mood/theme---inspiring,0.6546293844870191,1780381971259,0c0d66e93e524c959f92f82156a97011,3,f
val_pr_auc_mood/theme---love,0.10592698069018236,1780381971259,0c0d66e93e524c959f92f82156a97011,3,f
val_roc_auc_mood/theme---love,0.6653794607662794,1780381971259,0c0d66e93e524c959f92f82156a97011,3,f
val_pr_auc_mood/theme---meditative,0.14419462857962853,1780381971259,0c0d66e93e524c959f92f82156a97011,3,f
val_roc_auc_mood/theme---meditative,0.780092493871556,1780381971259,0c0d66e93e524c959f92f82156a97011,3,f
val_pr_auc_mood/theme---melancholic,0.05854668420913565,1780381971259,0c0d66e93e524c959f92f82156a97011,3,f
val_roc_auc_mood/theme---melancholic,0.674068405983876,1780381971259,0c0d66e93e524c959f92f82156a97011,3,f
val_pr_auc_mood/theme---melodic,0.12832066006078935,1780381971259,0c0d66e93e524c959f92f82156a97011,3,f
val_roc_auc_mood/theme---melodic,0.5692823997872933,1780381971259,0c0d66e93e524c959f92f82156a97011,3,f
val_pr_auc_mood/theme---motivational,0.10654702946752845,1780381971259,0c0d66e93e524c959f92f82156a97011,3,f
val_roc_auc_mood/theme---motivational,0.8010374742867366,1780381971259,0c0d66e93e524c959f92f82156a97011,3,f
val_pr_auc_mood/theme---movie,0.12282733562673384,1780381971259,0c0d66e93e524c959f92f82156a97011,3,f
val_roc_auc_mood/theme---movie,0.7636767524594765,1780381971259,0c0d66e93e524c959f92f82156a97011,3,f
val_pr_auc_mood/theme---nature,0.02951604243582483,1780381971259,0c0d66e93e524c959f92f82156a97011,3,f
val_roc_auc_mood/theme---nature,0.6901710545274902,1780381971259,0c0d66e93e524c959f92f82156a97011,3,f
val_pr_auc_mood/theme---party,0.09838379597442244,1780381971259,0c0d66e93e524c959f92f82156a97011,3,f
val_roc_auc_mood/theme---party,0.8246304977074208,1780381971259,0c0d66e93e524c959f92f82156a97011,3,f
val_pr_auc_mood/theme---positive,0.045711197241991054,1780381971259,0c0d66e93e524c959f92f82156a97011,3,f
val_roc_auc_mood/theme---positive,0.7177635098983413,1780381971259,0c0d66e93e524c959f92f82156a97011,3,f
val_pr_auc_mood/theme---powerful,0.021383842489657648,1780381971259,0c0d66e93e524c959f92f82156a97011,3,f
val_roc_auc_mood/theme---powerful,0.678771566988696,1780381971259,0c0d66e93e524c959f92f82156a97011,3,f
val_pr_auc_mood/theme---relaxing,0.1990569972611804,1780381971259,0c0d66e93e524c959f92f82156a97011,3,f
val_roc_auc_mood/theme---relaxing,0.7379286128418492,1780381971259,0c0d66e93e524c959f92f82156a97011,3,f
val_pr_auc_mood/theme---retro,0.011007616355429437,1780381971259,0c0d66e93e524c959f92f82156a97011,3,f
val_roc_auc_mood/theme---retro,0.5354504834598997,1780381971259,0c0d66e93e524c959f92f82156a97011,3,f
val_pr_auc_mood/theme---romantic,0.08063543275615881,1780381971259,0c0d66e93e524c959f92f82156a97011,3,f
val_roc_auc_mood/theme---romantic,0.6738645356005815,1780381971259,0c0d66e93e524c959f92f82156a97011,3,f
val_pr_auc_mood/theme---sad,0.08690561841137984,1780381971259,0c0d66e93e524c959f92f82156a97011,3,f
val_roc_auc_mood/theme---sad,0.6917111030458695,1780381971259,0c0d66e93e524c959f92f82156a97011,3,f
val_pr_auc_mood/theme---sexy,0.03716517461081524,1780381971259,0c0d66e93e524c959f92f82156a97011,3,f
val_roc_auc_mood/theme---sexy,0.7122931696636876,1780381971259,0c0d66e93e524c959f92f82156a97011,3,f
val_pr_auc_mood/theme---slow,0.027284989596213192,1780381971259,0c0d66e93e524c959f92f82156a97011,3,f
val_roc_auc_mood/theme---slow,0.7357484008314167,1780381971259,0c0d66e93e524c959f92f82156a97011,3,f
val_pr_auc_mood/theme---soft,0.04749123839646122,1780381971259,0c0d66e93e524c959f92f82156a97011,3,f
val_roc_auc_mood/theme---soft,0.6584657389765923,1780381971259,0c0d66e93e524c959f92f82156a97011,3,f
val_pr_auc_mood/theme---soundscape,0.03321697144918788,1780381971259,0c0d66e93e524c959f92f82156a97011,3,f
val_roc_auc_mood/theme---soundscape,0.7308815719596389,1780381971259,0c0d66e93e524c959f92f82156a97011,3,f
val_pr_auc_mood/theme---space,0.06280212225438096,1780381971259,0c0d66e93e524c959f92f82156a97011,3,f
val_roc_auc_mood/theme---space,0.7806845887799801,1780381971259,0c0d66e93e524c959f92f82156a97011,3,f
val_pr_auc_mood/theme---sport,0.051703754422519885,1780381971259,0c0d66e93e524c959f92f82156a97011,3,f
val_roc_auc_mood/theme---sport,0.8729724816824207,1780381971259,0c0d66e93e524c959f92f82156a97011,3,f
val_pr_auc_mood/theme---summer,0.19188201926798143,1780381971259,0c0d66e93e524c959f92f82156a97011,3,f
val_roc_auc_mood/theme---summer,0.8402906713335169,1780381971259,0c0d66e93e524c959f92f82156a97011,3,f
val_pr_auc_mood/theme---trailer,0.1544295276728351,1780381971259,0c0d66e93e524c959f92f82156a97011,3,f
val_roc_auc_mood/theme---trailer,0.9033620107134364,1780381971259,0c0d66e93e524c959f92f82156a97011,3,f
val_pr_auc_mood/theme---travel,0.019815138993494814,1780381971259,0c0d66e93e524c959f92f82156a97011,3,f
val_roc_auc_mood/theme---travel,0.609379163335998,1780381971259,0c0d66e93e524c959f92f82156a97011,3,f
val_pr_auc_mood/theme---upbeat,0.05491864979744393,1780381971259,0c0d66e93e524c959f92f82156a97011,3,f
val_roc_auc_mood/theme---upbeat,0.6951707125753447,1780381971259,0c0d66e93e524c959f92f82156a97011,3,f
val_pr_auc_mood/theme---uplifting,0.07597382956213485,1780381971259,0c0d66e93e524c959f92f82156a97011,3,f
val_roc_auc_mood/theme---uplifting,0.6905090178471474,1780381971259,0c0d66e93e524c959f92f82156a97011,3,f
val_macro_pr_auc,0.09013465641928678,1780381971259,0c0d66e93e524c959f92f82156a97011,3,f
val_macro_roc_auc,0.7187148571053866,1780381971259,0c0d66e93e524c959f92f82156a97011,3,f
val_pr_auc_mood/theme---soundscape,0.028052978227324717,1780382897439,0c0d66e93e524c959f92f82156a97011,4,f
avg_train_loss,0.047340131901365455,1780382635683,0c0d66e93e524c959f92f82156a97011,4,f
stdev_train_loss,0.004379988079530419,1780382636741,0c0d66e93e524c959f92f82156a97011,4,f
train_loss,0.047340131901365455,1780382637177,0c0d66e93e524c959f92f82156a97011,4,f
val_loss_avg,0.05668285001558506,1780382897439,0c0d66e93e524c959f92f82156a97011,4,f
val_loss_std,0.05489421910686107,1780382897439,0c0d66e93e524c959f92f82156a97011,4,f
val_pr_auc_mood/theme---action,0.133652220846459,1780382897439,0c0d66e93e524c959f92f82156a97011,4,f
val_roc_auc_mood/theme---action,0.7152631195865783,1780382897439,0c0d66e93e524c959f92f82156a97011,4,f
val_pr_auc_mood/theme---adventure,0.06200443909365526,1780382897439,0c0d66e93e524c959f92f82156a97011,4,f
val_roc_auc_mood/theme---adventure,0.6132295023272467,1780382897439,0c0d66e93e524c959f92f82156a97011,4,f
val_pr_auc_mood/theme---advertising,0.13459923275890684,1780382897439,0c0d66e93e524c959f92f82156a97011,4,f
val_roc_auc_mood/theme---advertising,0.769280735550034,1780382897439,0c0d66e93e524c959f92f82156a97011,4,f
val_pr_auc_mood/theme---background,0.013631624244572859,1780382897439,0c0d66e93e524c959f92f82156a97011,4,f
val_roc_auc_mood/theme---background,0.5781996021220159,1780382897439,0c0d66e93e524c959f92f82156a97011,4,f
val_pr_auc_mood/theme---ballad,0.06762301372070997,1780382897439,0c0d66e93e524c959f92f82156a97011,4,f
val_roc_auc_mood/theme---ballad,0.7814802534630121,1780382897439,0c0d66e93e524c959f92f82156a97011,4,f
val_pr_auc_mood/theme---calm,0.07303859906564075,1780382897439,0c0d66e93e524c959f92f82156a97011,4,f
val_roc_auc_mood/theme---calm,0.6582404210175979,1780382897439,0c0d66e93e524c959f92f82156a97011,4,f
val_pr_auc_mood/theme---children,0.09379866004073965,1780382897439,0c0d66e93e524c959f92f82156a97011,4,f
val_roc_auc_mood/theme---children,0.7641149318809795,1780382897439,0c0d66e93e524c959f92f82156a97011,4,f
val_pr_auc_mood/theme---christmas,0.08271069514667574,1780382897439,0c0d66e93e524c959f92f82156a97011,4,f
val_roc_auc_mood/theme---christmas,0.8082915265050459,1780382897439,0c0d66e93e524c959f92f82156a97011,4,f
val_pr_auc_mood/theme---commercial,0.07385635407629801,1780382897439,0c0d66e93e524c959f92f82156a97011,4,f
val_roc_auc_mood/theme---commercial,0.7596692696371152,1780382897439,0c0d66e93e524c959f92f82156a97011,4,f
val_pr_auc_mood/theme---cool,0.016509898392467935,1780382897439,0c0d66e93e524c959f92f82156a97011,4,f
val_roc_auc_mood/theme---cool,0.6690942300487074,1780382897439,0c0d66e93e524c959f92f82156a97011,4,f
val_pr_auc_mood/theme---corporate,0.1302505572062938,1780382897439,0c0d66e93e524c959f92f82156a97011,4,f
val_roc_auc_mood/theme---corporate,0.7941763742431771,1780382897439,0c0d66e93e524c959f92f82156a97011,4,f
val_pr_auc_mood/theme---dark,0.10820708850983732,1780382897439,0c0d66e93e524c959f92f82156a97011,4,f
val_roc_auc_mood/theme---dark,0.6600779972384565,1780382897439,0c0d66e93e524c959f92f82156a97011,4,f
val_pr_auc_mood/theme---deep,0.2206050635253819,1780382897439,0c0d66e93e524c959f92f82156a97011,4,f
val_roc_auc_mood/theme---deep,0.8116640849144141,1780382897439,0c0d66e93e524c959f92f82156a97011,4,f
val_pr_auc_mood/theme---documentary,0.051615287958638296,1780382897439,0c0d66e93e524c959f92f82156a97011,4,f
val_roc_auc_mood/theme---documentary,0.6512219430430238,1780382897439,0c0d66e93e524c959f92f82156a97011,4,f
val_pr_auc_mood/theme---drama,0.07262777172662739,1780382897439,0c0d66e93e524c959f92f82156a97011,4,f
val_roc_auc_mood/theme---drama,0.7021162595785441,1780382897439,0c0d66e93e524c959f92f82156a97011,4,f
val_pr_auc_mood/theme---dramatic,0.02263369884775051,1780382897439,0c0d66e93e524c959f92f82156a97011,4,f
val_roc_auc_mood/theme---dramatic,0.6772277382290496,1780382897439,0c0d66e93e524c959f92f82156a97011,4,f
val_pr_auc_mood/theme---dream,0.09882377101533454,1780382897439,0c0d66e93e524c959f92f82156a97011,4,f
val_roc_auc_mood/theme---dream,0.6886631325042162,1780382897439,0c0d66e93e524c959f92f82156a97011,4,f
val_pr_auc_mood/theme---emotional,0.15268374058478396,1780382897439,0c0d66e93e524c959f92f82156a97011,4,f
val_roc_auc_mood/theme---emotional,0.6292926459408147,1780382897439,0c0d66e93e524c959f92f82156a97011,4,f
val_pr_auc_mood/theme---energetic,0.21472800981052778,1780382897439,0c0d66e93e524c959f92f82156a97011,4,f
val_roc_auc_mood/theme---energetic,0.758698232394595,1780382897439,0c0d66e93e524c959f92f82156a97011,4,f
val_pr_auc_mood/theme---epic,0.43782123459938754,1780382897439,0c0d66e93e524c959f92f82156a97011,4,f
val_roc_auc_mood/theme---epic,0.9052821454752119,1780382897439,0c0d66e93e524c959f92f82156a97011,4,f
val_pr_auc_mood/theme---fast,0.05121622335166299,1780382897439,0c0d66e93e524c959f92f82156a97011,4,f
val_roc_auc_mood/theme---fast,0.873482317470665,1780382897439,0c0d66e93e524c959f92f82156a97011,4,f
val_pr_auc_mood/theme---film,0.15739913079466536,1780382897439,0c0d66e93e524c959f92f82156a97011,4,f
val_roc_auc_mood/theme---film,0.7059585358096464,1780382897439,0c0d66e93e524c959f92f82156a97011,4,f
val_pr_auc_mood/theme---fun,0.08309952244417632,1780382897439,0c0d66e93e524c959f92f82156a97011,4,f
val_roc_auc_mood/theme---fun,0.6539522636666889,1780382897439,0c0d66e93e524c959f92f82156a97011,4,f
val_pr_auc_mood/theme---funny,0.016099887765498512,1780382897439,0c0d66e93e524c959f92f82156a97011,4,f
val_roc_auc_mood/theme---funny,0.7700449854458852,1780382897439,0c0d66e93e524c959f92f82156a97011,4,f
val_pr_auc_mood/theme---game,0.03154312154612413,1780382897439,0c0d66e93e524c959f92f82156a97011,4,f
val_roc_auc_mood/theme---game,0.6304188396349414,1780382897439,0c0d66e93e524c959f92f82156a97011,4,f
val_pr_auc_mood/theme---groovy,0.0723756813317183,1780382897439,0c0d66e93e524c959f92f82156a97011,4,f
val_roc_auc_mood/theme---groovy,0.8388564261686579,1780382897439,0c0d66e93e524c959f92f82156a97011,4,f
val_pr_auc_mood/theme---happy,0.2726799446671244,1780382897439,0c0d66e93e524c959f92f82156a97011,4,f
val_roc_auc_mood/theme---happy,0.7566210575139145,1780382897439,0c0d66e93e524c959f92f82156a97011,4,f
val_pr_auc_mood/theme---heavy,0.07994394866038686,1780382897439,0c0d66e93e524c959f92f82156a97011,4,f
val_roc_auc_mood/theme---heavy,0.9054326764594741,1780382897439,0c0d66e93e524c959f92f82156a97011,4,f
val_pr_auc_mood/theme---holiday,0.012883876613465585,1780382897439,0c0d66e93e524c959f92f82156a97011,4,f
val_roc_auc_mood/theme---holiday,0.5768326443930373,1780382897439,0c0d66e93e524c959f92f82156a97011,4,f
val_pr_auc_mood/theme---hopeful,0.019794295012800823,1780382897439,0c0d66e93e524c959f92f82156a97011,4,f
val_roc_auc_mood/theme---hopeful,0.7068950256682599,1780382897439,0c0d66e93e524c959f92f82156a97011,4,f
val_pr_auc_mood/theme---inspiring,0.06906663671096713,1780382897439,0c0d66e93e524c959f92f82156a97011,4,f
val_roc_auc_mood/theme---inspiring,0.6391513029106897,1780382897439,0c0d66e93e524c959f92f82156a97011,4,f
val_pr_auc_mood/theme---love,0.11854032945745464,1780382897439,0c0d66e93e524c959f92f82156a97011,4,f
val_roc_auc_mood/theme---love,0.693184027960267,1780382897439,0c0d66e93e524c959f92f82156a97011,4,f
val_pr_auc_mood/theme---meditative,0.11606340263736639,1780382897439,0c0d66e93e524c959f92f82156a97011,4,f
val_roc_auc_mood/theme---meditative,0.7638369774190081,1780382897439,0c0d66e93e524c959f92f82156a97011,4,f
val_pr_auc_mood/theme---melancholic,0.06691951638383274,1780382897439,0c0d66e93e524c959f92f82156a97011,4,f
val_roc_auc_mood/theme---melancholic,0.7071510687062029,1780382897439,0c0d66e93e524c959f92f82156a97011,4,f
val_pr_auc_mood/theme---melodic,0.14169106406671012,1780382897439,0c0d66e93e524c959f92f82156a97011,4,f
val_roc_auc_mood/theme---melodic,0.6059703476741536,1780382897439,0c0d66e93e524c959f92f82156a97011,4,f
val_pr_auc_mood/theme---motivational,0.12654439454873606,1780382897439,0c0d66e93e524c959f92f82156a97011,4,f
val_roc_auc_mood/theme---motivational,0.7937644217869599,1780382897439,0c0d66e93e524c959f92f82156a97011,4,f
val_pr_auc_mood/theme---movie,0.1197823765123359,1780382897439,0c0d66e93e524c959f92f82156a97011,4,f
val_roc_auc_mood/theme---movie,0.7864879323125197,1780382897439,0c0d66e93e524c959f92f82156a97011,4,f
val_pr_auc_mood/theme---nature,0.033065586219974,1780382897439,0c0d66e93e524c959f92f82156a97011,4,f
val_roc_auc_mood/theme---nature,0.7153578559519155,1780382897439,0c0d66e93e524c959f92f82156a97011,4,f
val_pr_auc_mood/theme---party,0.08663138283529737,1780382897439,0c0d66e93e524c959f92f82156a97011,4,f
val_roc_auc_mood/theme---party,0.8270415481953943,1780382897439,0c0d66e93e524c959f92f82156a97011,4,f
val_pr_auc_mood/theme---positive,0.05178026914430736,1780382897439,0c0d66e93e524c959f92f82156a97011,4,f
val_roc_auc_mood/theme---positive,0.7056873662386303,1780382897439,0c0d66e93e524c959f92f82156a97011,4,f
val_pr_auc_mood/theme---powerful,0.02222439724293262,1780382897439,0c0d66e93e524c959f92f82156a97011,4,f
val_roc_auc_mood/theme---powerful,0.6813723545910418,1780382897439,0c0d66e93e524c959f92f82156a97011,4,f
val_pr_auc_mood/theme---relaxing,0.17153608558670067,1780382897439,0c0d66e93e524c959f92f82156a97011,4,f
val_roc_auc_mood/theme---relaxing,0.7341329547032068,1780382897439,0c0d66e93e524c959f92f82156a97011,4,f
val_pr_auc_mood/theme---retro,0.010909448507455548,1780382897439,0c0d66e93e524c959f92f82156a97011,4,f
val_roc_auc_mood/theme---retro,0.5264686999435801,1780382897439,0c0d66e93e524c959f92f82156a97011,4,f
val_pr_auc_mood/theme---romantic,0.06397602150422402,1780382897439,0c0d66e93e524c959f92f82156a97011,4,f
val_roc_auc_mood/theme---romantic,0.6339668562174499,1780382897439,0c0d66e93e524c959f92f82156a97011,4,f
val_pr_auc_mood/theme---sad,0.07605373083149672,1780382897439,0c0d66e93e524c959f92f82156a97011,4,f
val_roc_auc_mood/theme---sad,0.6894813739449268,1780382897439,0c0d66e93e524c959f92f82156a97011,4,f
val_pr_auc_mood/theme---sexy,0.03565454545874541,1780382897439,0c0d66e93e524c959f92f82156a97011,4,f
val_roc_auc_mood/theme---sexy,0.7367574746060802,1780382897439,0c0d66e93e524c959f92f82156a97011,4,f
val_pr_auc_mood/theme---slow,0.02797101595457744,1780382897439,0c0d66e93e524c959f92f82156a97011,4,f
val_roc_auc_mood/theme---slow,0.744550748124028,1780382897439,0c0d66e93e524c959f92f82156a97011,4,f
val_pr_auc_mood/theme---soft,0.04943790014549648,1780382897439,0c0d66e93e524c959f92f82156a97011,4,f
val_roc_auc_mood/theme---soft,0.6462090024496462,1780382897439,0c0d66e93e524c959f92f82156a97011,4,f
val_roc_auc_mood/theme---soundscape,0.7160854428512421,1780382897439,0c0d66e93e524c959f92f82156a97011,4,f
val_pr_auc_mood/theme---space,0.05112899265713316,1780382897439,0c0d66e93e524c959f92f82156a97011,4,f
val_roc_auc_mood/theme---space,0.7477481395153318,1780382897439,0c0d66e93e524c959f92f82156a97011,4,f
val_pr_auc_mood/theme---sport,0.13157658754330065,1780382897439,0c0d66e93e524c959f92f82156a97011,4,f
val_roc_auc_mood/theme---sport,0.8862981710386486,1780382897439,0c0d66e93e524c959f92f82156a97011,4,f
val_pr_auc_mood/theme---summer,0.22124831072743453,1780382897439,0c0d66e93e524c959f92f82156a97011,4,f
val_roc_auc_mood/theme---summer,0.8511641955457638,1780382897439,0c0d66e93e524c959f92f82156a97011,4,f
val_pr_auc_mood/theme---trailer,0.18924369442376693,1780382897439,0c0d66e93e524c959f92f82156a97011,4,f
val_roc_auc_mood/theme---trailer,0.9151022457446366,1780382897439,0c0d66e93e524c959f92f82156a97011,4,f
val_pr_auc_mood/theme---travel,0.022266474174450157,1780382897439,0c0d66e93e524c959f92f82156a97011,4,f
val_roc_auc_mood/theme---travel,0.6048983942098023,1780382897439,0c0d66e93e524c959f92f82156a97011,4,f
val_pr_auc_mood/theme---upbeat,0.04763999987734362,1780382897439,0c0d66e93e524c959f92f82156a97011,4,f
val_roc_auc_mood/theme---upbeat,0.6192634794814631,1780382897439,0c0d66e93e524c959f92f82156a97011,4,f
val_pr_auc_mood/theme---uplifting,0.0773192799587806,1780382897439,0c0d66e93e524c959f92f82156a97011,4,f
val_roc_auc_mood/theme---uplifting,0.6876690293956481,1780382897439,0c0d66e93e524c959f92f82156a97011,4,f
val_macro_pr_auc,0.09312108954815103,1780382897439,0c0d66e93e524c959f92f82156a97011,4,f
val_macro_roc_auc,0.7227246487401651,1780382897439,0c0d66e93e524c959f92f82156a97011,4,f
val_pr_auc_mood/theme---travel,0.027819683308240466,1780383819323,0c0d66e93e524c959f92f82156a97011,5,f
val_roc_auc_mood/theme---travel,0.5935931526887334,1780383819323,0c0d66e93e524c959f92f82156a97011,5,f
val_loss_avg,0.05648003729481834,1780383819323,0c0d66e93e524c959f92f82156a97011,5,f
train_loss,0.046820211298594594,1780383559293,0c0d66e93e524c959f92f82156a97011,5,f
val_macro_roc_auc,0.7204407287003836,1780383819323,0c0d66e93e524c959f92f82156a97011,5,f
stdev_train_loss,0.004515296539109662,1780383558800,0c0d66e93e524c959f92f82156a97011,5,f
avg_train_loss,0.046820211298594594,1780383558263,0c0d66e93e524c959f92f82156a97011,5,f
val_macro_pr_auc,0.09108599707083705,1780383819323,0c0d66e93e524c959f92f82156a97011,5,f
val_loss_std,0.02850784379355495,1780383819323,0c0d66e93e524c959f92f82156a97011,5,f
val_pr_auc_mood/theme---action,0.12779503019384197,1780383819323,0c0d66e93e524c959f92f82156a97011,5,f
val_roc_auc_mood/theme---action,0.7309799354635222,1780383819323,0c0d66e93e524c959f92f82156a97011,5,f
val_pr_auc_mood/theme---adventure,0.027587291625766043,1780383819323,0c0d66e93e524c959f92f82156a97011,5,f
val_roc_auc_mood/theme---adventure,0.5794740973312402,1780383819323,0c0d66e93e524c959f92f82156a97011,5,f
val_pr_auc_mood/theme---advertising,0.13633169367157533,1780383819323,0c0d66e93e524c959f92f82156a97011,5,f
val_roc_auc_mood/theme---advertising,0.7306904157011642,1780383819323,0c0d66e93e524c959f92f82156a97011,5,f
val_pr_auc_mood/theme---background,0.011844408095340963,1780383819323,0c0d66e93e524c959f92f82156a97011,5,f
val_roc_auc_mood/theme---background,0.5351956233421751,1780383819323,0c0d66e93e524c959f92f82156a97011,5,f
val_pr_auc_mood/theme---ballad,0.07980021077821307,1780383819323,0c0d66e93e524c959f92f82156a97011,5,f
val_roc_auc_mood/theme---ballad,0.7910818228706159,1780383819323,0c0d66e93e524c959f92f82156a97011,5,f
val_pr_auc_mood/theme---uplifting,0.062464530434185754,1780383819323,0c0d66e93e524c959f92f82156a97011,5,f
val_roc_auc_mood/theme---upbeat,0.5973484848484849,1780383819323,0c0d66e93e524c959f92f82156a97011,5,f
val_pr_auc_mood/theme---calm,0.10343476651078548,1780383819323,0c0d66e93e524c959f92f82156a97011,5,f
val_roc_auc_mood/theme---calm,0.6795929192494904,1780383819323,0c0d66e93e524c959f92f82156a97011,5,f
val_pr_auc_mood/theme---children,0.0842727290588004,1780383819323,0c0d66e93e524c959f92f82156a97011,5,f
val_roc_auc_mood/theme---children,0.749767840886015,1780383819323,0c0d66e93e524c959f92f82156a97011,5,f
val_pr_auc_mood/theme---christmas,0.08595561432294185,1780383819323,0c0d66e93e524c959f92f82156a97011,5,f
val_roc_auc_mood/theme---christmas,0.7538967347175503,1780383819323,0c0d66e93e524c959f92f82156a97011,5,f
val_pr_auc_mood/theme---commercial,0.10422728693947295,1780383819323,0c0d66e93e524c959f92f82156a97011,5,f
val_roc_auc_mood/theme---commercial,0.7104807839534526,1780383819323,0c0d66e93e524c959f92f82156a97011,5,f
val_pr_auc_mood/theme---cool,0.033764865721024134,1780383819323,0c0d66e93e524c959f92f82156a97011,5,f
val_roc_auc_mood/theme---cool,0.79894155114275,1780383819323,0c0d66e93e524c959f92f82156a97011,5,f
val_roc_auc_mood/theme---uplifting,0.6262891406776299,1780383819323,0c0d66e93e524c959f92f82156a97011,5,f
val_pr_auc_mood/theme---corporate,0.13905829452554558,1780383819323,0c0d66e93e524c959f92f82156a97011,5,f
val_roc_auc_mood/theme---corporate,0.8227125085113821,1780383819323,0c0d66e93e524c959f92f82156a97011,5,f
val_pr_auc_mood/theme---dark,0.09773517303228106,1780383819323,0c0d66e93e524c959f92f82156a97011,5,f
val_roc_auc_mood/theme---dark,0.6582559604122192,1780383819323,0c0d66e93e524c959f92f82156a97011,5,f
val_pr_auc_mood/theme---deep,0.20307554686653886,1780383819323,0c0d66e93e524c959f92f82156a97011,5,f
val_roc_auc_mood/theme---deep,0.7955718095948008,1780383819323,0c0d66e93e524c959f92f82156a97011,5,f
val_pr_auc_mood/theme---documentary,0.04237001879493819,1780383819323,0c0d66e93e524c959f92f82156a97011,5,f
val_roc_auc_mood/theme---documentary,0.6214241674898403,1780383819323,0c0d66e93e524c959f92f82156a97011,5,f
val_pr_auc_mood/theme---drama,0.06761416067062329,1780383819323,0c0d66e93e524c959f92f82156a97011,5,f
val_roc_auc_mood/theme---drama,0.6927741858237547,1780383819323,0c0d66e93e524c959f92f82156a97011,5,f
val_pr_auc_mood/theme---dramatic,0.01874734475147693,1780383819323,0c0d66e93e524c959f92f82156a97011,5,f
val_roc_auc_mood/theme---dramatic,0.6571827775696266,1780383819323,0c0d66e93e524c959f92f82156a97011,5,f
val_pr_auc_mood/theme---dream,0.1461446066046087,1780383819323,0c0d66e93e524c959f92f82156a97011,5,f
val_roc_auc_mood/theme---dream,0.6391109498565506,1780383819323,0c0d66e93e524c959f92f82156a97011,5,f
val_pr_auc_mood/theme---emotional,0.18529102526546876,1780383819323,0c0d66e93e524c959f92f82156a97011,5,f
val_roc_auc_mood/theme---emotional,0.6917564122891537,1780383819323,0c0d66e93e524c959f92f82156a97011,5,f
val_pr_auc_mood/theme---energetic,0.14954679525891287,1780383819323,0c0d66e93e524c959f92f82156a97011,5,f
val_roc_auc_mood/theme---energetic,0.7413636981301792,1780383819323,0c0d66e93e524c959f92f82156a97011,5,f
val_pr_auc_mood/theme---epic,0.385161251208596,1780383819323,0c0d66e93e524c959f92f82156a97011,5,f
val_roc_auc_mood/theme---epic,0.8979153110560173,1780383819323,0c0d66e93e524c959f92f82156a97011,5,f
val_pr_auc_mood/theme---fast,0.0318458863346701,1780383819323,0c0d66e93e524c959f92f82156a97011,5,f
val_roc_auc_mood/theme---fast,0.8531107398956975,1780383819323,0c0d66e93e524c959f92f82156a97011,5,f
val_pr_auc_mood/theme---film,0.1487579015625281,1780383819323,0c0d66e93e524c959f92f82156a97011,5,f
val_roc_auc_mood/theme---film,0.7207513258038032,1780383819323,0c0d66e93e524c959f92f82156a97011,5,f
val_pr_auc_mood/theme---fun,0.09116257909235742,1780383819323,0c0d66e93e524c959f92f82156a97011,5,f
val_roc_auc_mood/theme---fun,0.6891073290878025,1780383819323,0c0d66e93e524c959f92f82156a97011,5,f
val_pr_auc_mood/theme---funny,0.017926102697149587,1780383819323,0c0d66e93e524c959f92f82156a97011,5,f
val_roc_auc_mood/theme---funny,0.7757860947800775,1780383819323,0c0d66e93e524c959f92f82156a97011,5,f
val_pr_auc_mood/theme---game,0.04957589539964848,1780383819323,0c0d66e93e524c959f92f82156a97011,5,f
val_roc_auc_mood/theme---game,0.5895636408083442,1780383819323,0c0d66e93e524c959f92f82156a97011,5,f
val_pr_auc_mood/theme---groovy,0.0522997378633659,1780383819323,0c0d66e93e524c959f92f82156a97011,5,f
val_roc_auc_mood/theme---groovy,0.8050943916019024,1780383819323,0c0d66e93e524c959f92f82156a97011,5,f
val_pr_auc_mood/theme---happy,0.25535078361161817,1780383819323,0c0d66e93e524c959f92f82156a97011,5,f
val_roc_auc_mood/theme---happy,0.7346658238075289,1780383819323,0c0d66e93e524c959f92f82156a97011,5,f
val_pr_auc_mood/theme---heavy,0.10297436732693024,1780383819323,0c0d66e93e524c959f92f82156a97011,5,f
val_roc_auc_mood/theme---heavy,0.9109642458010725,1780383819323,0c0d66e93e524c959f92f82156a97011,5,f
val_pr_auc_mood/theme---holiday,0.014028716743913136,1780383819323,0c0d66e93e524c959f92f82156a97011,5,f
val_roc_auc_mood/theme---holiday,0.5731920057643445,1780383819323,0c0d66e93e524c959f92f82156a97011,5,f
val_pr_auc_mood/theme---hopeful,0.019397470883828694,1780383819323,0c0d66e93e524c959f92f82156a97011,5,f
val_roc_auc_mood/theme---hopeful,0.7113353395881277,1780383819323,0c0d66e93e524c959f92f82156a97011,5,f
val_pr_auc_mood/theme---inspiring,0.0722405203740998,1780383819323,0c0d66e93e524c959f92f82156a97011,5,f
val_roc_auc_mood/theme---inspiring,0.6321283014023941,1780383819323,0c0d66e93e524c959f92f82156a97011,5,f
val_pr_auc_mood/theme---love,0.0980097294791682,1780383819323,0c0d66e93e524c959f92f82156a97011,5,f
val_roc_auc_mood/theme---love,0.6496610080412046,1780383819323,0c0d66e93e524c959f92f82156a97011,5,f
val_pr_auc_mood/theme---meditative,0.12687241919818737,1780383819323,0c0d66e93e524c959f92f82156a97011,5,f
val_roc_auc_mood/theme---meditative,0.7462713301410266,1780383819323,0c0d66e93e524c959f92f82156a97011,5,f
val_pr_auc_mood/theme---melancholic,0.06193213849476941,1780383819323,0c0d66e93e524c959f92f82156a97011,5,f
val_roc_auc_mood/theme---melancholic,0.6906658758460438,1780383819323,0c0d66e93e524c959f92f82156a97011,5,f
val_pr_auc_mood/theme---melodic,0.1340637642299773,1780383819323,0c0d66e93e524c959f92f82156a97011,5,f
val_roc_auc_mood/theme---melodic,0.6162962763667671,1780383819323,0c0d66e93e524c959f92f82156a97011,5,f
val_pr_auc_mood/theme---motivational,0.13485710934811465,1780383819323,0c0d66e93e524c959f92f82156a97011,5,f
val_roc_auc_mood/theme---motivational,0.8303371791431894,1780383819323,0c0d66e93e524c959f92f82156a97011,5,f
val_pr_auc_mood/theme---movie,0.08322973926304461,1780383819323,0c0d66e93e524c959f92f82156a97011,5,f
val_roc_auc_mood/theme---movie,0.7271318461726684,1780383819323,0c0d66e93e524c959f92f82156a97011,5,f
val_pr_auc_mood/theme---nature,0.03689303793796797,1780383819323,0c0d66e93e524c959f92f82156a97011,5,f
val_roc_auc_mood/theme---nature,0.7033819806097034,1780383819323,0c0d66e93e524c959f92f82156a97011,5,f
val_pr_auc_mood/theme---party,0.08976284977950916,1780383819323,0c0d66e93e524c959f92f82156a97011,5,f
val_roc_auc_mood/theme---party,0.8180633469095007,1780383819323,0c0d66e93e524c959f92f82156a97011,5,f
val_pr_auc_mood/theme---positive,0.047603944237683105,1780383819323,0c0d66e93e524c959f92f82156a97011,5,f
val_roc_auc_mood/theme---positive,0.742580424023542,1780383819323,0c0d66e93e524c959f92f82156a97011,5,f
val_pr_auc_mood/theme---powerful,0.021379785450790008,1780383819323,0c0d66e93e524c959f92f82156a97011,5,f
val_roc_auc_mood/theme---powerful,0.6706745615774712,1780383819323,0c0d66e93e524c959f92f82156a97011,5,f
val_pr_auc_mood/theme---relaxing,0.23645658881315643,1780383819323,0c0d66e93e524c959f92f82156a97011,5,f
val_roc_auc_mood/theme---relaxing,0.7410291403653467,1780383819323,0c0d66e93e524c959f92f82156a97011,5,f
val_pr_auc_mood/theme---retro,0.010214883392189917,1780383819323,0c0d66e93e524c959f92f82156a97011,5,f
val_roc_auc_mood/theme---retro,0.500528530943379,1780383819323,0c0d66e93e524c959f92f82156a97011,5,f
val_pr_auc_mood/theme---romantic,0.08878811910451091,1780383819323,0c0d66e93e524c959f92f82156a97011,5,f
val_roc_auc_mood/theme---romantic,0.7428665415263439,1780383819323,0c0d66e93e524c959f92f82156a97011,5,f
val_pr_auc_mood/theme---sad,0.079852476008754,1780383819323,0c0d66e93e524c959f92f82156a97011,5,f
val_roc_auc_mood/theme---sad,0.71234261146319,1780383819323,0c0d66e93e524c959f92f82156a97011,5,f
val_pr_auc_mood/theme---sexy,0.03776764920370798,1780383819323,0c0d66e93e524c959f92f82156a97011,5,f
val_pr_auc_mood/theme---upbeat,0.04244037143291063,1780383819323,0c0d66e93e524c959f92f82156a97011,5,f
val_roc_auc_mood/theme---sexy,0.736061160762356,1780383819323,0c0d66e93e524c959f92f82156a97011,5,f
val_pr_auc_mood/theme---slow,0.03467639606114714,1780383819323,0c0d66e93e524c959f92f82156a97011,5,f
val_roc_auc_mood/theme---slow,0.7579329330588785,1780383819323,0c0d66e93e524c959f92f82156a97011,5,f
val_pr_auc_mood/theme---soft,0.05872014506015775,1780383819323,0c0d66e93e524c959f92f82156a97011,5,f
val_roc_auc_mood/theme---soft,0.7067441820903647,1780383819323,0c0d66e93e524c959f92f82156a97011,5,f
val_pr_auc_mood/theme---soundscape,0.03173644525521937,1780383819323,0c0d66e93e524c959f92f82156a97011,5,f
val_roc_auc_mood/theme---soundscape,0.7653493243641942,1780383819323,0c0d66e93e524c959f92f82156a97011,5,f
val_pr_auc_mood/theme---space,0.05895347071839799,1780383819323,0c0d66e93e524c959f92f82156a97011,5,f
val_roc_auc_mood/theme---space,0.7766954545322771,1780383819323,0c0d66e93e524c959f92f82156a97011,5,f
val_pr_auc_mood/theme---sport,0.05378983357945839,1780383819323,0c0d66e93e524c959f92f82156a97011,5,f
val_roc_auc_mood/theme---sport,0.8802925219531293,1780383819323,0c0d66e93e524c959f92f82156a97011,5,f
val_pr_auc_mood/theme---summer,0.18154642798037016,1780383819323,0c0d66e93e524c959f92f82156a97011,5,f
val_roc_auc_mood/theme---summer,0.8363700433223473,1780383819323,0c0d66e93e524c959f92f82156a97011,5,f
val_pr_auc_mood/theme---trailer,0.17566622240839305,1780383819323,0c0d66e93e524c959f92f82156a97011,5,f
val_roc_auc_mood/theme---trailer,0.9023050120611096,1780383819323,0c0d66e93e524c959f92f82156a97011,5,f
val_roc_auc_mood/theme---uplifting,0.6543688881818379,1780384753506,0c0d66e93e524c959f92f82156a97011,6,f
stdev_train_loss,0.004350947333954594,1780384512876,0c0d66e93e524c959f92f82156a97011,6,f
train_loss,0.046659944418709125,1780384513317,0c0d66e93e524c959f92f82156a97011,6,f
avg_train_loss,0.046659944418709125,1780384512379,0c0d66e93e524c959f92f82156a97011,6,f
val_loss_avg,0.05354878210114294,1780384753506,0c0d66e93e524c959f92f82156a97011,6,f
val_loss_std,0.024764337429326943,1780384753506,0c0d66e93e524c959f92f82156a97011,6,f
val_pr_auc_mood/theme---action,0.14117203810826648,1780384753506,0c0d66e93e524c959f92f82156a97011,6,f
val_roc_auc_mood/theme---action,0.7445083339398791,1780384753506,0c0d66e93e524c959f92f82156a97011,6,f
val_pr_auc_mood/theme---adventure,0.04257253344076664,1780384753506,0c0d66e93e524c959f92f82156a97011,6,f
val_roc_auc_mood/theme---adventure,0.6013901512021813,1780384753506,0c0d66e93e524c959f92f82156a97011,6,f
val_pr_auc_mood/theme---advertising,0.14820386764711016,1780384753506,0c0d66e93e524c959f92f82156a97011,6,f
val_roc_auc_mood/theme---advertising,0.748544999395107,1780384753506,0c0d66e93e524c959f92f82156a97011,6,f
val_pr_auc_mood/theme---background,0.016031415591284827,1780384753506,0c0d66e93e524c959f92f82156a97011,6,f
val_roc_auc_mood/theme---background,0.6354525862068965,1780384753506,0c0d66e93e524c959f92f82156a97011,6,f
val_pr_auc_mood/theme---ballad,0.08885706326782272,1780384753506,0c0d66e93e524c959f92f82156a97011,6,f
val_roc_auc_mood/theme---ballad,0.8113901783082818,1780384753506,0c0d66e93e524c959f92f82156a97011,6,f
val_pr_auc_mood/theme---calm,0.07103776985198372,1780384753506,0c0d66e93e524c959f92f82156a97011,6,f
val_roc_auc_mood/theme---calm,0.6881084369929691,1780384753506,0c0d66e93e524c959f92f82156a97011,6,f
val_pr_auc_mood/theme---children,0.08291483171671521,1780384753506,0c0d66e93e524c959f92f82156a97011,6,f
val_roc_auc_mood/theme---children,0.7314643478895767,1780384753506,0c0d66e93e524c959f92f82156a97011,6,f
val_pr_auc_mood/theme---christmas,0.07927186582429595,1780384753506,0c0d66e93e524c959f92f82156a97011,6,f
val_roc_auc_mood/theme---christmas,0.774065508641689,1780384753506,0c0d66e93e524c959f92f82156a97011,6,f
val_pr_auc_mood/theme---commercial,0.10038302071669204,1780384753506,0c0d66e93e524c959f92f82156a97011,6,f
val_roc_auc_mood/theme---commercial,0.7855649977032614,1780384753506,0c0d66e93e524c959f92f82156a97011,6,f
val_pr_auc_mood/theme---cool,0.015996712191880473,1780384753506,0c0d66e93e524c959f92f82156a97011,6,f
val_roc_auc_mood/theme---cool,0.6825590108654926,1780384753506,0c0d66e93e524c959f92f82156a97011,6,f
val_pr_auc_mood/theme---corporate,0.17689400837871622,1780384753506,0c0d66e93e524c959f92f82156a97011,6,f
val_roc_auc_mood/theme---corporate,0.8264736193157768,1780384753506,0c0d66e93e524c959f92f82156a97011,6,f
val_pr_auc_mood/theme---dark,0.11918088445186358,1780384753506,0c0d66e93e524c959f92f82156a97011,6,f
val_roc_auc_mood/theme---dark,0.6647791674394867,1780384753506,0c0d66e93e524c959f92f82156a97011,6,f
val_pr_auc_mood/theme---deep,0.20039236404154057,1780384753506,0c0d66e93e524c959f92f82156a97011,6,f
val_roc_auc_mood/theme---deep,0.8071139892148754,1780384753506,0c0d66e93e524c959f92f82156a97011,6,f
val_pr_auc_mood/theme---documentary,0.042701338169456496,1780384753506,0c0d66e93e524c959f92f82156a97011,6,f
val_roc_auc_mood/theme---documentary,0.6428487769520261,1780384753506,0c0d66e93e524c959f92f82156a97011,6,f
val_pr_auc_mood/theme---drama,0.06584045990786391,1780384753506,0c0d66e93e524c959f92f82156a97011,6,f
val_roc_auc_mood/theme---drama,0.7329112787356321,1780384753506,0c0d66e93e524c959f92f82156a97011,6,f
val_pr_auc_mood/theme---dramatic,0.03581681966778469,1780384753506,0c0d66e93e524c959f92f82156a97011,6,f
val_roc_auc_mood/theme---dramatic,0.6945172973648057,1780384753506,0c0d66e93e524c959f92f82156a97011,6,f
val_pr_auc_mood/theme---dream,0.10023361963990288,1780384753506,0c0d66e93e524c959f92f82156a97011,6,f
val_roc_auc_mood/theme---dream,0.6728386849690593,1780384753506,0c0d66e93e524c959f92f82156a97011,6,f
val_pr_auc_mood/theme---emotional,0.12876434997884778,1780384753506,0c0d66e93e524c959f92f82156a97011,6,f
val_roc_auc_mood/theme---emotional,0.5820142861208344,1780384753506,0c0d66e93e524c959f92f82156a97011,6,f
val_pr_auc_mood/theme---energetic,0.2007112188232368,1780384753506,0c0d66e93e524c959f92f82156a97011,6,f
val_roc_auc_mood/theme---energetic,0.7686173379013609,1780384753506,0c0d66e93e524c959f92f82156a97011,6,f
val_pr_auc_mood/theme---epic,0.434080602045427,1780384753506,0c0d66e93e524c959f92f82156a97011,6,f
val_roc_auc_mood/theme---epic,0.9047220552018383,1780384753506,0c0d66e93e524c959f92f82156a97011,6,f
val_pr_auc_mood/theme---fast,0.05532154783055094,1780384753506,0c0d66e93e524c959f92f82156a97011,6,f
val_roc_auc_mood/theme---fast,0.8772918024771839,1780384753506,0c0d66e93e524c959f92f82156a97011,6,f
val_pr_auc_mood/theme---film,0.15114564744387252,1780384753506,0c0d66e93e524c959f92f82156a97011,6,f
val_roc_auc_mood/theme---film,0.7272113371942515,1780384753506,0c0d66e93e524c959f92f82156a97011,6,f
val_pr_auc_mood/theme---fun,0.09825006568681248,1780384753506,0c0d66e93e524c959f92f82156a97011,6,f
val_roc_auc_mood/theme---fun,0.7181455758463324,1780384753506,0c0d66e93e524c959f92f82156a97011,6,f
val_pr_auc_mood/theme---funny,0.019137048749442397,1780384753506,0c0d66e93e524c959f92f82156a97011,6,f
val_roc_auc_mood/theme---funny,0.7973814098507772,1780384753506,0c0d66e93e524c959f92f82156a97011,6,f
val_pr_auc_mood/theme---game,0.03089568524962572,1780384753506,0c0d66e93e524c959f92f82156a97011,6,f
val_roc_auc_mood/theme---game,0.6670673076923077,1780384753506,0c0d66e93e524c959f92f82156a97011,6,f
val_pr_auc_mood/theme---groovy,0.07842396461227674,1780384753506,0c0d66e93e524c959f92f82156a97011,6,f
val_roc_auc_mood/theme---groovy,0.8456131829254148,1780384753506,0c0d66e93e524c959f92f82156a97011,6,f
val_pr_auc_mood/theme---happy,0.2992400456588418,1780384753506,0c0d66e93e524c959f92f82156a97011,6,f
val_roc_auc_mood/theme---happy,0.7636180351906158,1780384753506,0c0d66e93e524c959f92f82156a97011,6,f
val_pr_auc_mood/theme---heavy,0.13598403951549531,1780384753506,0c0d66e93e524c959f92f82156a97011,6,f
val_roc_auc_mood/theme---heavy,0.9106989234343971,1780384753506,0c0d66e93e524c959f92f82156a97011,6,f
val_pr_auc_mood/theme---holiday,0.011226090610484825,1780384753506,0c0d66e93e524c959f92f82156a97011,6,f
val_roc_auc_mood/theme---holiday,0.5064924722211688,1780384753506,0c0d66e93e524c959f92f82156a97011,6,f
val_pr_auc_mood/theme---hopeful,0.02112115094507849,1780384753506,0c0d66e93e524c959f92f82156a97011,6,f
val_roc_auc_mood/theme---hopeful,0.7121319407564761,1780384753506,0c0d66e93e524c959f92f82156a97011,6,f
val_pr_auc_mood/theme---inspiring,0.08681475796314231,1780384753506,0c0d66e93e524c959f92f82156a97011,6,f
val_roc_auc_mood/theme---inspiring,0.6619341885690446,1780384753506,0c0d66e93e524c959f92f82156a97011,6,f
val_pr_auc_mood/theme---love,0.10804724709100673,1780384753506,0c0d66e93e524c959f92f82156a97011,6,f
val_roc_auc_mood/theme---love,0.6548391759079204,1780384753506,0c0d66e93e524c959f92f82156a97011,6,f
val_pr_auc_mood/theme---meditative,0.14006882212018412,1780384753506,0c0d66e93e524c959f92f82156a97011,6,f
val_roc_auc_mood/theme---meditative,0.7903150966989139,1780384753506,0c0d66e93e524c959f92f82156a97011,6,f
val_pr_auc_mood/theme---melancholic,0.07926664355377508,1780384753506,0c0d66e93e524c959f92f82156a97011,6,f
val_roc_auc_mood/theme---melancholic,0.7448883454031112,1780384753506,0c0d66e93e524c959f92f82156a97011,6,f
val_pr_auc_mood/theme---melodic,0.11784524884779371,1780384753506,0c0d66e93e524c959f92f82156a97011,6,f
val_roc_auc_mood/theme---melodic,0.5612362626927655,1780384753506,0c0d66e93e524c959f92f82156a97011,6,f
val_pr_auc_mood/theme---motivational,0.16556608802148412,1780384753506,0c0d66e93e524c959f92f82156a97011,6,f
val_roc_auc_mood/theme---motivational,0.7965977998390126,1780384753506,0c0d66e93e524c959f92f82156a97011,6,f
val_pr_auc_mood/theme---movie,0.11181096142268993,1780384753506,0c0d66e93e524c959f92f82156a97011,6,f
val_roc_auc_mood/theme---movie,0.7939365297931905,1780384753506,0c0d66e93e524c959f92f82156a97011,6,f
val_pr_auc_mood/theme---nature,0.029829840625688043,1780384753506,0c0d66e93e524c959f92f82156a97011,6,f
val_roc_auc_mood/theme---nature,0.7032420081925033,1780384753506,0c0d66e93e524c959f92f82156a97011,6,f
val_pr_auc_mood/theme---party,0.08357835678962777,1780384753506,0c0d66e93e524c959f92f82156a97011,6,f
val_roc_auc_mood/theme---party,0.8194017520940599,1780384753506,0c0d66e93e524c959f92f82156a97011,6,f
val_pr_auc_mood/theme---positive,0.04649812531644938,1780384753506,0c0d66e93e524c959f92f82156a97011,6,f
val_roc_auc_mood/theme---positive,0.7133702849117175,1780384753506,0c0d66e93e524c959f92f82156a97011,6,f
val_pr_auc_mood/theme---powerful,0.021936647122348416,1780384753506,0c0d66e93e524c959f92f82156a97011,6,f
val_roc_auc_mood/theme---powerful,0.6733773408504972,1780384753506,0c0d66e93e524c959f92f82156a97011,6,f
val_pr_auc_mood/theme---relaxing,0.16837949805343036,1780384753506,0c0d66e93e524c959f92f82156a97011,6,f
val_roc_auc_mood/theme---relaxing,0.7484959251667905,1780384753506,0c0d66e93e524c959f92f82156a97011,6,f
val_pr_auc_mood/theme---retro,0.011238619557660269,1780384753506,0c0d66e93e524c959f92f82156a97011,6,f
val_roc_auc_mood/theme---retro,0.5122080920357197,1780384753506,0c0d66e93e524c959f92f82156a97011,6,f
val_pr_auc_mood/theme---romantic,0.08563747032426626,1780384753506,0c0d66e93e524c959f92f82156a97011,6,f
val_roc_auc_mood/theme---romantic,0.6766433868860303,1780384753506,0c0d66e93e524c959f92f82156a97011,6,f
val_pr_auc_mood/theme---sad,0.08044551454011065,1780384753506,0c0d66e93e524c959f92f82156a97011,6,f
val_roc_auc_mood/theme---sad,0.7182072829131653,1780384753506,0c0d66e93e524c959f92f82156a97011,6,f
val_pr_auc_mood/theme---sexy,0.05165654081932194,1780384753506,0c0d66e93e524c959f92f82156a97011,6,f
val_roc_auc_mood/theme---sexy,0.7310505724848355,1780384753506,0c0d66e93e524c959f92f82156a97011,6,f
val_pr_auc_mood/theme---slow,0.028098205459460523,1780384753506,0c0d66e93e524c959f92f82156a97011,6,f
val_roc_auc_mood/theme---slow,0.7379326310915615,1780384753506,0c0d66e93e524c959f92f82156a97011,6,f
val_pr_auc_mood/theme---soft,0.04900383918375807,1780384753506,0c0d66e93e524c959f92f82156a97011,6,f
val_roc_auc_mood/theme---soft,0.6580627806886228,1780384753506,0c0d66e93e524c959f92f82156a97011,6,f
val_pr_auc_mood/theme---soundscape,0.027158598003050663,1780384753506,0c0d66e93e524c959f92f82156a97011,6,f
val_roc_auc_mood/theme---soundscape,0.7642429338525992,1780384753506,0c0d66e93e524c959f92f82156a97011,6,f
val_pr_auc_mood/theme---space,0.0592706056350449,1780384753506,0c0d66e93e524c959f92f82156a97011,6,f
val_roc_auc_mood/theme---space,0.7736833102856463,1780384753506,0c0d66e93e524c959f92f82156a97011,6,f
val_pr_auc_mood/theme---sport,0.03218294976321762,1780384753506,0c0d66e93e524c959f92f82156a97011,6,f
val_roc_auc_mood/theme---sport,0.8335826947815874,1780384753506,0c0d66e93e524c959f92f82156a97011,6,f
val_pr_auc_mood/theme---summer,0.2076060034889266,1780384753506,0c0d66e93e524c959f92f82156a97011,6,f
val_roc_auc_mood/theme---summer,0.8464085093026079,1780384753506,0c0d66e93e524c959f92f82156a97011,6,f
val_pr_auc_mood/theme---trailer,0.1853374432209871,1780384753506,0c0d66e93e524c959f92f82156a97011,6,f
val_roc_auc_mood/theme---trailer,0.9180542919807777,1780384753506,0c0d66e93e524c959f92f82156a97011,6,f
val_pr_auc_mood/theme---travel,0.031522170610629216,1780384753506,0c0d66e93e524c959f92f82156a97011,6,f
val_roc_auc_mood/theme---travel,0.6882983409191014,1780384753506,0c0d66e93e524c959f92f82156a97011,6,f
val_pr_auc_mood/theme---upbeat,0.05630254528218026,1780384753506,0c0d66e93e524c959f92f82156a97011,6,f
val_roc_auc_mood/theme---upbeat,0.6977365618033193,1780384753506,0c0d66e93e524c959f92f82156a97011,6,f
val_pr_auc_mood/theme---uplifting,0.07311577620850596,1780384753506,0c0d66e93e524c959f92f82156a97011,6,f
val_macro_pr_auc,0.09517893908551213,1780384753506,0c0d66e93e524c959f92f82156a97011,6,f
val_macro_roc_auc,0.7303152146299446,1780384753506,0c0d66e93e524c959f92f82156a97011,6,f
val_roc_auc_mood/theme---upbeat,0.6009051688547602,1780385714771,0c0d66e93e524c959f92f82156a97011,7,f
val_pr_auc_mood/theme---children,0.08917095343032844,1780385714771,0c0d66e93e524c959f92f82156a97011,7,f
val_roc_auc_mood/theme---calm,0.570297874110746,1780385714771,0c0d66e93e524c959f92f82156a97011,7,f
val_pr_auc_mood/theme---calm,0.037989490183704504,1780385714771,0c0d66e93e524c959f92f82156a97011,7,f
val_roc_auc_mood/theme---ballad,0.7950007368110816,1780385714771,0c0d66e93e524c959f92f82156a97011,7,f
val_pr_auc_mood/theme---ballad,0.07852567171932553,1780385714771,0c0d66e93e524c959f92f82156a97011,7,f
val_roc_auc_mood/theme---background,0.5242705570291777,1780385714771,0c0d66e93e524c959f92f82156a97011,7,f
val_pr_auc_mood/theme---background,0.010459395726458539,1780385714771,0c0d66e93e524c959f92f82156a97011,7,f
val_roc_auc_mood/theme---advertising,0.7768465525745183,1780385714771,0c0d66e93e524c959f92f82156a97011,7,f
val_pr_auc_mood/theme---advertising,0.15346155140144896,1780385714771,0c0d66e93e524c959f92f82156a97011,7,f
val_roc_auc_mood/theme---adventure,0.6382852736236194,1780385714771,0c0d66e93e524c959f92f82156a97011,7,f
val_pr_auc_mood/theme---adventure,0.03828171306723047,1780385714771,0c0d66e93e524c959f92f82156a97011,7,f
val_roc_auc_mood/theme---action,0.8074241211150739,1780385714771,0c0d66e93e524c959f92f82156a97011,7,f
val_pr_auc_mood/theme---action,0.15072329489278263,1780385714771,0c0d66e93e524c959f92f82156a97011,7,f
val_loss_std,0.026327015285635698,1780385714771,0c0d66e93e524c959f92f82156a97011,7,f
val_loss_avg,0.05615267456606892,1780385714771,0c0d66e93e524c959f92f82156a97011,7,f
train_loss,0.046044821673196484,1780385503429,0c0d66e93e524c959f92f82156a97011,7,f
avg_train_loss,0.046044821673196484,1780385502158,0c0d66e93e524c959f92f82156a97011,7,f
stdev_train_loss,0.004369027568280444,1780385502767,0c0d66e93e524c959f92f82156a97011,7,f
val_macro_roc_auc,0.7267299539219866,1780385714771,0c0d66e93e524c959f92f82156a97011,7,f
val_macro_pr_auc,0.09354149790044376,1780385714771,0c0d66e93e524c959f92f82156a97011,7,f
val_roc_auc_mood/theme---uplifting,0.6856657180398188,1780385714771,0c0d66e93e524c959f92f82156a97011,7,f
val_pr_auc_mood/theme---uplifting,0.07051045888451817,1780385714771,0c0d66e93e524c959f92f82156a97011,7,f
val_roc_auc_mood/theme---children,0.7500005704155136,1780385714771,0c0d66e93e524c959f92f82156a97011,7,f
val_pr_auc_mood/theme---christmas,0.09278144199245038,1780385714771,0c0d66e93e524c959f92f82156a97011,7,f
val_roc_auc_mood/theme---christmas,0.7907689073193365,1780385714771,0c0d66e93e524c959f92f82156a97011,7,f
val_pr_auc_mood/theme---commercial,0.07840462880169181,1780385714771,0c0d66e93e524c959f92f82156a97011,7,f
val_roc_auc_mood/theme---commercial,0.7614722094625632,1780385714771,0c0d66e93e524c959f92f82156a97011,7,f
val_pr_auc_mood/theme---cool,0.024678653901192667,1780385714771,0c0d66e93e524c959f92f82156a97011,7,f
val_roc_auc_mood/theme---cool,0.740430248532534,1780385714771,0c0d66e93e524c959f92f82156a97011,7,f
val_pr_auc_mood/theme---corporate,0.14675951326628445,1780385714771,0c0d66e93e524c959f92f82156a97011,7,f
val_roc_auc_mood/theme---corporate,0.8132924786985406,1780385714771,0c0d66e93e524c959f92f82156a97011,7,f
val_pr_auc_mood/theme---dark,0.10296768460150657,1780385714771,0c0d66e93e524c959f92f82156a97011,7,f
val_roc_auc_mood/theme---dark,0.6777831521600775,1780385714771,0c0d66e93e524c959f92f82156a97011,7,f
val_pr_auc_mood/theme---deep,0.24554430813049827,1780385714771,0c0d66e93e524c959f92f82156a97011,7,f
val_roc_auc_mood/theme---deep,0.8183378174293512,1780385714771,0c0d66e93e524c959f92f82156a97011,7,f
val_pr_auc_mood/theme---documentary,0.045517729604238784,1780385714771,0c0d66e93e524c959f92f82156a97011,7,f
val_roc_auc_mood/theme---documentary,0.6230174777964143,1780385714771,0c0d66e93e524c959f92f82156a97011,7,f
val_pr_auc_mood/theme---drama,0.06435575849807172,1780385714771,0c0d66e93e524c959f92f82156a97011,7,f
val_roc_auc_mood/theme---drama,0.6876077586206896,1780385714771,0c0d66e93e524c959f92f82156a97011,7,f
val_pr_auc_mood/theme---dramatic,0.02373874795169716,1780385714771,0c0d66e93e524c959f92f82156a97011,7,f
val_roc_auc_mood/theme---dramatic,0.6688522542775072,1780385714771,0c0d66e93e524c959f92f82156a97011,7,f
val_pr_auc_mood/theme---dream,0.09235259228093065,1780385714771,0c0d66e93e524c959f92f82156a97011,7,f
val_roc_auc_mood/theme---dream,0.6255964739002775,1780385714771,0c0d66e93e524c959f92f82156a97011,7,f
val_pr_auc_mood/theme---emotional,0.12860794358740704,1780385714771,0c0d66e93e524c959f92f82156a97011,7,f
val_roc_auc_mood/theme---emotional,0.6349713179901859,1780385714771,0c0d66e93e524c959f92f82156a97011,7,f
val_pr_auc_mood/theme---energetic,0.19868796815927778,1780385714771,0c0d66e93e524c959f92f82156a97011,7,f
val_roc_auc_mood/theme---energetic,0.7676270507722075,1780385714771,0c0d66e93e524c959f92f82156a97011,7,f
val_pr_auc_mood/theme---epic,0.4029796629541516,1780385714771,0c0d66e93e524c959f92f82156a97011,7,f
val_roc_auc_mood/theme---epic,0.8975759622433263,1780385714771,0c0d66e93e524c959f92f82156a97011,7,f
val_pr_auc_mood/theme---fast,0.041747470620603876,1780385714771,0c0d66e93e524c959f92f82156a97011,7,f
val_roc_auc_mood/theme---fast,0.8635206160365059,1780385714771,0c0d66e93e524c959f92f82156a97011,7,f
val_pr_auc_mood/theme---film,0.16301287061979045,1780385714771,0c0d66e93e524c959f92f82156a97011,7,f
val_roc_auc_mood/theme---film,0.7413147831746806,1780385714771,0c0d66e93e524c959f92f82156a97011,7,f
val_pr_auc_mood/theme---fun,0.08915582520327009,1780385714771,0c0d66e93e524c959f92f82156a97011,7,f
val_roc_auc_mood/theme---fun,0.6714003594647968,1780385714771,0c0d66e93e524c959f92f82156a97011,7,f
val_pr_auc_mood/theme---funny,0.022222413174611332,1780385714771,0c0d66e93e524c959f92f82156a97011,7,f
val_roc_auc_mood/theme---funny,0.7965070124371527,1780385714771,0c0d66e93e524c959f92f82156a97011,7,f
val_pr_auc_mood/theme---game,0.016286098364200117,1780385714771,0c0d66e93e524c959f92f82156a97011,7,f
val_roc_auc_mood/theme---game,0.7012202574967406,1780385714771,0c0d66e93e524c959f92f82156a97011,7,f
val_pr_auc_mood/theme---groovy,0.0628222305524016,1780385714771,0c0d66e93e524c959f92f82156a97011,7,f
val_roc_auc_mood/theme---groovy,0.8246106890151954,1780385714771,0c0d66e93e524c959f92f82156a97011,7,f
val_pr_auc_mood/theme---happy,0.26805098434198743,1780385714771,0c0d66e93e524c959f92f82156a97011,7,f
val_roc_auc_mood/theme---happy,0.7446896133820097,1780385714771,0c0d66e93e524c959f92f82156a97011,7,f
val_pr_auc_mood/theme---heavy,0.15346574163800017,1780385714771,0c0d66e93e524c959f92f82156a97011,7,f
val_roc_auc_mood/theme---heavy,0.9133601871728695,1780385714771,0c0d66e93e524c959f92f82156a97011,7,f
val_pr_auc_mood/theme---holiday,0.01916961373012953,1780385714771,0c0d66e93e524c959f92f82156a97011,7,f
val_roc_auc_mood/theme---holiday,0.5959384125298646,1780385714771,0c0d66e93e524c959f92f82156a97011,7,f
val_pr_auc_mood/theme---hopeful,0.025491500273334817,1780385714771,0c0d66e93e524c959f92f82156a97011,7,f
val_roc_auc_mood/theme---hopeful,0.7095651147695757,1780385714771,0c0d66e93e524c959f92f82156a97011,7,f
val_pr_auc_mood/theme---inspiring,0.07868538451741984,1780385714771,0c0d66e93e524c959f92f82156a97011,7,f
val_roc_auc_mood/theme---inspiring,0.6476314543820801,1780385714771,0c0d66e93e524c959f92f82156a97011,7,f
val_pr_auc_mood/theme---love,0.106269039935455,1780385714771,0c0d66e93e524c959f92f82156a97011,7,f
val_roc_auc_mood/theme---love,0.6650141903610658,1780385714771,0c0d66e93e524c959f92f82156a97011,7,f
val_pr_auc_mood/theme---meditative,0.16103330248497555,1780385714771,0c0d66e93e524c959f92f82156a97011,7,f
val_roc_auc_mood/theme---meditative,0.7955957086391869,1780385714771,0c0d66e93e524c959f92f82156a97011,7,f
val_pr_auc_mood/theme---melancholic,0.06298031778144159,1780385714771,0c0d66e93e524c959f92f82156a97011,7,f
val_roc_auc_mood/theme---melancholic,0.6796749336711407,1780385714771,0c0d66e93e524c959f92f82156a97011,7,f
val_pr_auc_mood/theme---melodic,0.13508224484328712,1780385714771,0c0d66e93e524c959f92f82156a97011,7,f
val_roc_auc_mood/theme---melodic,0.6158808336076574,1780385714771,0c0d66e93e524c959f92f82156a97011,7,f
val_pr_auc_mood/theme---motivational,0.14053602091221518,1780385714771,0c0d66e93e524c959f92f82156a97011,7,f
val_roc_auc_mood/theme---motivational,0.8032841427421519,1780385714771,0c0d66e93e524c959f92f82156a97011,7,f
val_pr_auc_mood/theme---movie,0.11401849312769695,1780385714771,0c0d66e93e524c959f92f82156a97011,7,f
val_roc_auc_mood/theme---movie,0.7930489352463794,1780385714771,0c0d66e93e524c959f92f82156a97011,7,f
val_pr_auc_mood/theme---nature,0.03294985538741884,1780385714771,0c0d66e93e524c959f92f82156a97011,7,f
val_roc_auc_mood/theme---nature,0.7323850888207323,1780385714771,0c0d66e93e524c959f92f82156a97011,7,f
val_pr_auc_mood/theme---party,0.08995296669779533,1780385714771,0c0d66e93e524c959f92f82156a97011,7,f
val_roc_auc_mood/theme---party,0.8138656215579293,1780385714771,0c0d66e93e524c959f92f82156a97011,7,f
val_pr_auc_mood/theme---positive,0.04514541678439157,1780385714771,0c0d66e93e524c959f92f82156a97011,7,f
val_roc_auc_mood/theme---positive,0.7177384296415196,1780385714771,0c0d66e93e524c959f92f82156a97011,7,f
val_pr_auc_mood/theme---powerful,0.021854552829247163,1780385714771,0c0d66e93e524c959f92f82156a97011,7,f
val_roc_auc_mood/theme---powerful,0.6753038501855682,1780385714771,0c0d66e93e524c959f92f82156a97011,7,f
val_pr_auc_mood/theme---relaxing,0.18589108550960864,1780385714771,0c0d66e93e524c959f92f82156a97011,7,f
val_roc_auc_mood/theme---relaxing,0.752448778774937,1780385714771,0c0d66e93e524c959f92f82156a97011,7,f
val_pr_auc_mood/theme---retro,0.010087008741514362,1780385714771,0c0d66e93e524c959f92f82156a97011,7,f
val_roc_auc_mood/theme---retro,0.4972989799028541,1780385714771,0c0d66e93e524c959f92f82156a97011,7,f
val_pr_auc_mood/theme---romantic,0.056223113194554496,1780385714771,0c0d66e93e524c959f92f82156a97011,7,f
val_roc_auc_mood/theme---romantic,0.6854262132170263,1780385714771,0c0d66e93e524c959f92f82156a97011,7,f
val_pr_auc_mood/theme---sad,0.07173351590987975,1780385714771,0c0d66e93e524c959f92f82156a97011,7,f
val_roc_auc_mood/theme---sad,0.691984700857087,1780385714771,0c0d66e93e524c959f92f82156a97011,7,f
val_pr_auc_mood/theme---sexy,0.04730568805707952,1780385714771,0c0d66e93e524c959f92f82156a97011,7,f
val_roc_auc_mood/theme---sexy,0.7115250708876207,1780385714771,0c0d66e93e524c959f92f82156a97011,7,f
val_pr_auc_mood/theme---slow,0.03303993021263632,1780385714771,0c0d66e93e524c959f92f82156a97011,7,f
val_roc_auc_mood/theme---slow,0.7364127289289721,1780385714771,0c0d66e93e524c959f92f82156a97011,7,f
val_pr_auc_mood/theme---soft,0.05264940054141695,1780385714771,0c0d66e93e524c959f92f82156a97011,7,f
val_roc_auc_mood/theme---soft,0.6846250680457268,1780385714771,0c0d66e93e524c959f92f82156a97011,7,f
val_pr_auc_mood/theme---soundscape,0.03244137523964634,1780385714771,0c0d66e93e524c959f92f82156a97011,7,f
val_roc_auc_mood/theme---soundscape,0.7855520151059184,1780385714771,0c0d66e93e524c959f92f82156a97011,7,f
val_pr_auc_mood/theme---space,0.05771493683477971,1780385714771,0c0d66e93e524c959f92f82156a97011,7,f
val_roc_auc_mood/theme---space,0.7603359454045232,1780385714771,0c0d66e93e524c959f92f82156a97011,7,f
val_pr_auc_mood/theme---sport,0.0886886079643685,1780385714771,0c0d66e93e524c959f92f82156a97011,7,f
val_roc_auc_mood/theme---sport,0.9049233737904804,1780385714771,0c0d66e93e524c959f92f82156a97011,7,f
val_pr_auc_mood/theme---summer,0.20680795122887155,1780385714771,0c0d66e93e524c959f92f82156a97011,7,f
val_roc_auc_mood/theme---summer,0.8414692286963912,1780385714771,0c0d66e93e524c959f92f82156a97011,7,f
val_pr_auc_mood/theme---trailer,0.20471420938504936,1780385714771,0c0d66e93e524c959f92f82156a97011,7,f
val_roc_auc_mood/theme---trailer,0.9277484796206885,1780385714771,0c0d66e93e524c959f92f82156a97011,7,f
val_pr_auc_mood/theme---travel,0.019523582549992285,1780385714771,0c0d66e93e524c959f92f82156a97011,7,f
val_roc_auc_mood/theme---travel,0.5595469202868998,1780385714771,0c0d66e93e524c959f92f82156a97011,7,f
val_pr_auc_mood/theme---upbeat,0.04507197020058367,1780385714771,0c0d66e93e524c959f92f82156a97011,7,f
val_pr_auc_mood/theme---slow,0.03135986478968193,1780386691543,0c0d66e93e524c959f92f82156a97011,8,f
stdev_train_loss,0.0043321444713852065,1780386487413,0c0d66e93e524c959f92f82156a97011,8,f
val_loss_avg,0.05318394126743926,1780386691543,0c0d66e93e524c959f92f82156a97011,8,f
val_loss_std,0.023746360521409677,1780386691543,0c0d66e93e524c959f92f82156a97011,8,f
val_pr_auc_mood/theme---action,0.10944177778530928,1780386691543,0c0d66e93e524c959f92f82156a97011,8,f
val_roc_auc_mood/theme---action,0.7042385423490307,1780386691543,0c0d66e93e524c959f92f82156a97011,8,f
val_pr_auc_mood/theme---adventure,0.035960675286850735,1780386691543,0c0d66e93e524c959f92f82156a97011,8,f
val_roc_auc_mood/theme---adventure,0.6241599878817924,1780386691543,0c0d66e93e524c959f92f82156a97011,8,f
val_pr_auc_mood/theme---advertising,0.16813696660699387,1780386691543,0c0d66e93e524c959f92f82156a97011,8,f
val_roc_auc_mood/theme---advertising,0.7802078971123332,1780386691543,0c0d66e93e524c959f92f82156a97011,8,f
val_pr_auc_mood/theme---background,0.016148918262367078,1780386691543,0c0d66e93e524c959f92f82156a97011,8,f
val_roc_auc_mood/theme---background,0.6005470822281167,1780386691543,0c0d66e93e524c959f92f82156a97011,8,f
val_pr_auc_mood/theme---ballad,0.07452337258844575,1780386691543,0c0d66e93e524c959f92f82156a97011,8,f
val_roc_auc_mood/theme---ballad,0.77763041556145,1780386691543,0c0d66e93e524c959f92f82156a97011,8,f
val_pr_auc_mood/theme---calm,0.06172765775495188,1780386691543,0c0d66e93e524c959f92f82156a97011,8,f
val_roc_auc_mood/theme---calm,0.652954299621417,1780386691543,0c0d66e93e524c959f92f82156a97011,8,f
val_pr_auc_mood/theme---children,0.08718269226022969,1780386691543,0c0d66e93e524c959f92f82156a97011,8,f
val_roc_auc_mood/theme---children,0.7451429119027464,1780386691543,0c0d66e93e524c959f92f82156a97011,8,f
val_pr_auc_mood/theme---christmas,0.09514065742129217,1780386691543,0c0d66e93e524c959f92f82156a97011,8,f
val_roc_auc_mood/theme---christmas,0.8038438116227816,1780386691543,0c0d66e93e524c959f92f82156a97011,8,f
val_pr_auc_mood/theme---commercial,0.06779435776791796,1780386691543,0c0d66e93e524c959f92f82156a97011,8,f
val_roc_auc_mood/theme---commercial,0.776496708007962,1780386691543,0c0d66e93e524c959f92f82156a97011,8,f
val_pr_auc_mood/theme---cool,0.02042305213502875,1780386691543,0c0d66e93e524c959f92f82156a97011,8,f
val_roc_auc_mood/theme---cool,0.6910047458473836,1780386691543,0c0d66e93e524c959f92f82156a97011,8,f
val_pr_auc_mood/theme---corporate,0.1580633537162884,1780386691543,0c0d66e93e524c959f92f82156a97011,8,f
val_roc_auc_mood/theme---corporate,0.8021770735567456,1780386691543,0c0d66e93e524c959f92f82156a97011,8,f
val_pr_auc_mood/theme---dark,0.12688254562134377,1780386691543,0c0d66e93e524c959f92f82156a97011,8,f
val_roc_auc_mood/theme---dark,0.6766812017442093,1780386691543,0c0d66e93e524c959f92f82156a97011,8,f
val_pr_auc_mood/theme---deep,0.24980372527198044,1780386691543,0c0d66e93e524c959f92f82156a97011,8,f
val_roc_auc_mood/theme---deep,0.8137838393955982,1780386691543,0c0d66e93e524c959f92f82156a97011,8,f
val_pr_auc_mood/theme---documentary,0.04423754404481146,1780386691543,0c0d66e93e524c959f92f82156a97011,8,f
val_roc_auc_mood/theme---documentary,0.627830556642071,1780386691543,0c0d66e93e524c959f92f82156a97011,8,f
val_pr_auc_mood/theme---drama,0.0651004379908601,1780386691543,0c0d66e93e524c959f92f82156a97011,8,f
val_roc_auc_mood/theme---drama,0.7009219348659004,1780386691543,0c0d66e93e524c959f92f82156a97011,8,f
val_pr_auc_mood/theme---dramatic,0.023593128862937594,1780386691543,0c0d66e93e524c959f92f82156a97011,8,f
val_roc_auc_mood/theme---dramatic,0.7077791307605845,1780386691543,0c0d66e93e524c959f92f82156a97011,8,f
val_pr_auc_mood/theme---dream,0.10890911257015315,1780386691543,0c0d66e93e524c959f92f82156a97011,8,f
val_roc_auc_mood/theme---dream,0.6490778254822519,1780386691543,0c0d66e93e524c959f92f82156a97011,8,f
val_pr_auc_mood/theme---emotional,0.14251114765059816,1780386691543,0c0d66e93e524c959f92f82156a97011,8,f
val_roc_auc_mood/theme---emotional,0.6177938228992613,1780386691543,0c0d66e93e524c959f92f82156a97011,8,f
val_pr_auc_mood/theme---energetic,0.2062439173554345,1780386691543,0c0d66e93e524c959f92f82156a97011,8,f
val_roc_auc_mood/theme---energetic,0.7734833936003521,1780386691543,0c0d66e93e524c959f92f82156a97011,8,f
val_pr_auc_mood/theme---epic,0.4243870459322541,1780386691543,0c0d66e93e524c959f92f82156a97011,8,f
val_roc_auc_mood/theme---epic,0.9033267714914051,1780386691543,0c0d66e93e524c959f92f82156a97011,8,f
val_pr_auc_mood/theme---fast,0.046708144976061725,1780386691543,0c0d66e93e524c959f92f82156a97011,8,f
val_roc_auc_mood/theme---fast,0.8716590612777053,1780386691543,0c0d66e93e524c959f92f82156a97011,8,f
val_pr_auc_mood/theme---film,0.169571980203766,1780386691543,0c0d66e93e524c959f92f82156a97011,8,f
val_roc_auc_mood/theme---film,0.7169303481483126,1780386691543,0c0d66e93e524c959f92f82156a97011,8,f
val_pr_auc_mood/theme---fun,0.0885501436772546,1780386691543,0c0d66e93e524c959f92f82156a97011,8,f
val_roc_auc_mood/theme---fun,0.6806088712361595,1780386691543,0c0d66e93e524c959f92f82156a97011,8,f
val_pr_auc_mood/theme---funny,0.01472938436236043,1780386691543,0c0d66e93e524c959f92f82156a97011,8,f
val_roc_auc_mood/theme---funny,0.7582406203619545,1780386691543,0c0d66e93e524c959f92f82156a97011,8,f
val_pr_auc_mood/theme---game,0.016761237069484833,1780386691543,0c0d66e93e524c959f92f82156a97011,8,f
val_roc_auc_mood/theme---game,0.6869907105606258,1780386691543,0c0d66e93e524c959f92f82156a97011,8,f
val_pr_auc_mood/theme---groovy,0.0637671054777219,1780386691543,0c0d66e93e524c959f92f82156a97011,8,f
val_roc_auc_mood/theme---groovy,0.8201520995244171,1780386691543,0c0d66e93e524c959f92f82156a97011,8,f
val_pr_auc_mood/theme---happy,0.29503029248739154,1780386691543,0c0d66e93e524c959f92f82156a97011,8,f
val_roc_auc_mood/theme---happy,0.768218849123227,1780386691543,0c0d66e93e524c959f92f82156a97011,8,f
val_pr_auc_mood/theme---heavy,0.12542572167468308,1780386691543,0c0d66e93e524c959f92f82156a97011,8,f
val_roc_auc_mood/theme---heavy,0.9276634747581949,1780386691543,0c0d66e93e524c959f92f82156a97011,8,f
val_pr_auc_mood/theme---holiday,0.016817404176531024,1780386691543,0c0d66e93e524c959f92f82156a97011,8,f
train_loss,0.045758397043931025,1780386487840,0c0d66e93e524c959f92f82156a97011,8,f
val_roc_auc_mood/theme---holiday,0.5845386628237703,1780386691543,0c0d66e93e524c959f92f82156a97011,8,f
val_pr_auc_mood/theme---hopeful,0.023475497365592485,1780386691543,0c0d66e93e524c959f92f82156a97011,8,f
val_roc_auc_mood/theme---hopeful,0.7198914262111288,1780386691543,0c0d66e93e524c959f92f82156a97011,8,f
val_pr_auc_mood/theme---inspiring,0.09210253874452196,1780386691543,0c0d66e93e524c959f92f82156a97011,8,f
val_roc_auc_mood/theme---inspiring,0.673673622476814,1780386691543,0c0d66e93e524c959f92f82156a97011,8,f
val_pr_auc_mood/theme---love,0.11918270418517471,1780386691543,0c0d66e93e524c959f92f82156a97011,8,f
val_roc_auc_mood/theme---love,0.6918747043674778,1780386691543,0c0d66e93e524c959f92f82156a97011,8,f
val_pr_auc_mood/theme---meditative,0.13069191701668473,1780386691543,0c0d66e93e524c959f92f82156a97011,8,f
val_roc_auc_mood/theme---meditative,0.7853637233645114,1780386691543,0c0d66e93e524c959f92f82156a97011,8,f
val_pr_auc_mood/theme---melancholic,0.06062527171776905,1780386691543,0c0d66e93e524c959f92f82156a97011,8,f
val_roc_auc_mood/theme---melancholic,0.6932628917185948,1780386691543,0c0d66e93e524c959f92f82156a97011,8,f
val_pr_auc_mood/theme---melodic,0.12948349004178353,1780386691543,0c0d66e93e524c959f92f82156a97011,8,f
val_roc_auc_mood/theme---melodic,0.5882376680762705,1780386691543,0c0d66e93e524c959f92f82156a97011,8,f
val_pr_auc_mood/theme---motivational,0.17915017498189142,1780386691543,0c0d66e93e524c959f92f82156a97011,8,f
val_roc_auc_mood/theme---motivational,0.8230855916286558,1780386691543,0c0d66e93e524c959f92f82156a97011,8,f
val_pr_auc_mood/theme---movie,0.12322585272099273,1780386691543,0c0d66e93e524c959f92f82156a97011,8,f
val_roc_auc_mood/theme---movie,0.7942603818575674,1780386691543,0c0d66e93e524c959f92f82156a97011,8,f
val_pr_auc_mood/theme---nature,0.03527755907351219,1780386691543,0c0d66e93e524c959f92f82156a97011,8,f
val_roc_auc_mood/theme---nature,0.7251312241411251,1780386691543,0c0d66e93e524c959f92f82156a97011,8,f
val_pr_auc_mood/theme---party,0.09243785344457305,1780386691543,0c0d66e93e524c959f92f82156a97011,8,f
val_roc_auc_mood/theme---party,0.8340441609672378,1780386691543,0c0d66e93e524c959f92f82156a97011,8,f
val_pr_auc_mood/theme---positive,0.04535461108706609,1780386691543,0c0d66e93e524c959f92f82156a97011,8,f
val_roc_auc_mood/theme---positive,0.7385341425896201,1780386691543,0c0d66e93e524c959f92f82156a97011,8,f
val_pr_auc_mood/theme---powerful,0.024155678310255686,1780386691543,0c0d66e93e524c959f92f82156a97011,8,f
val_roc_auc_mood/theme---powerful,0.6911975521999038,1780386691543,0c0d66e93e524c959f92f82156a97011,8,f
val_pr_auc_mood/theme---relaxing,0.15459509087217949,1780386691543,0c0d66e93e524c959f92f82156a97011,8,f
val_roc_auc_mood/theme---relaxing,0.7384742036110045,1780386691543,0c0d66e93e524c959f92f82156a97011,8,f
val_pr_auc_mood/theme---retro,0.011529487665770062,1780386691543,0c0d66e93e524c959f92f82156a97011,8,f
val_roc_auc_mood/theme---retro,0.537668367909417,1780386691543,0c0d66e93e524c959f92f82156a97011,8,f
val_pr_auc_mood/theme---romantic,0.06958612194673232,1780386691543,0c0d66e93e524c959f92f82156a97011,8,f
val_roc_auc_mood/theme---romantic,0.690169583540367,1780386691543,0c0d66e93e524c959f92f82156a97011,8,f
val_pr_auc_mood/theme---sad,0.08465333113873025,1780386691543,0c0d66e93e524c959f92f82156a97011,8,f
val_roc_auc_mood/theme---sad,0.7092883665093945,1780386691543,0c0d66e93e524c959f92f82156a97011,8,f
val_pr_auc_mood/theme---sexy,0.05158697163823398,1780386691543,0c0d66e93e524c959f92f82156a97011,8,f
val_roc_auc_mood/theme---sexy,0.7438139334553677,1780386691543,0c0d66e93e524c959f92f82156a97011,8,f
val_roc_auc_mood/theme---slow,0.7434888297256628,1780386691543,0c0d66e93e524c959f92f82156a97011,8,f
val_pr_auc_mood/theme---soft,0.054882602706345866,1780386691543,0c0d66e93e524c959f92f82156a97011,8,f
val_roc_auc_mood/theme---soft,0.6844188044365814,1780386691543,0c0d66e93e524c959f92f82156a97011,8,f
val_pr_auc_mood/theme---soundscape,0.02666670846507377,1780386691543,0c0d66e93e524c959f92f82156a97011,8,f
val_roc_auc_mood/theme---soundscape,0.754624712338467,1780386691543,0c0d66e93e524c959f92f82156a97011,8,f
val_pr_auc_mood/theme---space,0.06102715498696111,1780386691543,0c0d66e93e524c959f92f82156a97011,8,f
val_roc_auc_mood/theme---space,0.7712915691850977,1780386691543,0c0d66e93e524c959f92f82156a97011,8,f
val_pr_auc_mood/theme---sport,0.1452252964247969,1780386691543,0c0d66e93e524c959f92f82156a97011,8,f
val_roc_auc_mood/theme---sport,0.8698053582415124,1780386691543,0c0d66e93e524c959f92f82156a97011,8,f
val_pr_auc_mood/theme---summer,0.22859446961611757,1780386691543,0c0d66e93e524c959f92f82156a97011,8,f
val_roc_auc_mood/theme---summer,0.8392483291432361,1780386691543,0c0d66e93e524c959f92f82156a97011,8,f
val_pr_auc_mood/theme---trailer,0.18999626303350606,1780386691543,0c0d66e93e524c959f92f82156a97011,8,f
val_roc_auc_mood/theme---trailer,0.9250720080331898,1780386691543,0c0d66e93e524c959f92f82156a97011,8,f
val_pr_auc_mood/theme---travel,0.025639632855786236,1780386691543,0c0d66e93e524c959f92f82156a97011,8,f
val_roc_auc_mood/theme---travel,0.6566665035318684,1780386691543,0c0d66e93e524c959f92f82156a97011,8,f
val_pr_auc_mood/theme---upbeat,0.04330419165388376,1780386691543,0c0d66e93e524c959f92f82156a97011,8,f
val_roc_auc_mood/theme---upbeat,0.564326851622492,1780386691543,0c0d66e93e524c959f92f82156a97011,8,f
val_pr_auc_mood/theme---uplifting,0.07122367728201764,1780386691543,0c0d66e93e524c959f92f82156a97011,8,f
val_roc_auc_mood/theme---uplifting,0.7078121286754381,1780386691543,0c0d66e93e524c959f92f82156a97011,8,f
val_macro_pr_auc,0.0969394199063739,1780386691543,0c0d66e93e524c959f92f82156a97011,8,f
val_macro_roc_auc,0.7310502016061743,1780386691543,0c0d66e93e524c959f92f82156a97011,8,f
avg_train_loss,0.045758397043931025,1780386486727,0c0d66e93e524c959f92f82156a97011,8,f
val_pr_auc_mood/theme---powerful,0.0205407391003678,1780387694177,0c0d66e93e524c959f92f82156a97011,9,f
val_roc_auc_mood/theme---upbeat,0.6378178928247049,1780387694177,0c0d66e93e524c959f92f82156a97011,9,f
val_pr_auc_mood/theme---upbeat,0.0503417283936306,1780387694177,0c0d66e93e524c959f92f82156a97011,9,f
val_roc_auc_mood/theme---travel,0.5452508741306274,1780387694177,0c0d66e93e524c959f92f82156a97011,9,f
val_pr_auc_mood/theme---travel,0.017874957848459553,1780387694177,0c0d66e93e524c959f92f82156a97011,9,f
val_roc_auc_mood/theme---powerful,0.6620392667932119,1780387694177,0c0d66e93e524c959f92f82156a97011,9,f
val_pr_auc_mood/theme---relaxing,0.1861933138636565,1780387694177,0c0d66e93e524c959f92f82156a97011,9,f
val_roc_auc_mood/theme---relaxing,0.7571008459974358,1780387694177,0c0d66e93e524c959f92f82156a97011,9,f
val_pr_auc_mood/theme---retro,0.010695126022557807,1780387694177,0c0d66e93e524c959f92f82156a97011,9,f
val_roc_auc_mood/theme---retro,0.5098215964877011,1780387694177,0c0d66e93e524c959f92f82156a97011,9,f
val_loss_avg,0.05552444737909439,1780387694177,0c0d66e93e524c959f92f82156a97011,9,f
val_loss_std,0.025334946737335974,1780387694177,0c0d66e93e524c959f92f82156a97011,9,f
val_pr_auc_mood/theme---action,0.12134605803109677,1780387694177,0c0d66e93e524c959f92f82156a97011,9,f
val_roc_auc_mood/theme---action,0.786796710095349,1780387694177,0c0d66e93e524c959f92f82156a97011,9,f
val_pr_auc_mood/theme---adventure,0.02968599672785725,1780387694177,0c0d66e93e524c959f92f82156a97011,9,f
val_roc_auc_mood/theme---adventure,0.568643449282547,1780387694177,0c0d66e93e524c959f92f82156a97011,9,f
val_pr_auc_mood/theme---advertising,0.14999337645785615,1780387694177,0c0d66e93e524c959f92f82156a97011,9,f
val_roc_auc_mood/theme---advertising,0.7532724717794095,1780387694177,0c0d66e93e524c959f92f82156a97011,9,f
val_pr_auc_mood/theme---background,0.016671254288545326,1780387694177,0c0d66e93e524c959f92f82156a97011,9,f
val_roc_auc_mood/theme---background,0.6350464190981432,1780387694177,0c0d66e93e524c959f92f82156a97011,9,f
val_pr_auc_mood/theme---ballad,0.08371698549438236,1780387694177,0c0d66e93e524c959f92f82156a97011,9,f
val_roc_auc_mood/theme---ballad,0.8158617005599764,1780387694177,0c0d66e93e524c959f92f82156a97011,9,f
val_pr_auc_mood/theme---calm,0.05385672292813553,1780387694177,0c0d66e93e524c959f92f82156a97011,9,f
val_roc_auc_mood/theme---calm,0.5962838540583267,1780387694177,0c0d66e93e524c959f92f82156a97011,9,f
val_pr_auc_mood/theme---children,0.07793573724691517,1780387694177,0c0d66e93e524c959f92f82156a97011,9,f
val_roc_auc_mood/theme---children,0.7381678710039542,1780387694177,0c0d66e93e524c959f92f82156a97011,9,f
val_pr_auc_mood/theme---christmas,0.10777525284138277,1780387694177,0c0d66e93e524c959f92f82156a97011,9,f
val_roc_auc_mood/theme---christmas,0.808973001971929,1780387694177,0c0d66e93e524c959f92f82156a97011,9,f
val_pr_auc_mood/theme---commercial,0.04950265120295833,1780387694177,0c0d66e93e524c959f92f82156a97011,9,f
val_roc_auc_mood/theme---commercial,0.7105841371918542,1780387694177,0c0d66e93e524c959f92f82156a97011,9,f
val_pr_auc_mood/theme---cool,0.028984347802006642,1780387694177,0c0d66e93e524c959f92f82156a97011,9,f
val_roc_auc_mood/theme---cool,0.6942284875733733,1780387694177,0c0d66e93e524c959f92f82156a97011,9,f
val_pr_auc_mood/theme---corporate,0.1546104826009008,1780387694177,0c0d66e93e524c959f92f82156a97011,9,f
val_roc_auc_mood/theme---corporate,0.8000285246324002,1780387694177,0c0d66e93e524c959f92f82156a97011,9,f
val_pr_auc_mood/theme---dark,0.08982950197225091,1780387694177,0c0d66e93e524c959f92f82156a97011,9,f
val_roc_auc_mood/theme---dark,0.6302368405420771,1780387694177,0c0d66e93e524c959f92f82156a97011,9,f
val_pr_auc_mood/theme---deep,0.2077448813281477,1780387694177,0c0d66e93e524c959f92f82156a97011,9,f
val_roc_auc_mood/theme---deep,0.7976876817417704,1780387694177,0c0d66e93e524c959f92f82156a97011,9,f
val_pr_auc_mood/theme---documentary,0.046885848184301276,1780387694177,0c0d66e93e524c959f92f82156a97011,9,f
val_roc_auc_mood/theme---documentary,0.6551709659526603,1780387694177,0c0d66e93e524c959f92f82156a97011,9,f
val_pr_auc_mood/theme---drama,0.06331003608780639,1780387694177,0c0d66e93e524c959f92f82156a97011,9,f
val_roc_auc_mood/theme---drama,0.6850035919540229,1780387694177,0c0d66e93e524c959f92f82156a97011,9,f
val_pr_auc_mood/theme---dramatic,0.0225271867685193,1780387694177,0c0d66e93e524c959f92f82156a97011,9,f
val_roc_auc_mood/theme---dramatic,0.6087642063194705,1780387694177,0c0d66e93e524c959f92f82156a97011,9,f
val_pr_auc_mood/theme---dream,0.12445337591704754,1780387694177,0c0d66e93e524c959f92f82156a97011,9,f
val_roc_auc_mood/theme---dream,0.6657522189299416,1780387694177,0c0d66e93e524c959f92f82156a97011,9,f
val_pr_auc_mood/theme---emotional,0.17506020182424387,1780387694177,0c0d66e93e524c959f92f82156a97011,9,f
val_roc_auc_mood/theme---emotional,0.685960654218146,1780387694177,0c0d66e93e524c959f92f82156a97011,9,f
val_pr_auc_mood/theme---energetic,0.19773816004320696,1780387694177,0c0d66e93e524c959f92f82156a97011,9,f
val_roc_auc_mood/theme---energetic,0.7674021768278825,1780387694177,0c0d66e93e524c959f92f82156a97011,9,f
val_pr_auc_mood/theme---epic,0.4294301719374762,1780387694177,0c0d66e93e524c959f92f82156a97011,9,f
val_roc_auc_mood/theme---epic,0.8993880190101228,1780387694177,0c0d66e93e524c959f92f82156a97011,9,f
val_pr_auc_mood/theme---fast,0.0971782273731601,1780387694177,0c0d66e93e524c959f92f82156a97011,9,f
val_roc_auc_mood/theme---fast,0.8939251955671447,1780387694177,0c0d66e93e524c959f92f82156a97011,9,f
val_pr_auc_mood/theme---film,0.15750780296694608,1780387694177,0c0d66e93e524c959f92f82156a97011,9,f
val_roc_auc_mood/theme---film,0.7309761022477644,1780387694177,0c0d66e93e524c959f92f82156a97011,9,f
val_pr_auc_mood/theme---fun,0.09259796880816853,1780387694177,0c0d66e93e524c959f92f82156a97011,9,f
val_roc_auc_mood/theme---fun,0.700030325219488,1780387694177,0c0d66e93e524c959f92f82156a97011,9,f
val_pr_auc_mood/theme---funny,0.015446507797314643,1780387694177,0c0d66e93e524c959f92f82156a97011,9,f
val_roc_auc_mood/theme---funny,0.7629577643038761,1780387694177,0c0d66e93e524c959f92f82156a97011,9,f
val_pr_auc_mood/theme---game,0.029248427479476917,1780387694177,0c0d66e93e524c959f92f82156a97011,9,f
val_roc_auc_mood/theme---game,0.6214757170795306,1780387694177,0c0d66e93e524c959f92f82156a97011,9,f
val_pr_auc_mood/theme---groovy,0.05713690014100536,1780387694177,0c0d66e93e524c959f92f82156a97011,9,f
val_roc_auc_mood/theme---groovy,0.8024736109500058,1780387694177,0c0d66e93e524c959f92f82156a97011,9,f
val_pr_auc_mood/theme---happy,0.30982072102469105,1780387694177,0c0d66e93e524c959f92f82156a97011,9,f
val_roc_auc_mood/theme---happy,0.7739186217008798,1780387694177,0c0d66e93e524c959f92f82156a97011,9,f
stdev_train_loss,0.004509940202684654,1780387466022,0c0d66e93e524c959f92f82156a97011,9,f
val_roc_auc_mood/theme---uplifting,0.6872389066633672,1780387694177,0c0d66e93e524c959f92f82156a97011,9,f
val_pr_auc_mood/theme---heavy,0.15164073008685708,1780387694177,0c0d66e93e524c959f92f82156a97011,9,f
val_roc_auc_mood/theme---heavy,0.9224454682135764,1780387694177,0c0d66e93e524c959f92f82156a97011,9,f
train_loss,0.04543378735906095,1780387466464,0c0d66e93e524c959f92f82156a97011,9,f
val_roc_auc_mood/theme---trailer,0.9189753908063769,1780387694177,0c0d66e93e524c959f92f82156a97011,9,f
val_pr_auc_mood/theme---romantic,0.08428971538937347,1780387694177,0c0d66e93e524c959f92f82156a97011,9,f
val_pr_auc_mood/theme---trailer,0.19736059474467182,1780387694177,0c0d66e93e524c959f92f82156a97011,9,f
val_roc_auc_mood/theme---summer,0.8467342412370706,1780387694177,0c0d66e93e524c959f92f82156a97011,9,f
avg_train_loss,0.04543378735906095,1780387465517,0c0d66e93e524c959f92f82156a97011,9,f
val_macro_roc_auc,0.7282667750568393,1780387694177,0c0d66e93e524c959f92f82156a97011,9,f
val_macro_pr_auc,0.09637065449463396,1780387694177,0c0d66e93e524c959f92f82156a97011,9,f
val_pr_auc_mood/theme---summer,0.20047645200781333,1780387694177,0c0d66e93e524c959f92f82156a97011,9,f
val_roc_auc_mood/theme---sport,0.8892136025504782,1780387694177,0c0d66e93e524c959f92f82156a97011,9,f
val_pr_auc_mood/theme---uplifting,0.07428619553354825,1780387694177,0c0d66e93e524c959f92f82156a97011,9,f
val_pr_auc_mood/theme---sport,0.07729636216371852,1780387694177,0c0d66e93e524c959f92f82156a97011,9,f
val_roc_auc_mood/theme---space,0.7994880224504766,1780387694177,0c0d66e93e524c959f92f82156a97011,9,f
val_pr_auc_mood/theme---space,0.06652450591031824,1780387694177,0c0d66e93e524c959f92f82156a97011,9,f
val_roc_auc_mood/theme---soundscape,0.7857806691449813,1780387694177,0c0d66e93e524c959f92f82156a97011,9,f
val_pr_auc_mood/theme---soundscape,0.029923930437413992,1780387694177,0c0d66e93e524c959f92f82156a97011,9,f
val_roc_auc_mood/theme---soft,0.6992740371529668,1780387694177,0c0d66e93e524c959f92f82156a97011,9,f
val_pr_auc_mood/theme---soft,0.057809062557064084,1780387694177,0c0d66e93e524c959f92f82156a97011,9,f
val_roc_auc_mood/theme---slow,0.7143540164169564,1780387694177,0c0d66e93e524c959f92f82156a97011,9,f
val_pr_auc_mood/theme---slow,0.025770992995455273,1780387694177,0c0d66e93e524c959f92f82156a97011,9,f
val_roc_auc_mood/theme---sexy,0.7244176447363698,1780387694177,0c0d66e93e524c959f92f82156a97011,9,f
val_pr_auc_mood/theme---sexy,0.04931430403341305,1780387694177,0c0d66e93e524c959f92f82156a97011,9,f
val_roc_auc_mood/theme---sad,0.7265901709521018,1780387694177,0c0d66e93e524c959f92f82156a97011,9,f
val_pr_auc_mood/theme---sad,0.08236179865591536,1780387694177,0c0d66e93e524c959f92f82156a97011,9,f
val_pr_auc_mood/theme---holiday,0.014930971139930953,1780387694177,0c0d66e93e524c959f92f82156a97011,9,f
val_roc_auc_mood/theme---holiday,0.5960294284955819,1780387694177,0c0d66e93e524c959f92f82156a97011,9,f
val_pr_auc_mood/theme---hopeful,0.023518316949318066,1780387694177,0c0d66e93e524c959f92f82156a97011,9,f
val_roc_auc_mood/theme---hopeful,0.7120139257685727,1780387694177,0c0d66e93e524c959f92f82156a97011,9,f
val_pr_auc_mood/theme---inspiring,0.08162789225806433,1780387694177,0c0d66e93e524c959f92f82156a97011,9,f
val_roc_auc_mood/theme---inspiring,0.6542442877314592,1780387694177,0c0d66e93e524c959f92f82156a97011,9,f
val_pr_auc_mood/theme---love,0.11049353061459177,1780387694177,0c0d66e93e524c959f92f82156a97011,9,f
val_roc_auc_mood/theme---love,0.6782480159772953,1780387694177,0c0d66e93e524c959f92f82156a97011,9,f
val_pr_auc_mood/theme---meditative,0.13934275098988713,1780387694177,0c0d66e93e524c959f92f82156a97011,9,f
val_roc_auc_mood/theme---romantic,0.755019415153021,1780387694177,0c0d66e93e524c959f92f82156a97011,9,f
val_roc_auc_mood/theme---meditative,0.776726754133821,1780387694177,0c0d66e93e524c959f92f82156a97011,9,f
val_pr_auc_mood/theme---melancholic,0.06867497930331917,1780387694177,0c0d66e93e524c959f92f82156a97011,9,f
val_roc_auc_mood/theme---melancholic,0.7187888240448522,1780387694177,0c0d66e93e524c959f92f82156a97011,9,f
val_pr_auc_mood/theme---melodic,0.12125586402494717,1780387694177,0c0d66e93e524c959f92f82156a97011,9,f
val_roc_auc_mood/theme---melodic,0.5710652427135297,1780387694177,0c0d66e93e524c959f92f82156a97011,9,f
val_pr_auc_mood/theme---motivational,0.18433671381960998,1780387694177,0c0d66e93e524c959f92f82156a97011,9,f
val_roc_auc_mood/theme---motivational,0.8262087469814864,1780387694177,0c0d66e93e524c959f92f82156a97011,9,f
val_pr_auc_mood/theme---movie,0.10951618908311667,1780387694177,0c0d66e93e524c959f92f82156a97011,9,f
val_roc_auc_mood/theme---movie,0.8077686112983589,1780387694177,0c0d66e93e524c959f92f82156a97011,9,f
val_pr_auc_mood/theme---nature,0.036685948946427724,1780387694177,0c0d66e93e524c959f92f82156a97011,9,f
val_roc_auc_mood/theme---nature,0.750849097383751,1780387694177,0c0d66e93e524c959f92f82156a97011,9,f
val_pr_auc_mood/theme---party,0.09225957218658151,1780387694177,0c0d66e93e524c959f92f82156a97011,9,f
val_roc_auc_mood/theme---party,0.8206473014165321,1780387694177,0c0d66e93e524c959f92f82156a97011,9,f
val_pr_auc_mood/theme---positive,0.04141862736367171,1780387694177,0c0d66e93e524c959f92f82156a97011,9,f
val_roc_auc_mood/theme---positive,0.6997767857142857,1780387694177,0c0d66e93e524c959f92f82156a97011,9,f
val_roc_auc_mood/theme---advertising,0.8097955461254268,1780388690192,0c0d66e93e524c959f92f82156a97011,10,f
train_loss,0.04510658858919391,1780388469996,0c0d66e93e524c959f92f82156a97011,10,f
avg_train_loss,0.04510658858919391,1780388469057,0c0d66e93e524c959f92f82156a97011,10,f
val_loss_avg,0.055702925287851396,1780388690192,0c0d66e93e524c959f92f82156a97011,10,f
val_loss_std,0.02805019005333516,1780388690192,0c0d66e93e524c959f92f82156a97011,10,f
val_pr_auc_mood/theme---action,0.09110224777556446,1780388690192,0c0d66e93e524c959f92f82156a97011,10,f
val_roc_auc_mood/theme---action,0.7731227406167358,1780388690192,0c0d66e93e524c959f92f82156a97011,10,f
val_pr_auc_mood/theme---adventure,0.03264993033644931,1780388690192,0c0d66e93e524c959f92f82156a97011,10,f
val_roc_auc_mood/theme---adventure,0.6193161475116362,1780388690192,0c0d66e93e524c959f92f82156a97011,10,f
val_pr_auc_mood/theme---advertising,0.16753114178100686,1780388690192,0c0d66e93e524c959f92f82156a97011,10,f
val_pr_auc_mood/theme---background,0.00919118133674979,1780388690192,0c0d66e93e524c959f92f82156a97011,10,f
val_roc_auc_mood/theme---background,0.48440815649867375,1780388690192,0c0d66e93e524c959f92f82156a97011,10,f
val_pr_auc_mood/theme---ballad,0.08747998255689288,1780388690192,0c0d66e93e524c959f92f82156a97011,10,f
val_roc_auc_mood/theme---ballad,0.8034418287651046,1780388690192,0c0d66e93e524c959f92f82156a97011,10,f
val_pr_auc_mood/theme---calm,0.06369768015996242,1780388690192,0c0d66e93e524c959f92f82156a97011,10,f
val_roc_auc_mood/theme---calm,0.6781108291384116,1780388690192,0c0d66e93e524c959f92f82156a97011,10,f
val_pr_auc_mood/theme---children,0.07757899903222712,1780388690192,0c0d66e93e524c959f92f82156a97011,10,f
val_roc_auc_mood/theme---children,0.6947683770765977,1780388690192,0c0d66e93e524c959f92f82156a97011,10,f
val_pr_auc_mood/theme---christmas,0.08572678542548579,1780388690192,0c0d66e93e524c959f92f82156a97011,10,f
val_roc_auc_mood/theme---christmas,0.7573222363994896,1780388690192,0c0d66e93e524c959f92f82156a97011,10,f
val_pr_auc_mood/theme---commercial,0.08292044307703421,1780388690192,0c0d66e93e524c959f92f82156a97011,10,f
val_roc_auc_mood/theme---commercial,0.7370119430408819,1780388690192,0c0d66e93e524c959f92f82156a97011,10,f
val_pr_auc_mood/theme---cool,0.022524974636020524,1780388690192,0c0d66e93e524c959f92f82156a97011,10,f
stdev_train_loss,0.0043735123467691355,1780388469551,0c0d66e93e524c959f92f82156a97011,10,f
val_roc_auc_mood/theme---cool,0.7620519545397777,1780388690192,0c0d66e93e524c959f92f82156a97011,10,f
val_pr_auc_mood/theme---corporate,0.13778640947255702,1780388690192,0c0d66e93e524c959f92f82156a97011,10,f
val_roc_auc_mood/theme---corporate,0.7936840942969138,1780388690192,0c0d66e93e524c959f92f82156a97011,10,f
val_pr_auc_mood/theme---dark,0.09508391559785173,1780388690192,0c0d66e93e524c959f92f82156a97011,10,f
val_roc_auc_mood/theme---dark,0.6298283066695276,1780388690192,0c0d66e93e524c959f92f82156a97011,10,f
val_pr_auc_mood/theme---deep,0.22960671102052285,1780388690192,0c0d66e93e524c959f92f82156a97011,10,f
val_roc_auc_mood/theme---deep,0.8131354895817562,1780388690192,0c0d66e93e524c959f92f82156a97011,10,f
val_pr_auc_mood/theme---documentary,0.042298653007142195,1780388690192,0c0d66e93e524c959f92f82156a97011,10,f
val_roc_auc_mood/theme---documentary,0.610174866358612,1780388690192,0c0d66e93e524c959f92f82156a97011,10,f
val_pr_auc_mood/theme---drama,0.07602505489975915,1780388690192,0c0d66e93e524c959f92f82156a97011,10,f
val_roc_auc_mood/theme---drama,0.7275113745210727,1780388690192,0c0d66e93e524c959f92f82156a97011,10,f
val_pr_auc_mood/theme---dramatic,0.02783902021259794,1780388690192,0c0d66e93e524c959f92f82156a97011,10,f
val_roc_auc_mood/theme---dramatic,0.6850646309479206,1780388690192,0c0d66e93e524c959f92f82156a97011,10,f
val_pr_auc_mood/theme---dream,0.11492101856888745,1780388690192,0c0d66e93e524c959f92f82156a97011,10,f
val_roc_auc_mood/theme---dream,0.6438168954465744,1780388690192,0c0d66e93e524c959f92f82156a97011,10,f
val_pr_auc_mood/theme---emotional,0.16021782389592693,1780388690192,0c0d66e93e524c959f92f82156a97011,10,f
val_roc_auc_mood/theme---emotional,0.6543047407642302,1780388690192,0c0d66e93e524c959f92f82156a97011,10,f
val_pr_auc_mood/theme---energetic,0.18091218306722048,1780388690192,0c0d66e93e524c959f92f82156a97011,10,f
val_roc_auc_mood/theme---energetic,0.7488663106362969,1780388690192,0c0d66e93e524c959f92f82156a97011,10,f
val_pr_auc_mood/theme---epic,0.444590644615113,1780388690192,0c0d66e93e524c959f92f82156a97011,10,f
val_roc_auc_mood/theme---epic,0.8955596372591819,1780388690192,0c0d66e93e524c959f92f82156a97011,10,f
val_pr_auc_mood/theme---fast,0.05683430533584865,1780388690192,0c0d66e93e524c959f92f82156a97011,10,f
val_roc_auc_mood/theme---fast,0.8752037157757497,1780388690192,0c0d66e93e524c959f92f82156a97011,10,f
val_pr_auc_mood/theme---film,0.13961733280004368,1780388690192,0c0d66e93e524c959f92f82156a97011,10,f
val_roc_auc_mood/theme---film,0.722604862390071,1780388690192,0c0d66e93e524c959f92f82156a97011,10,f
val_pr_auc_mood/theme---fun,0.08089859227462937,1780388690192,0c0d66e93e524c959f92f82156a97011,10,f
val_roc_auc_mood/theme---fun,0.6461180020857833,1780388690192,0c0d66e93e524c959f92f82156a97011,10,f
val_pr_auc_mood/theme---funny,0.01512057955061016,1780388690192,0c0d66e93e524c959f92f82156a97011,10,f
val_roc_auc_mood/theme---funny,0.7658110611272824,1780388690192,0c0d66e93e524c959f92f82156a97011,10,f
val_pr_auc_mood/theme---game,0.012108842320119972,1780388690192,0c0d66e93e524c959f92f82156a97011,10,f
val_roc_auc_mood/theme---game,0.6625957464146024,1780388690192,0c0d66e93e524c959f92f82156a97011,10,f
val_pr_auc_mood/theme---groovy,0.06090885182946427,1780388690192,0c0d66e93e524c959f92f82156a97011,10,f
val_roc_auc_mood/theme---groovy,0.8198004871824613,1780388690192,0c0d66e93e524c959f92f82156a97011,10,f
val_pr_auc_mood/theme---happy,0.27488477315408594,1780388690192,0c0d66e93e524c959f92f82156a97011,10,f
val_roc_auc_mood/theme---happy,0.7543311239451793,1780388690192,0c0d66e93e524c959f92f82156a97011,10,f
val_pr_auc_mood/theme---heavy,0.1630747700390019,1780388690192,0c0d66e93e524c959f92f82156a97011,10,f
val_roc_auc_mood/theme---heavy,0.932181995063396,1780388690192,0c0d66e93e524c959f92f82156a97011,10,f
val_pr_auc_mood/theme---holiday,0.017627216158236283,1780388690192,0c0d66e93e524c959f92f82156a97011,10,f
val_roc_auc_mood/theme---holiday,0.5542455155675224,1780388690192,0c0d66e93e524c959f92f82156a97011,10,f
val_pr_auc_mood/theme---hopeful,0.020104257714513643,1780388690192,0c0d66e93e524c959f92f82156a97011,10,f
val_roc_auc_mood/theme---hopeful,0.7028530123325663,1780388690192,0c0d66e93e524c959f92f82156a97011,10,f
val_pr_auc_mood/theme---inspiring,0.07721555788839708,1780388690192,0c0d66e93e524c959f92f82156a97011,10,f
val_roc_auc_mood/theme---inspiring,0.6474910545232823,1780388690192,0c0d66e93e524c959f92f82156a97011,10,f
val_pr_auc_mood/theme---love,0.10118950162655801,1780388690192,0c0d66e93e524c959f92f82156a97011,10,f
val_roc_auc_mood/theme---love,0.6522297261785882,1780388690192,0c0d66e93e524c959f92f82156a97011,10,f
val_pr_auc_mood/theme---meditative,0.14048449664157436,1780388690192,0c0d66e93e524c959f92f82156a97011,10,f
val_roc_auc_mood/theme---meditative,0.7775745861914258,1780388690192,0c0d66e93e524c959f92f82156a97011,10,f
val_pr_auc_mood/theme---melancholic,0.06333673485470206,1780388690192,0c0d66e93e524c959f92f82156a97011,10,f
val_roc_auc_mood/theme---melancholic,0.707812526696298,1780388690192,0c0d66e93e524c959f92f82156a97011,10,f
val_pr_auc_mood/theme---melodic,0.12621482923965394,1780388690192,0c0d66e93e524c959f92f82156a97011,10,f
val_roc_auc_mood/theme---melodic,0.5755991080246132,1780388690192,0c0d66e93e524c959f92f82156a97011,10,f
val_pr_auc_mood/theme---motivational,0.15213557010560583,1780388690192,0c0d66e93e524c959f92f82156a97011,10,f
val_roc_auc_mood/theme---motivational,0.831034791163581,1780388690192,0c0d66e93e524c959f92f82156a97011,10,f
val_pr_auc_mood/theme---movie,0.10713156452049764,1780388690192,0c0d66e93e524c959f92f82156a97011,10,f
val_roc_auc_mood/theme---movie,0.7765156876338889,1780388690192,0c0d66e93e524c959f92f82156a97011,10,f
val_pr_auc_mood/theme---nature,0.03237166014601718,1780388690192,0c0d66e93e524c959f92f82156a97011,10,f
val_roc_auc_mood/theme---nature,0.7157983573825158,1780388690192,0c0d66e93e524c959f92f82156a97011,10,f
val_pr_auc_mood/theme---party,0.11003436468328692,1780388690192,0c0d66e93e524c959f92f82156a97011,10,f
val_roc_auc_mood/theme---party,0.8252036425113348,1780388690192,0c0d66e93e524c959f92f82156a97011,10,f
val_pr_auc_mood/theme---positive,0.036633529669518806,1780388690192,0c0d66e93e524c959f92f82156a97011,10,f
val_roc_auc_mood/theme---positive,0.6940961075441413,1780388690192,0c0d66e93e524c959f92f82156a97011,10,f
val_pr_auc_mood/theme---powerful,0.022178882367934583,1780388690192,0c0d66e93e524c959f92f82156a97011,10,f
val_roc_auc_mood/theme---powerful,0.649862594554778,1780388690192,0c0d66e93e524c959f92f82156a97011,10,f
val_pr_auc_mood/theme---relaxing,0.21204726156910156,1780388690192,0c0d66e93e524c959f92f82156a97011,10,f
val_roc_auc_mood/theme---relaxing,0.7672746592737161,1780388690192,0c0d66e93e524c959f92f82156a97011,10,f
val_pr_auc_mood/theme---retro,0.010611336578961083,1780388690192,0c0d66e93e524c959f92f82156a97011,10,f
val_roc_auc_mood/theme---retro,0.522324757945798,1780388690192,0c0d66e93e524c959f92f82156a97011,10,f
val_pr_auc_mood/theme---romantic,0.05292559339601131,1780388690192,0c0d66e93e524c959f92f82156a97011,10,f
val_roc_auc_mood/theme---romantic,0.6538213805922082,1780388690192,0c0d66e93e524c959f92f82156a97011,10,f
val_pr_auc_mood/theme---sad,0.08550686301342844,1780388690192,0c0d66e93e524c959f92f82156a97011,10,f
val_roc_auc_mood/theme---sad,0.7195678271308524,1780388690192,0c0d66e93e524c959f92f82156a97011,10,f
val_pr_auc_mood/theme---sexy,0.03074321488234413,1780388690192,0c0d66e93e524c959f92f82156a97011,10,f
val_roc_auc_mood/theme---sexy,0.7018771759807616,1780388690192,0c0d66e93e524c959f92f82156a97011,10,f
val_pr_auc_mood/theme---slow,0.027879864401344906,1780388690192,0c0d66e93e524c959f92f82156a97011,10,f
val_roc_auc_mood/theme---slow,0.7227386422542866,1780388690192,0c0d66e93e524c959f92f82156a97011,10,f
val_pr_auc_mood/theme---soft,0.052209064030875225,1780388690192,0c0d66e93e524c959f92f82156a97011,10,f
val_roc_auc_mood/theme---soft,0.6772973938486663,1780388690192,0c0d66e93e524c959f92f82156a97011,10,f
val_pr_auc_mood/theme---soundscape,0.02741346019037633,1780388690192,0c0d66e93e524c959f92f82156a97011,10,f
val_roc_auc_mood/theme---soundscape,0.7523602997580693,1780388690192,0c0d66e93e524c959f92f82156a97011,10,f
val_pr_auc_mood/theme---space,0.06157945201677892,1780388690192,0c0d66e93e524c959f92f82156a97011,10,f
val_roc_auc_mood/theme---space,0.7832415774474759,1780388690192,0c0d66e93e524c959f92f82156a97011,10,f
val_pr_auc_mood/theme---sport,0.03833326122939758,1780388690192,0c0d66e93e524c959f92f82156a97011,10,f
val_roc_auc_mood/theme---sport,0.8357150847362828,1780388690192,0c0d66e93e524c959f92f82156a97011,10,f
val_pr_auc_mood/theme---summer,0.24395977942207336,1780388690192,0c0d66e93e524c959f92f82156a97011,10,f
val_roc_auc_mood/theme---summer,0.8286975756660478,1780388690192,0c0d66e93e524c959f92f82156a97011,10,f
val_pr_auc_mood/theme---trailer,0.19129745536425594,1780388690192,0c0d66e93e524c959f92f82156a97011,10,f
val_roc_auc_mood/theme---trailer,0.9130788483244684,1780388690192,0c0d66e93e524c959f92f82156a97011,10,f
val_pr_auc_mood/theme---travel,0.01643869711476871,1780388690192,0c0d66e93e524c959f92f82156a97011,10,f
val_roc_auc_mood/theme---travel,0.5541716286834479,1780388690192,0c0d66e93e524c959f92f82156a97011,10,f
val_pr_auc_mood/theme---upbeat,0.04766700190642825,1780388690192,0c0d66e93e524c959f92f82156a97011,10,f
val_roc_auc_mood/theme---upbeat,0.610924985550326,1780388690192,0c0d66e93e524c959f92f82156a97011,10,f
val_pr_auc_mood/theme---uplifting,0.060374055405628194,1780388690192,0c0d66e93e524c959f92f82156a97011,10,f
val_roc_auc_mood/theme---uplifting,0.6583853310472015,1780388690192,0c0d66e93e524c959f92f82156a97011,10,f
val_macro_pr_auc,0.09283531024851868,1780388690192,0c0d66e93e524c959f92f82156a97011,10,f
val_macro_roc_auc,0.7198524460486337,1780388690192,0c0d66e93e524c959f92f82156a97011,10,f
val_pr_auc_mood/theme---upbeat,0.04691324768003988,1780389678188,0c0d66e93e524c959f92f82156a97011,11,f
val_roc_auc_mood/theme---upbeat,0.6105658079431922,1780389678188,0c0d66e93e524c959f92f82156a97011,11,f
val_pr_auc_mood/theme---uplifting,0.06626987201562329,1780389678188,0c0d66e93e524c959f92f82156a97011,11,f
val_roc_auc_mood/theme---uplifting,0.6288816612557621,1780389678188,0c0d66e93e524c959f92f82156a97011,11,f
val_macro_pr_auc,0.09251578653063561,1780389678188,0c0d66e93e524c959f92f82156a97011,11,f
val_macro_roc_auc,0.7208494902076618,1780389678188,0c0d66e93e524c959f92f82156a97011,11,f
avg_train_loss,0.04474152778278828,1780389435929,0c0d66e93e524c959f92f82156a97011,11,f
stdev_train_loss,0.004408001299564197,1780389438878,0c0d66e93e524c959f92f82156a97011,11,f
val_loss_avg,0.05501793535306958,1780389678188,0c0d66e93e524c959f92f82156a97011,11,f
val_loss_std,0.027774117602410633,1780389678188,0c0d66e93e524c959f92f82156a97011,11,f
val_pr_auc_mood/theme---action,0.10872378776560551,1780389678188,0c0d66e93e524c959f92f82156a97011,11,f
val_roc_auc_mood/theme---action,0.7422131644709707,1780389678188,0c0d66e93e524c959f92f82156a97011,11,f
val_pr_auc_mood/theme---adventure,0.03268328951199149,1780389678188,0c0d66e93e524c959f92f82156a97011,11,f
val_roc_auc_mood/theme---adventure,0.5834985816188824,1780389678188,0c0d66e93e524c959f92f82156a97011,11,f
val_pr_auc_mood/theme---advertising,0.138886846254903,1780389678188,0c0d66e93e524c959f92f82156a97011,11,f
val_roc_auc_mood/theme---advertising,0.7423657835227114,1780389678188,0c0d66e93e524c959f92f82156a97011,11,f
val_pr_auc_mood/theme---background,0.01365586813063262,1780389678188,0c0d66e93e524c959f92f82156a97011,11,f
val_roc_auc_mood/theme---background,0.5850132625994695,1780389678188,0c0d66e93e524c959f92f82156a97011,11,f
val_pr_auc_mood/theme---ballad,0.09876143329417131,1780389678188,0c0d66e93e524c959f92f82156a97011,11,f
val_roc_auc_mood/theme---ballad,0.8237087385794282,1780389678188,0c0d66e93e524c959f92f82156a97011,11,f
val_pr_auc_mood/theme---calm,0.09706767191805267,1780389678188,0c0d66e93e524c959f92f82156a97011,11,f
val_roc_auc_mood/theme---calm,0.6974144027956899,1780389678188,0c0d66e93e524c959f92f82156a97011,11,f
val_pr_auc_mood/theme---children,0.0778447659536213,1780389678188,0c0d66e93e524c959f92f82156a97011,11,f
val_roc_auc_mood/theme---children,0.7378666916128384,1780389678188,0c0d66e93e524c959f92f82156a97011,11,f
val_pr_auc_mood/theme---christmas,0.07922315510242817,1780389678188,0c0d66e93e524c959f92f82156a97011,11,f
val_roc_auc_mood/theme---christmas,0.77465273750145,1780389678188,0c0d66e93e524c959f92f82156a97011,11,f
val_pr_auc_mood/theme---commercial,0.07686472727718177,1780389678188,0c0d66e93e524c959f92f82156a97011,11,f
val_roc_auc_mood/theme---commercial,0.7290996784565916,1780389678188,0c0d66e93e524c959f92f82156a97011,11,f
val_pr_auc_mood/theme---cool,0.018526575322626398,1780389678188,0c0d66e93e524c959f92f82156a97011,11,f
val_roc_auc_mood/theme---cool,0.6684190395903584,1780389678188,0c0d66e93e524c959f92f82156a97011,11,f
val_pr_auc_mood/theme---corporate,0.18713356576141807,1780389678188,0c0d66e93e524c959f92f82156a97011,11,f
val_roc_auc_mood/theme---corporate,0.8553341062588564,1780389678188,0c0d66e93e524c959f92f82156a97011,11,f
val_pr_auc_mood/theme---dark,0.10368698237101495,1780389678188,0c0d66e93e524c959f92f82156a97011,11,f
val_roc_auc_mood/theme---dark,0.6569867171939421,1780389678188,0c0d66e93e524c959f92f82156a97011,11,f
val_pr_auc_mood/theme---deep,0.2050143182025649,1780389678188,0c0d66e93e524c959f92f82156a97011,11,f
val_roc_auc_mood/theme---deep,0.8169518241147307,1780389678188,0c0d66e93e524c959f92f82156a97011,11,f
val_pr_auc_mood/theme---documentary,0.046588443920015044,1780389678188,0c0d66e93e524c959f92f82156a97011,11,f
val_roc_auc_mood/theme---documentary,0.652629624964366,1780389678188,0c0d66e93e524c959f92f82156a97011,11,f
val_pr_auc_mood/theme---drama,0.06584929575489001,1780389678188,0c0d66e93e524c959f92f82156a97011,11,f
val_roc_auc_mood/theme---drama,0.693845785440613,1780389678188,0c0d66e93e524c959f92f82156a97011,11,f
val_pr_auc_mood/theme---dramatic,0.023864590239939774,1780389678188,0c0d66e93e524c959f92f82156a97011,11,f
val_roc_auc_mood/theme---dramatic,0.6660734357437242,1780389678188,0c0d66e93e524c959f92f82156a97011,11,f
val_pr_auc_mood/theme---dream,0.1035450274058064,1780389678188,0c0d66e93e524c959f92f82156a97011,11,f
val_roc_auc_mood/theme---dream,0.6762156242231226,1780389678188,0c0d66e93e524c959f92f82156a97011,11,f
val_pr_auc_mood/theme---emotional,0.16626829527793263,1780389678188,0c0d66e93e524c959f92f82156a97011,11,f
val_roc_auc_mood/theme---emotional,0.6706012448520773,1780389678188,0c0d66e93e524c959f92f82156a97011,11,f
val_pr_auc_mood/theme---energetic,0.19008315097130232,1780389678188,0c0d66e93e524c959f92f82156a97011,11,f
val_roc_auc_mood/theme---energetic,0.7690268008855464,1780389678188,0c0d66e93e524c959f92f82156a97011,11,f
val_pr_auc_mood/theme---epic,0.4185918339758451,1780389678188,0c0d66e93e524c959f92f82156a97011,11,f
val_roc_auc_mood/theme---epic,0.9030269584627169,1780389678188,0c0d66e93e524c959f92f82156a97011,11,f
val_pr_auc_mood/theme---fast,0.04145398448195008,1780389678188,0c0d66e93e524c959f92f82156a97011,11,f
val_roc_auc_mood/theme---fast,0.8653744295958279,1780389678188,0c0d66e93e524c959f92f82156a97011,11,f
val_pr_auc_mood/theme---film,0.13975816009936565,1780389678188,0c0d66e93e524c959f92f82156a97011,11,f
val_roc_auc_mood/theme---film,0.688840319228408,1780389678188,0c0d66e93e524c959f92f82156a97011,11,f
val_pr_auc_mood/theme---fun,0.10150372233336694,1780389678188,0c0d66e93e524c959f92f82156a97011,11,f
val_roc_auc_mood/theme---fun,0.6973262032085562,1780389678188,0c0d66e93e524c959f92f82156a97011,11,f
val_pr_auc_mood/theme---funny,0.016952749482194725,1780389678188,0c0d66e93e524c959f92f82156a97011,11,f
val_roc_auc_mood/theme---funny,0.774877181679073,1780389678188,0c0d66e93e524c959f92f82156a97011,11,f
val_pr_auc_mood/theme---game,0.013666439524998499,1780389678188,0c0d66e93e524c959f92f82156a97011,11,f
val_roc_auc_mood/theme---game,0.6320587516297261,1780389678188,0c0d66e93e524c959f92f82156a97011,11,f
val_pr_auc_mood/theme---groovy,0.07509618174242985,1780389678188,0c0d66e93e524c959f92f82156a97011,11,f
val_roc_auc_mood/theme---groovy,0.8357172891775897,1780389678188,0c0d66e93e524c959f92f82156a97011,11,f
val_pr_auc_mood/theme---happy,0.28168030679182504,1780389678188,0c0d66e93e524c959f92f82156a97011,11,f
val_roc_auc_mood/theme---happy,0.753957074031959,1780389678188,0c0d66e93e524c959f92f82156a97011,11,f
val_pr_auc_mood/theme---heavy,0.14625200525883925,1780389678188,0c0d66e93e524c959f92f82156a97011,11,f
val_roc_auc_mood/theme---heavy,0.9221881859186184,1780389678188,0c0d66e93e524c959f92f82156a97011,11,f
val_pr_auc_mood/theme---holiday,0.014365014429736008,1780389678188,0c0d66e93e524c959f92f82156a97011,11,f
val_roc_auc_mood/theme---inspiring,0.6453770337922404,1780389678188,0c0d66e93e524c959f92f82156a97011,11,f
val_roc_auc_mood/theme---holiday,0.571068299897607,1780389678188,0c0d66e93e524c959f92f82156a97011,11,f
val_pr_auc_mood/theme---hopeful,0.021921999741591192,1780389678188,0c0d66e93e524c959f92f82156a97011,11,f
train_loss,0.04474152778278828,1780389441854,0c0d66e93e524c959f92f82156a97011,11,f
val_pr_auc_mood/theme---love,0.10535279761738074,1780389678188,0c0d66e93e524c959f92f82156a97011,11,f
val_roc_auc_mood/theme---hopeful,0.6802088865285891,1780389678188,0c0d66e93e524c959f92f82156a97011,11,f
val_pr_auc_mood/theme---inspiring,0.08333652014366985,1780389678188,0c0d66e93e524c959f92f82156a97011,11,f
val_roc_auc_mood/theme---love,0.6535633573343144,1780389678188,0c0d66e93e524c959f92f82156a97011,11,f
val_pr_auc_mood/theme---meditative,0.12622015704612508,1780389678188,0c0d66e93e524c959f92f82156a97011,11,f
val_roc_auc_mood/theme---meditative,0.7822095151662996,1780389678188,0c0d66e93e524c959f92f82156a97011,11,f
val_pr_auc_mood/theme---melancholic,0.08456287075075554,1780389678188,0c0d66e93e524c959f92f82156a97011,11,f
val_roc_auc_mood/theme---melancholic,0.7008659973981026,1780389678188,0c0d66e93e524c959f92f82156a97011,11,f
val_pr_auc_mood/theme---melodic,0.11881501017646443,1780389678188,0c0d66e93e524c959f92f82156a97011,11,f
val_roc_auc_mood/theme---melodic,0.5630412625661544,1780389678188,0c0d66e93e524c959f92f82156a97011,11,f
val_pr_auc_mood/theme---motivational,0.16536567578778202,1780389678188,0c0d66e93e524c959f92f82156a97011,11,f
val_roc_auc_mood/theme---motivational,0.8284768804221447,1780389678188,0c0d66e93e524c959f92f82156a97011,11,f
val_pr_auc_mood/theme---movie,0.11012495810627254,1780389678188,0c0d66e93e524c959f92f82156a97011,11,f
val_roc_auc_mood/theme---movie,0.7643916259052864,1780389678188,0c0d66e93e524c959f92f82156a97011,11,f
val_pr_auc_mood/theme---nature,0.028152967977448262,1780389678188,0c0d66e93e524c959f92f82156a97011,11,f
val_roc_auc_mood/theme---nature,0.6908173977480909,1780389678188,0c0d66e93e524c959f92f82156a97011,11,f
val_pr_auc_mood/theme---party,0.09646388840908451,1780389678188,0c0d66e93e524c959f92f82156a97011,11,f
val_roc_auc_mood/theme---party,0.8193697328312711,1780389678188,0c0d66e93e524c959f92f82156a97011,11,f
val_pr_auc_mood/theme---positive,0.04266480436616504,1780389678188,0c0d66e93e524c959f92f82156a97011,11,f
val_roc_auc_mood/theme---positive,0.6842604668271803,1780389678188,0c0d66e93e524c959f92f82156a97011,11,f
val_pr_auc_mood/theme---powerful,0.02218124535313085,1780389678188,0c0d66e93e524c959f92f82156a97011,11,f
val_roc_auc_mood/theme---powerful,0.6595858004929598,1780389678188,0c0d66e93e524c959f92f82156a97011,11,f
val_pr_auc_mood/theme---relaxing,0.15803322461920385,1780389678188,0c0d66e93e524c959f92f82156a97011,11,f
val_roc_auc_mood/theme---relaxing,0.7270509925771074,1780389678188,0c0d66e93e524c959f92f82156a97011,11,f
val_pr_auc_mood/theme---retro,0.011686891229585994,1780389678188,0c0d66e93e524c959f92f82156a97011,11,f
val_roc_auc_mood/theme---retro,0.5293026634068522,1780389678188,0c0d66e93e524c959f92f82156a97011,11,f
val_pr_auc_mood/theme---romantic,0.08373454064481678,1780389678188,0c0d66e93e524c959f92f82156a97011,11,f
val_roc_auc_mood/theme---romantic,0.7020947201825576,1780389678188,0c0d66e93e524c959f92f82156a97011,11,f
val_pr_auc_mood/theme---sad,0.08322793752040514,1780389678188,0c0d66e93e524c959f92f82156a97011,11,f
val_roc_auc_mood/theme---sad,0.7076914486724922,1780389678188,0c0d66e93e524c959f92f82156a97011,11,f
val_pr_auc_mood/theme---sexy,0.046182692318966274,1780389678188,0c0d66e93e524c959f92f82156a97011,11,f
val_roc_auc_mood/theme---sexy,0.7106636516995083,1780389678188,0c0d66e93e524c959f92f82156a97011,11,f
val_pr_auc_mood/theme---slow,0.027788331195389072,1780389678188,0c0d66e93e524c959f92f82156a97011,11,f
val_roc_auc_mood/theme---slow,0.7266390534331167,1780389678188,0c0d66e93e524c959f92f82156a97011,11,f
val_pr_auc_mood/theme---soft,0.05586022526445292,1780389678188,0c0d66e93e524c959f92f82156a97011,11,f
val_roc_auc_mood/theme---soft,0.6931754388949374,1780389678188,0c0d66e93e524c959f92f82156a97011,11,f
val_pr_auc_mood/theme---soundscape,0.0380173701790763,1780389678188,0c0d66e93e524c959f92f82156a97011,11,f
val_roc_auc_mood/theme---soundscape,0.7505974508762613,1780389678188,0c0d66e93e524c959f92f82156a97011,11,f
val_pr_auc_mood/theme---space,0.05395601924002642,1780389678188,0c0d66e93e524c959f92f82156a97011,11,f
val_roc_auc_mood/theme---space,0.7485308911482389,1780389678188,0c0d66e93e524c959f92f82156a97011,11,f
val_pr_auc_mood/theme---sport,0.040743832867388266,1780389678188,0c0d66e93e524c959f92f82156a97011,11,f
val_roc_auc_mood/theme---sport,0.8471810503943173,1780389678188,0c0d66e93e524c959f92f82156a97011,11,f
val_pr_auc_mood/theme---summer,0.20726925423117384,1780389678188,0c0d66e93e524c959f92f82156a97011,11,f
val_roc_auc_mood/theme---summer,0.8272021699669235,1780389678188,0c0d66e93e524c959f92f82156a97011,11,f
val_pr_auc_mood/theme---trailer,0.15357946771597578,1780389678188,0c0d66e93e524c959f92f82156a97011,11,f
val_roc_auc_mood/theme---trailer,0.8871861563376506,1780389678188,0c0d66e93e524c959f92f82156a97011,11,f
val_pr_auc_mood/theme---travel,0.018866054960949813,1780389678188,0c0d66e93e524c959f92f82156a97011,11,f
val_roc_auc_mood/theme---travel,0.6122884005720594,1780389678188,0c0d66e93e524c959f92f82156a97011,11,f
val_roc_auc_mood/theme---funny,0.7830228839007328,1780390644747,0c0d66e93e524c959f92f82156a97011,12,f
val_roc_auc_mood/theme---game,0.635715449804433,1780390644747,0c0d66e93e524c959f92f82156a97011,12,f
val_pr_auc_mood/theme---groovy,0.09805978962172977,1780390644747,0c0d66e93e524c959f92f82156a97011,12,f
val_roc_auc_mood/theme---groovy,0.8296383830182114,1780390644747,0c0d66e93e524c959f92f82156a97011,12,f
val_pr_auc_mood/theme---happy,0.2682474149291466,1780390644747,0c0d66e93e524c959f92f82156a97011,12,f
val_roc_auc_mood/theme---happy,0.7425006732898437,1780390644747,0c0d66e93e524c959f92f82156a97011,12,f
val_pr_auc_mood/theme---heavy,0.12685858661370508,1780390644747,0c0d66e93e524c959f92f82156a97011,12,f
val_roc_auc_mood/theme---heavy,0.9307589023694092,1780390644747,0c0d66e93e524c959f92f82156a97011,12,f
val_pr_auc_mood/theme---holiday,0.01257202159727433,1780390644747,0c0d66e93e524c959f92f82156a97011,12,f
val_roc_auc_mood/theme---holiday,0.5221320489969282,1780390644747,0c0d66e93e524c959f92f82156a97011,12,f
val_pr_auc_mood/theme---hopeful,0.022596738137470217,1780390644747,0c0d66e93e524c959f92f82156a97011,12,f
val_roc_auc_mood/theme---hopeful,0.7040257862748568,1780390644747,0c0d66e93e524c959f92f82156a97011,12,f
val_pr_auc_mood/theme---inspiring,0.1017599003412105,1780390644747,0c0d66e93e524c959f92f82156a97011,12,f
val_roc_auc_mood/theme---inspiring,0.6767182937004589,1780390644747,0c0d66e93e524c959f92f82156a97011,12,f
val_pr_auc_mood/theme---love,0.1133181817192093,1780390644747,0c0d66e93e524c959f92f82156a97011,12,f
val_roc_auc_mood/theme---love,0.6799797655962578,1780390644747,0c0d66e93e524c959f92f82156a97011,12,f
val_pr_auc_mood/theme---meditative,0.1504242418285346,1780390644747,0c0d66e93e524c959f92f82156a97011,12,f
val_roc_auc_mood/theme---meditative,0.7889392887422574,1780390644747,0c0d66e93e524c959f92f82156a97011,12,f
val_pr_auc_mood/theme---melancholic,0.05683716446218906,1780390644747,0c0d66e93e524c959f92f82156a97011,12,f
val_roc_auc_mood/theme---melancholic,0.6988572153839019,1780390644747,0c0d66e93e524c959f92f82156a97011,12,f
val_pr_auc_mood/theme---melodic,0.12761045090048637,1780390644747,0c0d66e93e524c959f92f82156a97011,12,f
val_loss_avg,0.059566709183397445,1780390644747,0c0d66e93e524c959f92f82156a97011,12,f
train_loss,0.044477804025193864,1780390399005,0c0d66e93e524c959f92f82156a97011,12,f
val_roc_auc_mood/theme---melodic,0.606821016180902,1780390644747,0c0d66e93e524c959f92f82156a97011,12,f
val_pr_auc_mood/theme---motivational,0.1913641366467555,1780390644747,0c0d66e93e524c959f92f82156a97011,12,f
val_roc_auc_mood/theme---motivational,0.8376853590913155,1780390644747,0c0d66e93e524c959f92f82156a97011,12,f
val_pr_auc_mood/theme---movie,0.12086688739684004,1780390644747,0c0d66e93e524c959f92f82156a97011,12,f
val_roc_auc_mood/theme---movie,0.7911705932729928,1780390644747,0c0d66e93e524c959f92f82156a97011,12,f
val_pr_auc_mood/theme---nature,0.027354651428779735,1780390644747,0c0d66e93e524c959f92f82156a97011,12,f
val_roc_auc_mood/theme---nature,0.6906568411518906,1780390644747,0c0d66e93e524c959f92f82156a97011,12,f
val_pr_auc_mood/theme---party,0.10368514703583692,1780390644747,0c0d66e93e524c959f92f82156a97011,12,f
val_roc_auc_mood/theme---party,0.8126296780142934,1780390644747,0c0d66e93e524c959f92f82156a97011,12,f
val_pr_auc_mood/theme---positive,0.050449303750575054,1780390644747,0c0d66e93e524c959f92f82156a97011,12,f
val_roc_auc_mood/theme---positive,0.7339151952915998,1780390644747,0c0d66e93e524c959f92f82156a97011,12,f
val_pr_auc_mood/theme---powerful,0.02155152021960063,1780390644747,0c0d66e93e524c959f92f82156a97011,12,f
val_roc_auc_mood/theme---powerful,0.6603734028387681,1780390644747,0c0d66e93e524c959f92f82156a97011,12,f
val_pr_auc_mood/theme---relaxing,0.23041842986143987,1780390644747,0c0d66e93e524c959f92f82156a97011,12,f
val_roc_auc_mood/theme---relaxing,0.7663554740770381,1780390644747,0c0d66e93e524c959f92f82156a97011,12,f
val_pr_auc_mood/theme---retro,0.010451968872497962,1780390644747,0c0d66e93e524c959f92f82156a97011,12,f
val_roc_auc_mood/theme---retro,0.5007619924643809,1780390644747,0c0d66e93e524c959f92f82156a97011,12,f
val_pr_auc_mood/theme---romantic,0.0784055464227768,1780390644747,0c0d66e93e524c959f92f82156a97011,12,f
val_roc_auc_mood/theme---romantic,0.7000381862014391,1780390644747,0c0d66e93e524c959f92f82156a97011,12,f
val_pr_auc_mood/theme---sad,0.08251167549148943,1780390644747,0c0d66e93e524c959f92f82156a97011,12,f
val_roc_auc_mood/theme---sad,0.7098337009222294,1780390644747,0c0d66e93e524c959f92f82156a97011,12,f
val_pr_auc_mood/theme---sexy,0.023942413843531442,1780390644747,0c0d66e93e524c959f92f82156a97011,12,f
val_roc_auc_mood/theme---sexy,0.7142600768098776,1780390644747,0c0d66e93e524c959f92f82156a97011,12,f
val_pr_auc_mood/theme---slow,0.02592075899244274,1780390644747,0c0d66e93e524c959f92f82156a97011,12,f
val_roc_auc_mood/theme---slow,0.7238357901729771,1780390644747,0c0d66e93e524c959f92f82156a97011,12,f
val_pr_auc_mood/theme---soft,0.05070894199759212,1780390644747,0c0d66e93e524c959f92f82156a97011,12,f
val_roc_auc_mood/theme---soft,0.679377041371802,1780390644747,0c0d66e93e524c959f92f82156a97011,12,f
val_pr_auc_mood/theme---soundscape,0.03163920675135435,1780390644747,0c0d66e93e524c959f92f82156a97011,12,f
val_roc_auc_mood/theme---soundscape,0.7476397002419307,1780390644747,0c0d66e93e524c959f92f82156a97011,12,f
val_pr_auc_mood/theme---space,0.06129353439230936,1780390644747,0c0d66e93e524c959f92f82156a97011,12,f
val_roc_auc_mood/theme---space,0.7803453964057204,1780390644747,0c0d66e93e524c959f92f82156a97011,12,f
val_pr_auc_mood/theme---sport,0.07554201875275655,1780390644747,0c0d66e93e524c959f92f82156a97011,12,f
val_roc_auc_mood/theme---sport,0.8758110073270318,1780390644747,0c0d66e93e524c959f92f82156a97011,12,f
val_pr_auc_mood/theme---summer,0.20528855526722964,1780390644747,0c0d66e93e524c959f92f82156a97011,12,f
val_roc_auc_mood/theme---summer,0.8173058415580646,1780390644747,0c0d66e93e524c959f92f82156a97011,12,f
val_pr_auc_mood/theme---trailer,0.17501815012375838,1780390644747,0c0d66e93e524c959f92f82156a97011,12,f
val_roc_auc_mood/theme---trailer,0.895434520820986,1780390644747,0c0d66e93e524c959f92f82156a97011,12,f
val_pr_auc_mood/theme---travel,0.016133312791541832,1780390644747,0c0d66e93e524c959f92f82156a97011,12,f
val_roc_auc_mood/theme---travel,0.5371920150954066,1780390644747,0c0d66e93e524c959f92f82156a97011,12,f
val_pr_auc_mood/theme---upbeat,0.04470802117084352,1780390644747,0c0d66e93e524c959f92f82156a97011,12,f
val_roc_auc_mood/theme---upbeat,0.5517762777640163,1780390644747,0c0d66e93e524c959f92f82156a97011,12,f
val_pr_auc_mood/theme---uplifting,0.0703121440911743,1780390644747,0c0d66e93e524c959f92f82156a97011,12,f
val_roc_auc_mood/theme---uplifting,0.6636862500171852,1780390644747,0c0d66e93e524c959f92f82156a97011,12,f
val_macro_pr_auc,0.09404435916061023,1780390644747,0c0d66e93e524c959f92f82156a97011,12,f
val_macro_roc_auc,0.717241450644995,1780390644747,0c0d66e93e524c959f92f82156a97011,12,f
stdev_train_loss,0.00430724416730387,1780390398573,0c0d66e93e524c959f92f82156a97011,12,f
avg_train_loss,0.044477804025193864,1780390398082,0c0d66e93e524c959f92f82156a97011,12,f
val_loss_std,0.035355640401578986,1780390644747,0c0d66e93e524c959f92f82156a97011,12,f
val_pr_auc_mood/theme---action,0.07986575826414985,1780390644747,0c0d66e93e524c959f92f82156a97011,12,f
val_roc_auc_mood/theme---action,0.7211733022781861,1780390644747,0c0d66e93e524c959f92f82156a97011,12,f
val_pr_auc_mood/theme---adventure,0.031426347763882784,1780390644747,0c0d66e93e524c959f92f82156a97011,12,f
val_roc_auc_mood/theme---adventure,0.570561017929439,1780390644747,0c0d66e93e524c959f92f82156a97011,12,f
val_pr_auc_mood/theme---advertising,0.15442489216090544,1780390644747,0c0d66e93e524c959f92f82156a97011,12,f
val_roc_auc_mood/theme---advertising,0.7796141712498952,1780390644747,0c0d66e93e524c959f92f82156a97011,12,f
val_pr_auc_mood/theme---background,0.014065305232573155,1780390644747,0c0d66e93e524c959f92f82156a97011,12,f
val_roc_auc_mood/theme---background,0.5588776525198939,1780390644747,0c0d66e93e524c959f92f82156a97011,12,f
val_pr_auc_mood/theme---ballad,0.07706735825425963,1780390644747,0c0d66e93e524c959f92f82156a97011,12,f
val_roc_auc_mood/theme---ballad,0.7737483421750664,1780390644747,0c0d66e93e524c959f92f82156a97011,12,f
val_pr_auc_mood/theme---calm,0.0555936367805577,1780390644747,0c0d66e93e524c959f92f82156a97011,12,f
val_roc_auc_mood/theme---calm,0.6548511149477888,1780390644747,0c0d66e93e524c959f92f82156a97011,12,f
val_pr_auc_mood/theme---children,0.08560728413287369,1780390644747,0c0d66e93e524c959f92f82156a97011,12,f
val_roc_auc_mood/theme---children,0.7275079458881026,1780390644747,0c0d66e93e524c959f92f82156a97011,12,f
val_pr_auc_mood/theme---christmas,0.06871746434583427,1780390644747,0c0d66e93e524c959f92f82156a97011,12,f
val_roc_auc_mood/theme---christmas,0.7609688551212157,1780390644747,0c0d66e93e524c959f92f82156a97011,12,f
val_pr_auc_mood/theme---commercial,0.08910341027023587,1780390644747,0c0d66e93e524c959f92f82156a97011,12,f
val_roc_auc_mood/theme---commercial,0.7190744143316491,1780390644747,0c0d66e93e524c959f92f82156a97011,12,f
val_pr_auc_mood/theme---cool,0.016449846359676633,1780390644747,0c0d66e93e524c959f92f82156a97011,12,f
val_roc_auc_mood/theme---cool,0.6782112526539278,1780390644747,0c0d66e93e524c959f92f82156a97011,12,f
val_pr_auc_mood/theme---corporate,0.14282399990698985,1780390644747,0c0d66e93e524c959f92f82156a97011,12,f
val_roc_auc_mood/theme---corporate,0.817681591490458,1780390644747,0c0d66e93e524c959f92f82156a97011,12,f
val_pr_auc_mood/theme---dark,0.09081161797179721,1780390644747,0c0d66e93e524c959f92f82156a97011,12,f
val_roc_auc_mood/theme---dark,0.6233596516430457,1780390644747,0c0d66e93e524c959f92f82156a97011,12,f
val_pr_auc_mood/theme---deep,0.19772823208540058,1780390644747,0c0d66e93e524c959f92f82156a97011,12,f
val_roc_auc_mood/theme---deep,0.8221036816175358,1780390644747,0c0d66e93e524c959f92f82156a97011,12,f
val_pr_auc_mood/theme---documentary,0.04284986425069888,1780390644747,0c0d66e93e524c959f92f82156a97011,12,f
val_roc_auc_mood/theme---documentary,0.6336380732657556,1780390644747,0c0d66e93e524c959f92f82156a97011,12,f
val_pr_auc_mood/theme---drama,0.064403354328363,1780390644747,0c0d66e93e524c959f92f82156a97011,12,f
val_roc_auc_mood/theme---drama,0.7040349616858237,1780390644747,0c0d66e93e524c959f92f82156a97011,12,f
val_pr_auc_mood/theme---dramatic,0.048021228146191954,1780390644747,0c0d66e93e524c959f92f82156a97011,12,f
val_roc_auc_mood/theme---dramatic,0.6665886099662796,1780390644747,0c0d66e93e524c959f92f82156a97011,12,f
val_pr_auc_mood/theme---dream,0.11807822035167422,1780390644747,0c0d66e93e524c959f92f82156a97011,12,f
val_roc_auc_mood/theme---dream,0.6288329873079224,1780390644747,0c0d66e93e524c959f92f82156a97011,12,f
val_pr_auc_mood/theme---emotional,0.17787859000830372,1780390644747,0c0d66e93e524c959f92f82156a97011,12,f
val_roc_auc_mood/theme---emotional,0.6778020351827232,1780390644747,0c0d66e93e524c959f92f82156a97011,12,f
val_pr_auc_mood/theme---energetic,0.1932321245544284,1780390644747,0c0d66e93e524c959f92f82156a97011,12,f
val_roc_auc_mood/theme---energetic,0.7547070205164405,1780390644747,0c0d66e93e524c959f92f82156a97011,12,f
val_pr_auc_mood/theme---epic,0.42025740196412864,1780390644747,0c0d66e93e524c959f92f82156a97011,12,f
val_roc_auc_mood/theme---epic,0.8997734929041505,1780390644747,0c0d66e93e524c959f92f82156a97011,12,f
val_pr_auc_mood/theme---fast,0.047195730170217345,1780390644747,0c0d66e93e524c959f92f82156a97011,12,f
val_roc_auc_mood/theme---fast,0.8315474250325945,1780390644747,0c0d66e93e524c959f92f82156a97011,12,f
val_pr_auc_mood/theme---film,0.1457922142720522,1780390644747,0c0d66e93e524c959f92f82156a97011,12,f
val_roc_auc_mood/theme---film,0.7053091323289029,1780390644747,0c0d66e93e524c959f92f82156a97011,12,f
val_pr_auc_mood/theme---fun,0.09736991789859528,1780390644747,0c0d66e93e524c959f92f82156a97011,12,f
val_roc_auc_mood/theme---fun,0.6663604559137877,1780390644747,0c0d66e93e524c959f92f82156a97011,12,f
val_pr_auc_mood/theme---funny,0.0170644710124468,1780390644747,0c0d66e93e524c959f92f82156a97011,12,f
val_pr_auc_mood/theme---game,0.014805027055853216,1780390644747,0c0d66e93e524c959f92f82156a97011,12,f
val_roc_auc_mood/theme---background,0.6101790450928382,1780391587703,0c0d66e93e524c959f92f82156a97011,13,f
val_roc_auc_mood/theme---advertising,0.7720036851950083,1780391587703,0c0d66e93e524c959f92f82156a97011,13,f
val_pr_auc_mood/theme---advertising,0.1665949998029708,1780391587703,0c0d66e93e524c959f92f82156a97011,13,f
val_roc_auc_mood/theme---adventure,0.582045773775097,1780391587703,0c0d66e93e524c959f92f82156a97011,13,f
val_pr_auc_mood/theme---adventure,0.02621676890850995,1780391587703,0c0d66e93e524c959f92f82156a97011,13,f
val_roc_auc_mood/theme---action,0.7145837882427153,1780391587703,0c0d66e93e524c959f92f82156a97011,13,f
val_macro_roc_auc,0.732065593492388,1780391587703,0c0d66e93e524c959f92f82156a97011,13,f
avg_train_loss,0.04418778039847752,1780391344499,0c0d66e93e524c959f92f82156a97011,13,f
val_macro_pr_auc,0.09688397971282221,1780391587703,0c0d66e93e524c959f92f82156a97011,13,f
val_roc_auc_mood/theme---uplifting,0.6609110745801393,1780391587703,0c0d66e93e524c959f92f82156a97011,13,f
val_pr_auc_mood/theme---uplifting,0.06519375547352954,1780391587703,0c0d66e93e524c959f92f82156a97011,13,f
val_roc_auc_mood/theme---upbeat,0.5763778796135745,1780391587703,0c0d66e93e524c959f92f82156a97011,13,f
val_pr_auc_mood/theme---upbeat,0.043255900140804944,1780391587703,0c0d66e93e524c959f92f82156a97011,13,f
val_roc_auc_mood/theme---travel,0.6389174374785885,1780391587703,0c0d66e93e524c959f92f82156a97011,13,f
val_pr_auc_mood/theme---travel,0.031465204904296024,1780391587703,0c0d66e93e524c959f92f82156a97011,13,f
val_roc_auc_mood/theme---trailer,0.8981411923699797,1780391587703,0c0d66e93e524c959f92f82156a97011,13,f
val_pr_auc_mood/theme---trailer,0.15208993860868691,1780391587703,0c0d66e93e524c959f92f82156a97011,13,f
val_roc_auc_mood/theme---summer,0.8277588754549142,1780391587703,0c0d66e93e524c959f92f82156a97011,13,f
val_pr_auc_mood/theme---summer,0.23066059407763873,1780391587703,0c0d66e93e524c959f92f82156a97011,13,f
val_roc_auc_mood/theme---sport,0.8416578108395324,1780391587703,0c0d66e93e524c959f92f82156a97011,13,f
val_pr_auc_mood/theme---sport,0.037605746933081045,1780391587703,0c0d66e93e524c959f92f82156a97011,13,f
val_roc_auc_mood/theme---space,0.762866842350922,1780391587703,0c0d66e93e524c959f92f82156a97011,13,f
val_pr_auc_mood/theme---space,0.05796139049846942,1780391587703,0c0d66e93e524c959f92f82156a97011,13,f
val_roc_auc_mood/theme---soundscape,0.7590650262583348,1780391587703,0c0d66e93e524c959f92f82156a97011,13,f
val_pr_auc_mood/theme---soundscape,0.0320376410048516,1780391587703,0c0d66e93e524c959f92f82156a97011,13,f
val_roc_auc_mood/theme---soft,0.7175251769188895,1780391587703,0c0d66e93e524c959f92f82156a97011,13,f
val_pr_auc_mood/theme---soft,0.06069755456013788,1780391587703,0c0d66e93e524c959f92f82156a97011,13,f
val_roc_auc_mood/theme---slow,0.7357433680427988,1780391587703,0c0d66e93e524c959f92f82156a97011,13,f
val_pr_auc_mood/theme---slow,0.039893375366183766,1780391587703,0c0d66e93e524c959f92f82156a97011,13,f
val_roc_auc_mood/theme---sexy,0.6857614586698252,1780391587703,0c0d66e93e524c959f92f82156a97011,13,f
val_pr_auc_mood/theme---sexy,0.017249689298435664,1780391587703,0c0d66e93e524c959f92f82156a97011,13,f
val_roc_auc_mood/theme---sad,0.7409345133402198,1780391587703,0c0d66e93e524c959f92f82156a97011,13,f
val_pr_auc_mood/theme---sad,0.08884911949562459,1780391587703,0c0d66e93e524c959f92f82156a97011,13,f
val_roc_auc_mood/theme---romantic,0.7293380444984265,1780391587703,0c0d66e93e524c959f92f82156a97011,13,f
val_pr_auc_mood/theme---romantic,0.08575568680962076,1780391587703,0c0d66e93e524c959f92f82156a97011,13,f
val_roc_auc_mood/theme---retro,0.5017282637596384,1780391587703,0c0d66e93e524c959f92f82156a97011,13,f
val_pr_auc_mood/theme---retro,0.010722535814575645,1780391587703,0c0d66e93e524c959f92f82156a97011,13,f
val_roc_auc_mood/theme---relaxing,0.741944752937718,1780391587703,0c0d66e93e524c959f92f82156a97011,13,f
val_pr_auc_mood/theme---relaxing,0.19172499169476248,1780391587703,0c0d66e93e524c959f92f82156a97011,13,f
val_roc_auc_mood/theme---powerful,0.6753321812052017,1780391587703,0c0d66e93e524c959f92f82156a97011,13,f
val_pr_auc_mood/theme---powerful,0.023109727485779448,1780391587703,0c0d66e93e524c959f92f82156a97011,13,f
val_roc_auc_mood/theme---positive,0.729797853130016,1780391587703,0c0d66e93e524c959f92f82156a97011,13,f
val_pr_auc_mood/theme---positive,0.04796627579169998,1780391587703,0c0d66e93e524c959f92f82156a97011,13,f
val_roc_auc_mood/theme---party,0.8378096262711647,1780391587703,0c0d66e93e524c959f92f82156a97011,13,f
val_pr_auc_mood/theme---party,0.09869852533102928,1780391587703,0c0d66e93e524c959f92f82156a97011,13,f
val_roc_auc_mood/theme---nature,0.7285481978551286,1780391587703,0c0d66e93e524c959f92f82156a97011,13,f
val_pr_auc_mood/theme---nature,0.0325113516013022,1780391587703,0c0d66e93e524c959f92f82156a97011,13,f
val_roc_auc_mood/theme---movie,0.7825681228814677,1780391587703,0c0d66e93e524c959f92f82156a97011,13,f
val_pr_auc_mood/theme---movie,0.11189157607641187,1780391587703,0c0d66e93e524c959f92f82156a97011,13,f
val_roc_auc_mood/theme---motivational,0.8459493784098023,1780391587703,0c0d66e93e524c959f92f82156a97011,13,f
val_pr_auc_mood/theme---motivational,0.20058401150052033,1780391587703,0c0d66e93e524c959f92f82156a97011,13,f
val_roc_auc_mood/theme---melodic,0.5799596743561825,1780391587703,0c0d66e93e524c959f92f82156a97011,13,f
val_pr_auc_mood/theme---melodic,0.12284107363233218,1780391587703,0c0d66e93e524c959f92f82156a97011,13,f
val_roc_auc_mood/theme---melancholic,0.716831298922873,1780391587703,0c0d66e93e524c959f92f82156a97011,13,f
val_pr_auc_mood/theme---melancholic,0.08062111644995297,1780391587703,0c0d66e93e524c959f92f82156a97011,13,f
val_roc_auc_mood/theme---meditative,0.7995551014071967,1780391587703,0c0d66e93e524c959f92f82156a97011,13,f
val_pr_auc_mood/theme---meditative,0.1540755852576303,1780391587703,0c0d66e93e524c959f92f82156a97011,13,f
val_roc_auc_mood/theme---love,0.6907053135018657,1780391587703,0c0d66e93e524c959f92f82156a97011,13,f
val_pr_auc_mood/theme---love,0.11658502265472495,1780391587703,0c0d66e93e524c959f92f82156a97011,13,f
val_roc_auc_mood/theme---inspiring,0.644644948814223,1780391587703,0c0d66e93e524c959f92f82156a97011,13,f
val_pr_auc_mood/theme---inspiring,0.08712908194759598,1780391587703,0c0d66e93e524c959f92f82156a97011,13,f
val_roc_auc_mood/theme---hopeful,0.7199799374520565,1780391587703,0c0d66e93e524c959f92f82156a97011,13,f
val_pr_auc_mood/theme---hopeful,0.020365678208881775,1780391587703,0c0d66e93e524c959f92f82156a97011,13,f
val_roc_auc_mood/theme---holiday,0.5979938564223141,1780391587703,0c0d66e93e524c959f92f82156a97011,13,f
val_pr_auc_mood/theme---holiday,0.024522248043010265,1780391587703,0c0d66e93e524c959f92f82156a97011,13,f
val_roc_auc_mood/theme---heavy,0.9238685609075633,1780391587703,0c0d66e93e524c959f92f82156a97011,13,f
val_pr_auc_mood/theme---heavy,0.1656582408572513,1780391587703,0c0d66e93e524c959f92f82156a97011,13,f
val_roc_auc_mood/theme---happy,0.7367709767191334,1780391587703,0c0d66e93e524c959f92f82156a97011,13,f
val_pr_auc_mood/theme---happy,0.2665569807699019,1780391587703,0c0d66e93e524c959f92f82156a97011,13,f
stdev_train_loss,0.005266380733524958,1780391344991,0c0d66e93e524c959f92f82156a97011,13,f
val_loss_std,0.025923719230159334,1780391587703,0c0d66e93e524c959f92f82156a97011,13,f
val_pr_auc_mood/theme---action,0.11681300135476388,1780391587703,0c0d66e93e524c959f92f82156a97011,13,f
val_loss_avg,0.05433130955793437,1780391587703,0c0d66e93e524c959f92f82156a97011,13,f
train_loss,0.04418778039847752,1780391345465,0c0d66e93e524c959f92f82156a97011,13,f
val_roc_auc_mood/theme---groovy,0.8254480338707806,1780391587703,0c0d66e93e524c959f92f82156a97011,13,f
val_pr_auc_mood/theme---groovy,0.0686932487454032,1780391587703,0c0d66e93e524c959f92f82156a97011,13,f
val_roc_auc_mood/theme---game,0.6347172425032594,1780391587703,0c0d66e93e524c959f92f82156a97011,13,f
val_pr_auc_mood/theme---game,0.021261672104806475,1780391587703,0c0d66e93e524c959f92f82156a97011,13,f
val_roc_auc_mood/theme---funny,0.8063669937986815,1780391587703,0c0d66e93e524c959f92f82156a97011,13,f
val_pr_auc_mood/theme---funny,0.018072419870374546,1780391587703,0c0d66e93e524c959f92f82156a97011,13,f
val_roc_auc_mood/theme---fun,0.7157387889142831,1780391587703,0c0d66e93e524c959f92f82156a97011,13,f
val_pr_auc_mood/theme---fun,0.10594631612575803,1780391587703,0c0d66e93e524c959f92f82156a97011,13,f
val_roc_auc_mood/theme---film,0.7110235871036457,1780391587703,0c0d66e93e524c959f92f82156a97011,13,f
val_pr_auc_mood/theme---film,0.1404082665619154,1780391587703,0c0d66e93e524c959f92f82156a97011,13,f
val_roc_auc_mood/theme---fast,0.8622983213820078,1780391587703,0c0d66e93e524c959f92f82156a97011,13,f
val_pr_auc_mood/theme---fast,0.039516451612642146,1780391587703,0c0d66e93e524c959f92f82156a97011,13,f
val_roc_auc_mood/theme---epic,0.8993221260367849,1780391587703,0c0d66e93e524c959f92f82156a97011,13,f
val_pr_auc_mood/theme---epic,0.4008220736967837,1780391587703,0c0d66e93e524c959f92f82156a97011,13,f
val_roc_auc_mood/theme---energetic,0.7758788422479218,1780391587703,0c0d66e93e524c959f92f82156a97011,13,f
val_pr_auc_mood/theme---energetic,0.19531513381276272,1780391587703,0c0d66e93e524c959f92f82156a97011,13,f
val_roc_auc_mood/theme---emotional,0.6704532611302867,1780391587703,0c0d66e93e524c959f92f82156a97011,13,f
val_pr_auc_mood/theme---emotional,0.16439185932791506,1780391587703,0c0d66e93e524c959f92f82156a97011,13,f
val_roc_auc_mood/theme---dream,0.6505297884205788,1780391587703,0c0d66e93e524c959f92f82156a97011,13,f
val_pr_auc_mood/theme---dream,0.11460872573140789,1780391587703,0c0d66e93e524c959f92f82156a97011,13,f
val_roc_auc_mood/theme---dramatic,0.655496752841264,1780391587703,0c0d66e93e524c959f92f82156a97011,13,f
val_pr_auc_mood/theme---dramatic,0.02326286401730997,1780391587703,0c0d66e93e524c959f92f82156a97011,13,f
val_roc_auc_mood/theme---drama,0.7189116379310344,1780391587703,0c0d66e93e524c959f92f82156a97011,13,f
val_pr_auc_mood/theme---drama,0.06070118943040443,1780391587703,0c0d66e93e524c959f92f82156a97011,13,f
val_roc_auc_mood/theme---documentary,0.6528948083718402,1780391587703,0c0d66e93e524c959f92f82156a97011,13,f
val_pr_auc_mood/theme---documentary,0.04694941565438778,1780391587703,0c0d66e93e524c959f92f82156a97011,13,f
val_roc_auc_mood/theme---deep,0.8139585444352563,1780391587703,0c0d66e93e524c959f92f82156a97011,13,f
val_pr_auc_mood/theme---deep,0.23686929740196946,1780391587703,0c0d66e93e524c959f92f82156a97011,13,f
val_roc_auc_mood/theme---dark,0.7079849581949833,1780391587703,0c0d66e93e524c959f92f82156a97011,13,f
val_pr_auc_mood/theme---dark,0.11918544477569279,1780391587703,0c0d66e93e524c959f92f82156a97011,13,f
val_roc_auc_mood/theme---corporate,0.8671166197390455,1780391587703,0c0d66e93e524c959f92f82156a97011,13,f
val_pr_auc_mood/theme---corporate,0.19975670933483536,1780391587703,0c0d66e93e524c959f92f82156a97011,13,f
val_roc_auc_mood/theme---cool,0.7421006619208192,1780391587703,0c0d66e93e524c959f92f82156a97011,13,f
val_pr_auc_mood/theme---cool,0.02957547985005148,1780391587703,0c0d66e93e524c959f92f82156a97011,13,f
val_roc_auc_mood/theme---commercial,0.7499157862501914,1780391587703,0c0d66e93e524c959f92f82156a97011,13,f
val_pr_auc_mood/theme---commercial,0.09205146609524266,1780391587703,0c0d66e93e524c959f92f82156a97011,13,f
val_roc_auc_mood/theme---christmas,0.7765122955573599,1780391587703,0c0d66e93e524c959f92f82156a97011,13,f
val_pr_auc_mood/theme---christmas,0.08634537877281595,1780391587703,0c0d66e93e524c959f92f82156a97011,13,f
val_roc_auc_mood/theme---children,0.7367258605858852,1780391587703,0c0d66e93e524c959f92f82156a97011,13,f
val_pr_auc_mood/theme---children,0.08398362699550174,1780391587703,0c0d66e93e524c959f92f82156a97011,13,f
val_roc_auc_mood/theme---calm,0.7177424387402754,1780391587703,0c0d66e93e524c959f92f82156a97011,13,f
val_pr_auc_mood/theme---calm,0.07298791196764264,1780391587703,0c0d66e93e524c959f92f82156a97011,13,f
val_roc_auc_mood/theme---ballad,0.7967368479221928,1780391587703,0c0d66e93e524c959f92f82156a97011,13,f
val_pr_auc_mood/theme---ballad,0.08222712896713906,1780391587703,0c0d66e93e524c959f92f82156a97011,13,f
val_pr_auc_mood/theme---background,0.014666392710312445,1780391587703,0c0d66e93e524c959f92f82156a97011,13,f
val_roc_auc_mood/theme---heavy,0.9008498355805333,1780392537574,0c0d66e93e524c959f92f82156a97011,14,f
avg_train_loss,0.04384890391305374,1780392294362,0c0d66e93e524c959f92f82156a97011,14,f
train_loss,0.04384890391305374,1780392295288,0c0d66e93e524c959f92f82156a97011,14,f
stdev_train_loss,0.004417931127759359,1780392294844,0c0d66e93e524c959f92f82156a97011,14,f
val_loss_avg,0.05719947931807261,1780392537574,0c0d66e93e524c959f92f82156a97011,14,f
val_loss_std,0.03561477930410799,1780392537574,0c0d66e93e524c959f92f82156a97011,14,f
val_pr_auc_mood/theme---action,0.10127485332525463,1780392537574,0c0d66e93e524c959f92f82156a97011,14,f
val_roc_auc_mood/theme---action,0.6241405245408448,1780392537574,0c0d66e93e524c959f92f82156a97011,14,f
val_pr_auc_mood/theme---adventure,0.028632985957788105,1780392537574,0c0d66e93e524c959f92f82156a97011,14,f
val_roc_auc_mood/theme---adventure,0.5551825993555317,1780392537574,0c0d66e93e524c959f92f82156a97011,14,f
val_pr_auc_mood/theme---advertising,0.17040457428207006,1780392537574,0c0d66e93e524c959f92f82156a97011,14,f
val_roc_auc_mood/theme---advertising,0.7745423750895708,1780392537574,0c0d66e93e524c959f92f82156a97011,14,f
val_pr_auc_mood/theme---background,0.015388857192623541,1780392537574,0c0d66e93e524c959f92f82156a97011,14,f
val_roc_auc_mood/theme---background,0.581498673740053,1780392537574,0c0d66e93e524c959f92f82156a97011,14,f
val_pr_auc_mood/theme---ballad,0.07438328888763045,1780392537574,0c0d66e93e524c959f92f82156a97011,14,f
val_roc_auc_mood/theme---ballad,0.7616277998821103,1780392537574,0c0d66e93e524c959f92f82156a97011,14,f
val_pr_auc_mood/theme---calm,0.06826755655565361,1780392537574,0c0d66e93e524c959f92f82156a97011,14,f
val_roc_auc_mood/theme---calm,0.6918422640096518,1780392537574,0c0d66e93e524c959f92f82156a97011,14,f
val_pr_auc_mood/theme---children,0.07702484265846549,1780392537574,0c0d66e93e524c959f92f82156a97011,14,f
val_roc_auc_mood/theme---children,0.7079677920584471,1780392537574,0c0d66e93e524c959f92f82156a97011,14,f
val_pr_auc_mood/theme---christmas,0.09283882721168803,1780392537574,0c0d66e93e524c959f92f82156a97011,14,f
val_roc_auc_mood/theme---christmas,0.7920956095580559,1780392537574,0c0d66e93e524c959f92f82156a97011,14,f
val_pr_auc_mood/theme---commercial,0.08905004376603717,1780392537574,0c0d66e93e524c959f92f82156a97011,14,f
val_roc_auc_mood/theme---commercial,0.7442887766038893,1780392537574,0c0d66e93e524c959f92f82156a97011,14,f
val_pr_auc_mood/theme---cool,0.010177853812676899,1780392537574,0c0d66e93e524c959f92f82156a97011,14,f
val_roc_auc_mood/theme---cool,0.5046990133633071,1780392537574,0c0d66e93e524c959f92f82156a97011,14,f
val_pr_auc_mood/theme---corporate,0.15554655245895305,1780392537574,0c0d66e93e524c959f92f82156a97011,14,f
val_roc_auc_mood/theme---corporate,0.822450265923186,1780392537574,0c0d66e93e524c959f92f82156a97011,14,f
val_pr_auc_mood/theme---dark,0.10906883654368482,1780392537574,0c0d66e93e524c959f92f82156a97011,14,f
val_roc_auc_mood/theme---dark,0.626932807694499,1780392537574,0c0d66e93e524c959f92f82156a97011,14,f
val_pr_auc_mood/theme---deep,0.23892018210881313,1780392537574,0c0d66e93e524c959f92f82156a97011,14,f
val_roc_auc_mood/theme---deep,0.8117184375934187,1780392537574,0c0d66e93e524c959f92f82156a97011,14,f
val_pr_auc_mood/theme---documentary,0.04852966883316919,1780392537574,0c0d66e93e524c959f92f82156a97011,14,f
val_roc_auc_mood/theme---documentary,0.6634712066066026,1780392537574,0c0d66e93e524c959f92f82156a97011,14,f
val_pr_auc_mood/theme---drama,0.06757802617406794,1780392537574,0c0d66e93e524c959f92f82156a97011,14,f
val_roc_auc_mood/theme---drama,0.7119552203065135,1780392537574,0c0d66e93e524c959f92f82156a97011,14,f
val_pr_auc_mood/theme---dramatic,0.02010693480990732,1780392537574,0c0d66e93e524c959f92f82156a97011,14,f
val_roc_auc_mood/theme---dramatic,0.695555451479955,1780392537574,0c0d66e93e524c959f92f82156a97011,14,f
val_pr_auc_mood/theme---dream,0.09884853544844073,1780392537574,0c0d66e93e524c959f92f82156a97011,14,f
val_roc_auc_mood/theme---dream,0.6880584279024141,1780392537574,0c0d66e93e524c959f92f82156a97011,14,f
val_pr_auc_mood/theme---emotional,0.14811918871091334,1780392537574,0c0d66e93e524c959f92f82156a97011,14,f
val_roc_auc_mood/theme---emotional,0.6532050265679565,1780392537574,0c0d66e93e524c959f92f82156a97011,14,f
val_pr_auc_mood/theme---energetic,0.2148339894386979,1780392537574,0c0d66e93e524c959f92f82156a97011,14,f
val_roc_auc_mood/theme---energetic,0.779123280225403,1780392537574,0c0d66e93e524c959f92f82156a97011,14,f
val_pr_auc_mood/theme---epic,0.42985909091779456,1780392537574,0c0d66e93e524c959f92f82156a97011,14,f
val_roc_auc_mood/theme---epic,0.8843874836297145,1780392537574,0c0d66e93e524c959f92f82156a97011,14,f
val_pr_auc_mood/theme---fast,0.12267712080077497,1780392537574,0c0d66e93e524c959f92f82156a97011,14,f
val_roc_auc_mood/theme---fast,0.8920000814863104,1780392537574,0c0d66e93e524c959f92f82156a97011,14,f
val_pr_auc_mood/theme---film,0.15342076827698442,1780392537574,0c0d66e93e524c959f92f82156a97011,14,f
val_roc_auc_mood/theme---film,0.6950015162609743,1780392537574,0c0d66e93e524c959f92f82156a97011,14,f
val_pr_auc_mood/theme---fun,0.0931457288691494,1780392537574,0c0d66e93e524c959f92f82156a97011,14,f
val_roc_auc_mood/theme---fun,0.6855245153512178,1780392537574,0c0d66e93e524c959f92f82156a97011,14,f
val_pr_auc_mood/theme---funny,0.01593192076970619,1780392537574,0c0d66e93e524c959f92f82156a97011,14,f
val_roc_auc_mood/theme---funny,0.7526720894646617,1780392537574,0c0d66e93e524c959f92f82156a97011,14,f
val_pr_auc_mood/theme---game,0.032717378390421305,1780392537574,0c0d66e93e524c959f92f82156a97011,14,f
val_roc_auc_mood/theme---game,0.5942389178617993,1780392537574,0c0d66e93e524c959f92f82156a97011,14,f
val_pr_auc_mood/theme---groovy,0.055899685090352015,1780392537574,0c0d66e93e524c959f92f82156a97011,14,f
val_roc_auc_mood/theme---groovy,0.8039743069249506,1780392537574,0c0d66e93e524c959f92f82156a97011,14,f
val_pr_auc_mood/theme---happy,0.3136364520922338,1780392537574,0c0d66e93e524c959f92f82156a97011,14,f
val_roc_auc_mood/theme---happy,0.7725368813214435,1780392537574,0c0d66e93e524c959f92f82156a97011,14,f
val_pr_auc_mood/theme---heavy,0.09032396563856808,1780392537574,0c0d66e93e524c959f92f82156a97011,14,f
val_pr_auc_mood/theme---holiday,0.01675076225225147,1780392537574,0c0d66e93e524c959f92f82156a97011,14,f
val_roc_auc_mood/theme---holiday,0.5989798627175851,1780392537574,0c0d66e93e524c959f92f82156a97011,14,f
val_pr_auc_mood/theme---hopeful,0.020630765022832467,1780392537574,0c0d66e93e524c959f92f82156a97011,14,f
val_roc_auc_mood/theme---hopeful,0.7441877618457545,1780392537574,0c0d66e93e524c959f92f82156a97011,14,f
val_pr_auc_mood/theme---inspiring,0.09009026872484285,1780392537574,0c0d66e93e524c959f92f82156a97011,14,f
val_roc_auc_mood/theme---inspiring,0.6447632858380667,1780392537574,0c0d66e93e524c959f92f82156a97011,14,f
val_pr_auc_mood/theme---love,0.10715904089431404,1780392537574,0c0d66e93e524c959f92f82156a97011,14,f
val_roc_auc_mood/theme---love,0.668970410469333,1780392537574,0c0d66e93e524c959f92f82156a97011,14,f
val_pr_auc_mood/theme---meditative,0.13414660353243613,1780392537574,0c0d66e93e524c959f92f82156a97011,14,f
val_roc_auc_mood/theme---meditative,0.7710904621452368,1780392537574,0c0d66e93e524c959f92f82156a97011,14,f
val_pr_auc_mood/theme---melancholic,0.060748957346359364,1780392537574,0c0d66e93e524c959f92f82156a97011,14,f
val_roc_auc_mood/theme---melancholic,0.6988901662431872,1780392537574,0c0d66e93e524c959f92f82156a97011,14,f
val_pr_auc_mood/theme---melodic,0.13767255643448206,1780392537574,0c0d66e93e524c959f92f82156a97011,14,f
val_roc_auc_mood/theme---melodic,0.5993564989491277,1780392537574,0c0d66e93e524c959f92f82156a97011,14,f
val_pr_auc_mood/theme---motivational,0.16529931152869567,1780392537574,0c0d66e93e524c959f92f82156a97011,14,f
val_roc_auc_mood/theme---motivational,0.8014095340309453,1780392537574,0c0d66e93e524c959f92f82156a97011,14,f
val_pr_auc_mood/theme---movie,0.1425676547638369,1780392537574,0c0d66e93e524c959f92f82156a97011,14,f
val_roc_auc_mood/theme---movie,0.778720280575833,1780392537574,0c0d66e93e524c959f92f82156a97011,14,f
val_pr_auc_mood/theme---nature,0.03203936049344034,1780392537574,0c0d66e93e524c959f92f82156a97011,14,f
val_roc_auc_mood/theme---nature,0.7015623391861017,1780392537574,0c0d66e93e524c959f92f82156a97011,14,f
val_pr_auc_mood/theme---party,0.10177364070108885,1780392537574,0c0d66e93e524c959f92f82156a97011,14,f
val_roc_auc_mood/theme---party,0.8255718640334024,1780392537574,0c0d66e93e524c959f92f82156a97011,14,f
val_pr_auc_mood/theme---positive,0.044937280806929034,1780392537574,0c0d66e93e524c959f92f82156a97011,14,f
val_roc_auc_mood/theme---positive,0.6828685125735688,1780392537574,0c0d66e93e524c959f92f82156a97011,14,f
val_pr_auc_mood/theme---powerful,0.020413600968151653,1780392537574,0c0d66e93e524c959f92f82156a97011,14,f
val_roc_auc_mood/theme---powerful,0.6656429724905799,1780392537574,0c0d66e93e524c959f92f82156a97011,14,f
val_pr_auc_mood/theme---relaxing,0.17378430485682744,1780392537574,0c0d66e93e524c959f92f82156a97011,14,f
val_roc_auc_mood/theme---relaxing,0.7297396475555085,1780392537574,0c0d66e93e524c959f92f82156a97011,14,f
val_pr_auc_mood/theme---retro,0.011147361677998062,1780392537574,0c0d66e93e524c959f92f82156a97011,14,f
val_roc_auc_mood/theme---retro,0.5194389141445257,1780392537574,0c0d66e93e524c959f92f82156a97011,14,f
val_pr_auc_mood/theme---romantic,0.08568923196869956,1780392537574,0c0d66e93e524c959f92f82156a97011,14,f
val_roc_auc_mood/theme---romantic,0.6996241189569186,1780392537574,0c0d66e93e524c959f92f82156a97011,14,f
val_pr_auc_mood/theme---sad,0.08696806458148504,1780392537574,0c0d66e93e524c959f92f82156a97011,14,f
val_roc_auc_mood/theme---sad,0.7193351759308374,1780392537574,0c0d66e93e524c959f92f82156a97011,14,f
val_pr_auc_mood/theme---sexy,0.023032463740141902,1780392537574,0c0d66e93e524c959f92f82156a97011,14,f
val_roc_auc_mood/theme---sexy,0.7371020422813251,1780392537574,0c0d66e93e524c959f92f82156a97011,14,f
val_pr_auc_mood/theme---slow,0.034550322363160454,1780392537574,0c0d66e93e524c959f92f82156a97011,14,f
val_roc_auc_mood/theme---slow,0.7461914372134456,1780392537574,0c0d66e93e524c959f92f82156a97011,14,f
val_pr_auc_mood/theme---soft,0.05165931480741586,1780392537574,0c0d66e93e524c959f92f82156a97011,14,f
val_roc_auc_mood/theme---soft,0.6792324442025041,1780392537574,0c0d66e93e524c959f92f82156a97011,14,f
val_pr_auc_mood/theme---soundscape,0.027372191164941027,1780392537574,0c0d66e93e524c959f92f82156a97011,14,f
val_roc_auc_mood/theme---soundscape,0.7105092346728035,1780392537574,0c0d66e93e524c959f92f82156a97011,14,f
val_pr_auc_mood/theme---space,0.04907400558310495,1780392537574,0c0d66e93e524c959f92f82156a97011,14,f
val_roc_auc_mood/theme---space,0.7302985762617522,1780392537574,0c0d66e93e524c959f92f82156a97011,14,f
val_pr_auc_mood/theme---sport,0.03803478955853989,1780392537574,0c0d66e93e524c959f92f82156a97011,14,f
val_roc_auc_mood/theme---sport,0.841413110352928,1780392537574,0c0d66e93e524c959f92f82156a97011,14,f
val_pr_auc_mood/theme---summer,0.26000377212226644,1780392537574,0c0d66e93e524c959f92f82156a97011,14,f
val_roc_auc_mood/theme---summer,0.8498286946144665,1780392537574,0c0d66e93e524c959f92f82156a97011,14,f
val_pr_auc_mood/theme---trailer,0.18190160558321983,1780392537574,0c0d66e93e524c959f92f82156a97011,14,f
val_roc_auc_mood/theme---trailer,0.8898815029010838,1780392537574,0c0d66e93e524c959f92f82156a97011,14,f
val_pr_auc_mood/theme---travel,0.018630776762163653,1780392537574,0c0d66e93e524c959f92f82156a97011,14,f
val_roc_auc_mood/theme---travel,0.5737613990440301,1780392537574,0c0d66e93e524c959f92f82156a97011,14,f
val_pr_auc_mood/theme---upbeat,0.05375776973441586,1780392537574,0c0d66e93e524c959f92f82156a97011,14,f
val_roc_auc_mood/theme---upbeat,0.6561524647015111,1780392537574,0c0d66e93e524c959f92f82156a97011,14,f
val_pr_auc_mood/theme---uplifting,0.07059832102067555,1780392537574,0c0d66e93e524c959f92f82156a97011,14,f
val_roc_auc_mood/theme---uplifting,0.6729505830225254,1780392537574,0c0d66e93e524c959f92f82156a97011,14,f
val_macro_pr_auc,0.0960186037145935,1780392537574,0c0d66e93e524c959f92f82156a97011,14,f
val_macro_roc_auc,0.7162324013810341,1780392537574,0c0d66e93e524c959f92f82156a97011,14,f
val_roc_auc_mood/theme---motivational,0.8187496646096054,1780393481771,0c0d66e93e524c959f92f82156a97011,15,f
val_pr_auc_mood/theme---movie,0.11484736682884375,1780393481771,0c0d66e93e524c959f92f82156a97011,15,f
val_roc_auc_mood/theme---movie,0.8002576423089932,1780393481771,0c0d66e93e524c959f92f82156a97011,15,f
val_pr_auc_mood/theme---nature,0.03297708023839366,1780393481771,0c0d66e93e524c959f92f82156a97011,15,f
val_roc_auc_mood/theme---nature,0.7252958975731253,1780393481771,0c0d66e93e524c959f92f82156a97011,15,f
val_pr_auc_mood/theme---party,0.09787880937729447,1780393481771,0c0d66e93e524c959f92f82156a97011,15,f
val_roc_auc_mood/theme---party,0.8166833166833166,1780393481771,0c0d66e93e524c959f92f82156a97011,15,f
val_pr_auc_mood/theme---positive,0.046110362972443614,1780393481771,0c0d66e93e524c959f92f82156a97011,15,f
val_roc_auc_mood/theme---positive,0.6906057718031032,1780393481771,0c0d66e93e524c959f92f82156a97011,15,f
val_pr_auc_mood/theme---powerful,0.020431067151758422,1780393481771,0c0d66e93e524c959f92f82156a97011,15,f
val_roc_auc_mood/theme---powerful,0.6683174207439726,1780393481771,0c0d66e93e524c959f92f82156a97011,15,f
val_pr_auc_mood/theme---relaxing,0.15186220255848837,1780393481771,0c0d66e93e524c959f92f82156a97011,15,f
val_roc_auc_mood/theme---relaxing,0.74771505156828,1780393481771,0c0d66e93e524c959f92f82156a97011,15,f
val_pr_auc_mood/theme---retro,0.012437804188006477,1780393481771,0c0d66e93e524c959f92f82156a97011,15,f
val_roc_auc_mood/theme---retro,0.5645294129091251,1780393481771,0c0d66e93e524c959f92f82156a97011,15,f
val_pr_auc_mood/theme---romantic,0.08574632735953311,1780393481771,0c0d66e93e524c959f92f82156a97011,15,f
val_roc_auc_mood/theme---romantic,0.7058190250096615,1780393481771,0c0d66e93e524c959f92f82156a97011,15,f
val_pr_auc_mood/theme---sad,0.09074269352749295,1780393481771,0c0d66e93e524c959f92f82156a97011,15,f
val_roc_auc_mood/theme---sad,0.7280177187153931,1780393481771,0c0d66e93e524c959f92f82156a97011,15,f
val_pr_auc_mood/theme---sexy,0.01851021167297487,1780393481771,0c0d66e93e524c959f92f82156a97011,15,f
val_roc_auc_mood/theme---sexy,0.6973547252431715,1780393481771,0c0d66e93e524c959f92f82156a97011,15,f
val_pr_auc_mood/theme---slow,0.032584154003387135,1780393481771,0c0d66e93e524c959f92f82156a97011,15,f
val_roc_auc_mood/theme---slow,0.737625630985873,1780393481771,0c0d66e93e524c959f92f82156a97011,15,f
val_pr_auc_mood/theme---soft,0.046970303313537694,1780393481771,0c0d66e93e524c959f92f82156a97011,15,f
val_roc_auc_mood/theme---soft,0.6524543243059335,1780393481771,0c0d66e93e524c959f92f82156a97011,15,f
val_pr_auc_mood/theme---soundscape,0.030103849692839225,1780393481771,0c0d66e93e524c959f92f82156a97011,15,f
val_roc_auc_mood/theme---soundscape,0.7567711099309612,1780393481771,0c0d66e93e524c959f92f82156a97011,15,f
val_pr_auc_mood/theme---space,0.06625927360835436,1780393481771,0c0d66e93e524c959f92f82156a97011,15,f
val_roc_auc_mood/theme---space,0.7759967762229045,1780393481771,0c0d66e93e524c959f92f82156a97011,15,f
val_pr_auc_mood/theme---sport,0.05749760831546047,1780393481771,0c0d66e93e524c959f92f82156a97011,15,f
val_roc_auc_mood/theme---sport,0.870427596621735,1780393481771,0c0d66e93e524c959f92f82156a97011,15,f
val_pr_auc_mood/theme---summer,0.27429024121647444,1780393481771,0c0d66e93e524c959f92f82156a97011,15,f
val_roc_auc_mood/theme---summer,0.850305447718544,1780393481771,0c0d66e93e524c959f92f82156a97011,15,f
val_pr_auc_mood/theme---trailer,0.22265794432545782,1780393481771,0c0d66e93e524c959f92f82156a97011,15,f
val_roc_auc_mood/theme---trailer,0.9263668313822899,1780393481771,0c0d66e93e524c959f92f82156a97011,15,f
val_pr_auc_mood/theme---travel,0.01921862039814014,1780393481771,0c0d66e93e524c959f92f82156a97011,15,f
val_roc_auc_mood/theme---travel,0.5728695954800785,1780393481771,0c0d66e93e524c959f92f82156a97011,15,f
val_pr_auc_mood/theme---upbeat,0.04564924174065377,1780393481771,0c0d66e93e524c959f92f82156a97011,15,f
val_roc_auc_mood/theme---upbeat,0.6099651143588474,1780393481771,0c0d66e93e524c959f92f82156a97011,15,f
val_pr_auc_mood/theme---uplifting,0.0690970249875233,1780393481771,0c0d66e93e524c959f92f82156a97011,15,f
val_macro_roc_auc,0.7236687441432148,1780393481771,0c0d66e93e524c959f92f82156a97011,15,f
val_macro_pr_auc,0.09445345025166688,1780393481771,0c0d66e93e524c959f92f82156a97011,15,f
avg_train_loss,0.04369964807936978,1780393246014,0c0d66e93e524c959f92f82156a97011,15,f
val_loss_avg,0.055593979420764036,1780393481771,0c0d66e93e524c959f92f82156a97011,15,f
val_loss_std,0.02962648235757219,1780393481771,0c0d66e93e524c959f92f82156a97011,15,f
stdev_train_loss,0.004448980545657358,1780393246513,0c0d66e93e524c959f92f82156a97011,15,f
train_loss,0.04369964807936978,1780393247155,0c0d66e93e524c959f92f82156a97011,15,f
val_roc_auc_mood/theme---uplifting,0.6558772637909329,1780393481771,0c0d66e93e524c959f92f82156a97011,15,f
val_pr_auc_mood/theme---action,0.07895986502230191,1780393481771,0c0d66e93e524c959f92f82156a97011,15,f
val_roc_auc_mood/theme---action,0.7374675497974137,1780393481771,0c0d66e93e524c959f92f82156a97011,15,f
val_pr_auc_mood/theme---adventure,0.034776795663073554,1780393481771,0c0d66e93e524c959f92f82156a97011,15,f
val_roc_auc_mood/theme---adventure,0.6230514472995676,1780393481771,0c0d66e93e524c959f92f82156a97011,15,f
val_pr_auc_mood/theme---advertising,0.1582622298822852,1780393481771,0c0d66e93e524c959f92f82156a97011,15,f
val_roc_auc_mood/theme---advertising,0.7724261797742353,1780393481771,0c0d66e93e524c959f92f82156a97011,15,f
val_pr_auc_mood/theme---background,0.013478328873732497,1780393481771,0c0d66e93e524c959f92f82156a97011,15,f
val_roc_auc_mood/theme---background,0.574635278514589,1780393481771,0c0d66e93e524c959f92f82156a97011,15,f
val_pr_auc_mood/theme---ballad,0.0797332531096054,1780393481771,0c0d66e93e524c959f92f82156a97011,15,f
val_roc_auc_mood/theme---ballad,0.7799329501915709,1780393481771,0c0d66e93e524c959f92f82156a97011,15,f
val_pr_auc_mood/theme---calm,0.046249951161741555,1780393481771,0c0d66e93e524c959f92f82156a97011,15,f
val_roc_auc_mood/theme---calm,0.5996276573615675,1780393481771,0c0d66e93e524c959f92f82156a97011,15,f
val_pr_auc_mood/theme---children,0.07110083620895201,1780393481771,0c0d66e93e524c959f92f82156a97011,15,f
val_roc_auc_mood/theme---children,0.7162867319069903,1780393481771,0c0d66e93e524c959f92f82156a97011,15,f
val_pr_auc_mood/theme---christmas,0.08073025772735518,1780393481771,0c0d66e93e524c959f92f82156a97011,15,f
val_roc_auc_mood/theme---christmas,0.7699549066233615,1780393481771,0c0d66e93e524c959f92f82156a97011,15,f
val_pr_auc_mood/theme---commercial,0.06991946324774698,1780393481771,0c0d66e93e524c959f92f82156a97011,15,f
val_roc_auc_mood/theme---commercial,0.7298997090797733,1780393481771,0c0d66e93e524c959f92f82156a97011,15,f
val_pr_auc_mood/theme---cool,0.02561054990847704,1780393481771,0c0d66e93e524c959f92f82156a97011,15,f
val_roc_auc_mood/theme---cool,0.7628793555638816,1780393481771,0c0d66e93e524c959f92f82156a97011,15,f
val_pr_auc_mood/theme---corporate,0.13943218005974573,1780393481771,0c0d66e93e524c959f92f82156a97011,15,f
val_roc_auc_mood/theme---corporate,0.8008405565063766,1780393481771,0c0d66e93e524c959f92f82156a97011,15,f
val_pr_auc_mood/theme---dark,0.08551244384696909,1780393481771,0c0d66e93e524c959f92f82156a97011,15,f
val_roc_auc_mood/theme---dark,0.6103902165229524,1780393481771,0c0d66e93e524c959f92f82156a97011,15,f
val_pr_auc_mood/theme---deep,0.21741103981920906,1780393481771,0c0d66e93e524c959f92f82156a97011,15,f
val_roc_auc_mood/theme---deep,0.8095715067727319,1780393481771,0c0d66e93e524c959f92f82156a97011,15,f
val_pr_auc_mood/theme---documentary,0.04364794864475356,1780393481771,0c0d66e93e524c959f92f82156a97011,15,f
val_roc_auc_mood/theme---documentary,0.6428664558458578,1780393481771,0c0d66e93e524c959f92f82156a97011,15,f
val_pr_auc_mood/theme---drama,0.06323011094332799,1780393481771,0c0d66e93e524c959f92f82156a97011,15,f
val_roc_auc_mood/theme---drama,0.7158704501915708,1780393481771,0c0d66e93e524c959f92f82156a97011,15,f
val_pr_auc_mood/theme---dramatic,0.04807555798319105,1780393481771,0c0d66e93e524c959f92f82156a97011,15,f
val_roc_auc_mood/theme---dramatic,0.6734732109404271,1780393481771,0c0d66e93e524c959f92f82156a97011,15,f
val_pr_auc_mood/theme---dream,0.11024444549298808,1780393481771,0c0d66e93e524c959f92f82156a97011,15,f
val_roc_auc_mood/theme---dream,0.6062015816384807,1780393481771,0c0d66e93e524c959f92f82156a97011,15,f
val_pr_auc_mood/theme---emotional,0.16581045210900586,1780393481771,0c0d66e93e524c959f92f82156a97011,15,f
val_roc_auc_mood/theme---emotional,0.6583198155895159,1780393481771,0c0d66e93e524c959f92f82156a97011,15,f
val_pr_auc_mood/theme---energetic,0.1924557819690839,1780393481771,0c0d66e93e524c959f92f82156a97011,15,f
val_roc_auc_mood/theme---energetic,0.7766460592344424,1780393481771,0c0d66e93e524c959f92f82156a97011,15,f
val_pr_auc_mood/theme---epic,0.4037672520096558,1780393481771,0c0d66e93e524c959f92f82156a97011,15,f
val_roc_auc_mood/theme---epic,0.8937854689520546,1780393481771,0c0d66e93e524c959f92f82156a97011,15,f
val_pr_auc_mood/theme---fast,0.07271178954025206,1780393481771,0c0d66e93e524c959f92f82156a97011,15,f
val_roc_auc_mood/theme---fast,0.8551377118644068,1780393481771,0c0d66e93e524c959f92f82156a97011,15,f
val_pr_auc_mood/theme---film,0.141644876041583,1780393481771,0c0d66e93e524c959f92f82156a97011,15,f
val_roc_auc_mood/theme---film,0.7030413976227987,1780393481771,0c0d66e93e524c959f92f82156a97011,15,f
val_pr_auc_mood/theme---fun,0.09831439482409918,1780393481771,0c0d66e93e524c959f92f82156a97011,15,f
val_roc_auc_mood/theme---fun,0.6923972455825032,1780393481771,0c0d66e93e524c959f92f82156a97011,15,f
val_pr_auc_mood/theme---funny,0.016444893352295955,1780393481771,0c0d66e93e524c959f92f82156a97011,15,f
val_roc_auc_mood/theme---funny,0.7884993729650126,1780393481771,0c0d66e93e524c959f92f82156a97011,15,f
val_pr_auc_mood/theme---game,0.034218124672643284,1780393481771,0c0d66e93e524c959f92f82156a97011,15,f
val_roc_auc_mood/theme---game,0.6876120436766623,1780393481771,0c0d66e93e524c959f92f82156a97011,15,f
val_pr_auc_mood/theme---groovy,0.06953730260484592,1780393481771,0c0d66e93e524c959f92f82156a97011,15,f
val_roc_auc_mood/theme---groovy,0.8333212504349843,1780393481771,0c0d66e93e524c959f92f82156a97011,15,f
val_pr_auc_mood/theme---happy,0.32327274027188224,1780393481771,0c0d66e93e524c959f92f82156a97011,15,f
val_roc_auc_mood/theme---happy,0.7801330869591239,1780393481771,0c0d66e93e524c959f92f82156a97011,15,f
val_pr_auc_mood/theme---heavy,0.126054295314067,1780393481771,0c0d66e93e524c959f92f82156a97011,15,f
val_roc_auc_mood/theme---heavy,0.9263609831399697,1780393481771,0c0d66e93e524c959f92f82156a97011,15,f
val_pr_auc_mood/theme---holiday,0.01587120632683838,1780393481771,0c0d66e93e524c959f92f82156a97011,15,f
val_roc_auc_mood/theme---holiday,0.5399863476051424,1780393481771,0c0d66e93e524c959f92f82156a97011,15,f
val_pr_auc_mood/theme---hopeful,0.0333524781664008,1780393481771,0c0d66e93e524c959f92f82156a97011,15,f
val_roc_auc_mood/theme---hopeful,0.6921579040538147,1780393481771,0c0d66e93e524c959f92f82156a97011,15,f
val_pr_auc_mood/theme---inspiring,0.09239881671573034,1780393481771,0c0d66e93e524c959f92f82156a97011,15,f
val_roc_auc_mood/theme---inspiring,0.6405633243477423,1780393481771,0c0d66e93e524c959f92f82156a97011,15,f
val_pr_auc_mood/theme---love,0.10194626609871306,1780393481771,0c0d66e93e524c959f92f82156a97011,15,f
val_roc_auc_mood/theme---love,0.6467204498870027,1780393481771,0c0d66e93e524c959f92f82156a97011,15,f
val_pr_auc_mood/theme---meditative,0.14429861359750445,1780393481771,0c0d66e93e524c959f92f82156a97011,15,f
val_roc_auc_mood/theme---meditative,0.7824500469975316,1780393481771,0c0d66e93e524c959f92f82156a97011,15,f
val_pr_auc_mood/theme---melancholic,0.06962006415315493,1780393481771,0c0d66e93e524c959f92f82156a97011,15,f
val_roc_auc_mood/theme---melancholic,0.7175415730007982,1780393481771,0c0d66e93e524c959f92f82156a97011,15,f
val_pr_auc_mood/theme---melodic,0.13496774860980265,1780393481771,0c0d66e93e524c959f92f82156a97011,15,f
val_roc_auc_mood/theme---melodic,0.6133945076093287,1780393481771,0c0d66e93e524c959f92f82156a97011,15,f
val_pr_auc_mood/theme---motivational,0.15045867264327262,1780393481771,0c0d66e93e524c959f92f82156a97011,15,f
val_pr_auc_mood/theme---melodic,0.12859849945330237,1780394386423,0c0d66e93e524c959f92f82156a97011,16,f
val_roc_auc_mood/theme---melancholic,0.7246760442371388,1780394386423,0c0d66e93e524c959f92f82156a97011,16,f
val_pr_auc_mood/theme---melancholic,0.0700542478060928,1780394386423,0c0d66e93e524c959f92f82156a97011,16,f
val_roc_auc_mood/theme---meditative,0.7762542199689186,1780394386423,0c0d66e93e524c959f92f82156a97011,16,f
val_pr_auc_mood/theme---meditative,0.13699041209335877,1780394386423,0c0d66e93e524c959f92f82156a97011,16,f
val_roc_auc_mood/theme---love,0.6732636516529144,1780394386423,0c0d66e93e524c959f92f82156a97011,16,f
val_pr_auc_mood/theme---love,0.10976111798588184,1780394386423,0c0d66e93e524c959f92f82156a97011,16,f
val_roc_auc_mood/theme---inspiring,0.6680536167003626,1780394386423,0c0d66e93e524c959f92f82156a97011,16,f
val_pr_auc_mood/theme---inspiring,0.08433469310714384,1780394386423,0c0d66e93e524c959f92f82156a97011,16,f
val_roc_auc_mood/theme---hopeful,0.7456924529415235,1780394386423,0c0d66e93e524c959f92f82156a97011,16,f
val_pr_auc_mood/theme---hopeful,0.026628466448002715,1780394386423,0c0d66e93e524c959f92f82156a97011,16,f
val_roc_auc_mood/theme---holiday,0.5847889567294929,1780394386423,0c0d66e93e524c959f92f82156a97011,16,f
val_pr_auc_mood/theme---christmas,0.09941547803466295,1780394386423,0c0d66e93e524c959f92f82156a97011,16,f
val_roc_auc_mood/theme---christmas,0.8058556141978889,1780394386423,0c0d66e93e524c959f92f82156a97011,16,f
val_loss_avg,0.05455688427085923,1780394386423,0c0d66e93e524c959f92f82156a97011,16,f
val_roc_auc_mood/theme---action,0.7280151393842347,1780394386423,0c0d66e93e524c959f92f82156a97011,16,f
val_loss_std,0.028840049046053622,1780394386423,0c0d66e93e524c959f92f82156a97011,16,f
avg_train_loss,0.043383299267079345,1780394188346,0c0d66e93e524c959f92f82156a97011,16,f
val_pr_auc_mood/theme---adventure,0.03686165622686842,1780394386423,0c0d66e93e524c959f92f82156a97011,16,f
val_pr_auc_mood/theme---commercial,0.06778373281007521,1780394386423,0c0d66e93e524c959f92f82156a97011,16,f
val_pr_auc_mood/theme---corporate,0.13429871744864014,1780394386423,0c0d66e93e524c959f92f82156a97011,16,f
val_roc_auc_mood/theme---corporate,0.7905670880951066,1780394386423,0c0d66e93e524c959f92f82156a97011,16,f
val_pr_auc_mood/theme---dark,0.10102720893220449,1780394386423,0c0d66e93e524c959f92f82156a97011,16,f
val_roc_auc_mood/theme---dark,0.6791469521797162,1780394386423,0c0d66e93e524c959f92f82156a97011,16,f
val_pr_auc_mood/theme---deep,0.2129077194559444,1780394386423,0c0d66e93e524c959f92f82156a97011,16,f
val_roc_auc_mood/theme---deep,0.8031695376528183,1780394386423,0c0d66e93e524c959f92f82156a97011,16,f
val_roc_auc_mood/theme---commercial,0.7390292451385698,1780394386423,0c0d66e93e524c959f92f82156a97011,16,f
val_pr_auc_mood/theme---documentary,0.0504000544940741,1780394386423,0c0d66e93e524c959f92f82156a97011,16,f
val_roc_auc_mood/theme---adventure,0.5852577873254565,1780394386423,0c0d66e93e524c959f92f82156a97011,16,f
val_pr_auc_mood/theme---action,0.102841983734653,1780394386423,0c0d66e93e524c959f92f82156a97011,16,f
val_pr_auc_mood/theme---advertising,0.1537427606320322,1780394386423,0c0d66e93e524c959f92f82156a97011,16,f
val_roc_auc_mood/theme---advertising,0.748625031407912,1780394386423,0c0d66e93e524c959f92f82156a97011,16,f
val_pr_auc_mood/theme---background,0.01802651675404273,1780394386423,0c0d66e93e524c959f92f82156a97011,16,f
val_roc_auc_mood/theme---background,0.6555868700265252,1780394386423,0c0d66e93e524c959f92f82156a97011,16,f
val_pr_auc_mood/theme---ballad,0.0766829690526431,1780394386423,0c0d66e93e524c959f92f82156a97011,16,f
val_roc_auc_mood/theme---ballad,0.7973355069260241,1780394386423,0c0d66e93e524c959f92f82156a97011,16,f
val_pr_auc_mood/theme---calm,0.058734171859300716,1780394386423,0c0d66e93e524c959f92f82156a97011,16,f
val_roc_auc_mood/theme---calm,0.6683108332986645,1780394386423,0c0d66e93e524c959f92f82156a97011,16,f
val_pr_auc_mood/theme---children,0.07345051604655949,1780394386423,0c0d66e93e524c959f92f82156a97011,16,f
val_roc_auc_mood/theme---children,0.7057659881764272,1780394386423,0c0d66e93e524c959f92f82156a97011,16,f
val_roc_auc_mood/theme---documentary,0.6862106837975147,1780394386423,0c0d66e93e524c959f92f82156a97011,16,f
val_pr_auc_mood/theme---drama,0.06153077030131844,1780394386423,0c0d66e93e524c959f92f82156a97011,16,f
val_roc_auc_mood/theme---drama,0.7117157567049808,1780394386423,0c0d66e93e524c959f92f82156a97011,16,f
val_pr_auc_mood/theme---dramatic,0.023857140006880023,1780394386423,0c0d66e93e524c959f92f82156a97011,16,f
val_roc_auc_mood/theme---dramatic,0.7099842325465218,1780394386423,0c0d66e93e524c959f92f82156a97011,16,f
val_pr_auc_mood/theme---dream,0.10505447865234177,1780394386423,0c0d66e93e524c959f92f82156a97011,16,f
val_roc_auc_mood/theme---dream,0.6655432598953188,1780394386423,0c0d66e93e524c959f92f82156a97011,16,f
val_pr_auc_mood/theme---emotional,0.13976599662556005,1780394386423,0c0d66e93e524c959f92f82156a97011,16,f
val_roc_auc_mood/theme---emotional,0.6420851069019771,1780394386423,0c0d66e93e524c959f92f82156a97011,16,f
val_pr_auc_mood/theme---energetic,0.19028166884834335,1780394386423,0c0d66e93e524c959f92f82156a97011,16,f
val_roc_auc_mood/theme---energetic,0.771588199288821,1780394386423,0c0d66e93e524c959f92f82156a97011,16,f
val_pr_auc_mood/theme---epic,0.42174182197217336,1780394386423,0c0d66e93e524c959f92f82156a97011,16,f
val_roc_auc_mood/theme---epic,0.8898977835251094,1780394386423,0c0d66e93e524c959f92f82156a97011,16,f
val_pr_auc_mood/theme---fast,0.0384301467074193,1780394386423,0c0d66e93e524c959f92f82156a97011,16,f
val_roc_auc_mood/theme---fast,0.8554942144719687,1780394386423,0c0d66e93e524c959f92f82156a97011,16,f
val_pr_auc_mood/theme---film,0.1461166857856636,1780394386423,0c0d66e93e524c959f92f82156a97011,16,f
val_roc_auc_mood/theme---film,0.7076197661259901,1780394386423,0c0d66e93e524c959f92f82156a97011,16,f
val_pr_auc_mood/theme---fun,0.09270060539792359,1780394386423,0c0d66e93e524c959f92f82156a97011,16,f
val_roc_auc_mood/theme---fun,0.6888440174259066,1780394386423,0c0d66e93e524c959f92f82156a97011,16,f
val_pr_auc_mood/theme---funny,0.016477655405851024,1780394386423,0c0d66e93e524c959f92f82156a97011,16,f
val_roc_auc_mood/theme---funny,0.7819874132793354,1780394386423,0c0d66e93e524c959f92f82156a97011,16,f
val_pr_auc_mood/theme---game,0.03139225001338503,1780394386423,0c0d66e93e524c959f92f82156a97011,16,f
val_roc_auc_mood/theme---game,0.6957810462842242,1780394386423,0c0d66e93e524c959f92f82156a97011,16,f
val_pr_auc_mood/theme---groovy,0.05522666276508483,1780394386423,0c0d66e93e524c959f92f82156a97011,16,f
val_roc_auc_mood/theme---groovy,0.7996208386498085,1780394386423,0c0d66e93e524c959f92f82156a97011,16,f
val_pr_auc_mood/theme---happy,0.2622206349595846,1780394386423,0c0d66e93e524c959f92f82156a97011,16,f
val_roc_auc_mood/theme---happy,0.7410269166317552,1780394386423,0c0d66e93e524c959f92f82156a97011,16,f
val_pr_auc_mood/theme---heavy,0.11528268517901366,1780394386423,0c0d66e93e524c959f92f82156a97011,16,f
val_roc_auc_mood/theme---heavy,0.9098788361192182,1780394386423,0c0d66e93e524c959f92f82156a97011,16,f
val_pr_auc_mood/theme---holiday,0.01561305104451302,1780394386423,0c0d66e93e524c959f92f82156a97011,16,f
stdev_train_loss,0.004409932241233897,1780394188828,0c0d66e93e524c959f92f82156a97011,16,f
val_roc_auc_mood/theme---cool,0.6939474834519795,1780394386423,0c0d66e93e524c959f92f82156a97011,16,f
val_pr_auc_mood/theme---cool,0.01783964670167922,1780394386423,0c0d66e93e524c959f92f82156a97011,16,f
train_loss,0.043383299267079345,1780394189291,0c0d66e93e524c959f92f82156a97011,16,f
val_macro_roc_auc,0.7302754490238436,1780394386423,0c0d66e93e524c959f92f82156a97011,16,f
val_macro_pr_auc,0.0912804383477014,1780394386423,0c0d66e93e524c959f92f82156a97011,16,f
val_roc_auc_mood/theme---uplifting,0.6524028934100877,1780394386423,0c0d66e93e524c959f92f82156a97011,16,f
val_pr_auc_mood/theme---uplifting,0.07101532686869903,1780394386423,0c0d66e93e524c959f92f82156a97011,16,f
val_roc_auc_mood/theme---upbeat,0.6311442077450251,1780394386423,0c0d66e93e524c959f92f82156a97011,16,f
val_pr_auc_mood/theme---upbeat,0.05297651956730129,1780394386423,0c0d66e93e524c959f92f82156a97011,16,f
val_roc_auc_mood/theme---travel,0.6175902815162836,1780394386423,0c0d66e93e524c959f92f82156a97011,16,f
val_pr_auc_mood/theme---travel,0.019371199228956776,1780394386423,0c0d66e93e524c959f92f82156a97011,16,f
val_roc_auc_mood/theme---trailer,0.9067104314441998,1780394386423,0c0d66e93e524c959f92f82156a97011,16,f
val_pr_auc_mood/theme---trailer,0.16222384319187577,1780394386423,0c0d66e93e524c959f92f82156a97011,16,f
val_roc_auc_mood/theme---summer,0.7886325477271315,1780394386423,0c0d66e93e524c959f92f82156a97011,16,f
val_pr_auc_mood/theme---summer,0.190796155418608,1780394386423,0c0d66e93e524c959f92f82156a97011,16,f
val_roc_auc_mood/theme---sport,0.871245595391241,1780394386423,0c0d66e93e524c959f92f82156a97011,16,f
val_pr_auc_mood/theme---sport,0.0527446494324938,1780394386423,0c0d66e93e524c959f92f82156a97011,16,f
val_roc_auc_mood/theme---space,0.7706827623595034,1780394386423,0c0d66e93e524c959f92f82156a97011,16,f
val_pr_auc_mood/theme---space,0.059547432107245515,1780394386423,0c0d66e93e524c959f92f82156a97011,16,f
val_roc_auc_mood/theme---soundscape,0.7525225703664365,1780394386423,0c0d66e93e524c959f92f82156a97011,16,f
val_pr_auc_mood/theme---soundscape,0.02645025956533532,1780394386423,0c0d66e93e524c959f92f82156a97011,16,f
val_roc_auc_mood/theme---soft,0.698795590636908,1780394386423,0c0d66e93e524c959f92f82156a97011,16,f
val_pr_auc_mood/theme---soft,0.05990256650069712,1780394386423,0c0d66e93e524c959f92f82156a97011,16,f
val_roc_auc_mood/theme---slow,0.7259042662949113,1780394386423,0c0d66e93e524c959f92f82156a97011,16,f
val_pr_auc_mood/theme---slow,0.02964814234272938,1780394386423,0c0d66e93e524c959f92f82156a97011,16,f
val_roc_auc_mood/theme---sexy,0.7389684505222354,1780394386423,0c0d66e93e524c959f92f82156a97011,16,f
val_pr_auc_mood/theme---sexy,0.036311030584795144,1780394386423,0c0d66e93e524c959f92f82156a97011,16,f
val_roc_auc_mood/theme---sad,0.731766194850033,1780394386423,0c0d66e93e524c959f92f82156a97011,16,f
val_pr_auc_mood/theme---sad,0.09088725139696995,1780394386423,0c0d66e93e524c959f92f82156a97011,16,f
val_roc_auc_mood/theme---romantic,0.7382588932442629,1780394386423,0c0d66e93e524c959f92f82156a97011,16,f
val_pr_auc_mood/theme---romantic,0.0963784137215625,1780394386423,0c0d66e93e524c959f92f82156a97011,16,f
val_roc_auc_mood/theme---retro,0.5270588387883347,1780394386423,0c0d66e93e524c959f92f82156a97011,16,f
val_pr_auc_mood/theme---retro,0.011221079632359781,1780394386423,0c0d66e93e524c959f92f82156a97011,16,f
val_roc_auc_mood/theme---relaxing,0.7461747401171005,1780394386423,0c0d66e93e524c959f92f82156a97011,16,f
val_pr_auc_mood/theme---relaxing,0.17169694078295566,1780394386423,0c0d66e93e524c959f92f82156a97011,16,f
val_roc_auc_mood/theme---powerful,0.6726124033203955,1780394386423,0c0d66e93e524c959f92f82156a97011,16,f
val_pr_auc_mood/theme---powerful,0.02116298541823412,1780394386423,0c0d66e93e524c959f92f82156a97011,16,f
val_roc_auc_mood/theme---positive,0.7122249531835205,1780394386423,0c0d66e93e524c959f92f82156a97011,16,f
val_pr_auc_mood/theme---positive,0.04268880671230746,1780394386423,0c0d66e93e524c959f92f82156a97011,16,f
val_roc_auc_mood/theme---party,0.8339000742846896,1780394386423,0c0d66e93e524c959f92f82156a97011,16,f
val_pr_auc_mood/theme---party,0.11777484114784453,1780394386423,0c0d66e93e524c959f92f82156a97011,16,f
val_roc_auc_mood/theme---nature,0.7163582470513166,1780394386423,0c0d66e93e524c959f92f82156a97011,16,f
val_pr_auc_mood/theme---nature,0.029940988802421475,1780394386423,0c0d66e93e524c959f92f82156a97011,16,f
val_roc_auc_mood/theme---movie,0.8055688161647759,1780394386423,0c0d66e93e524c959f92f82156a97011,16,f
val_pr_auc_mood/theme---movie,0.12276952801776372,1780394386423,0c0d66e93e524c959f92f82156a97011,16,f
val_roc_auc_mood/theme---motivational,0.8213612378141489,1780394386423,0c0d66e93e524c959f92f82156a97011,16,f
val_pr_auc_mood/theme---motivational,0.17012376428790385,1780394386423,0c0d66e93e524c959f92f82156a97011,16,f
val_roc_auc_mood/theme---melodic,0.6049210579625738,1780394386423,0c0d66e93e524c959f92f82156a97011,16,f
val_pr_auc_mood/theme---meditative,0.14328342054923088,1780395359823,0c0d66e93e524c959f92f82156a97011,17,f
val_pr_auc_mood/theme---melancholic,0.06439183549680995,1780395359823,0c0d66e93e524c959f92f82156a97011,17,f
val_roc_auc_mood/theme---melancholic,0.6974696180873369,1780395359823,0c0d66e93e524c959f92f82156a97011,17,f
val_pr_auc_mood/theme---melodic,0.1325350594008574,1780395359823,0c0d66e93e524c959f92f82156a97011,17,f
val_roc_auc_mood/theme---melodic,0.6205800847028436,1780395359823,0c0d66e93e524c959f92f82156a97011,17,f
val_pr_auc_mood/theme---motivational,0.16445303828134872,1780395359823,0c0d66e93e524c959f92f82156a97011,17,f
val_roc_auc_mood/theme---motivational,0.8228709417762277,1780395359823,0c0d66e93e524c959f92f82156a97011,17,f
val_pr_auc_mood/theme---movie,0.11614496960861617,1780395359823,0c0d66e93e524c959f92f82156a97011,17,f
val_roc_auc_mood/theme---movie,0.7954670306603943,1780395359823,0c0d66e93e524c959f92f82156a97011,17,f
val_pr_auc_mood/theme---nature,0.02873488063352904,1780395359823,0c0d66e93e524c959f92f82156a97011,17,f
val_roc_auc_mood/theme---nature,0.6960704802288962,1780395359823,0c0d66e93e524c959f92f82156a97011,17,f
val_pr_auc_mood/theme---party,0.10063024542282045,1780395359823,0c0d66e93e524c959f92f82156a97011,17,f
val_roc_auc_mood/theme---party,0.7966968928507391,1780395359823,0c0d66e93e524c959f92f82156a97011,17,f
val_pr_auc_mood/theme---positive,0.043530355430948874,1780395359823,0c0d66e93e524c959f92f82156a97011,17,f
val_roc_auc_mood/theme---positive,0.6920562466559658,1780395359823,0c0d66e93e524c959f92f82156a97011,17,f
val_pr_auc_mood/theme---powerful,0.022714605314834765,1780395359823,0c0d66e93e524c959f92f82156a97011,17,f
val_roc_auc_mood/theme---powerful,0.6724934130379352,1780395359823,0c0d66e93e524c959f92f82156a97011,17,f
val_pr_auc_mood/theme---relaxing,0.1683125457116281,1780395359823,0c0d66e93e524c959f92f82156a97011,17,f
val_roc_auc_mood/theme---relaxing,0.7361417903134927,1780395359823,0c0d66e93e524c959f92f82156a97011,17,f
val_pr_auc_mood/theme---retro,0.011102084983343027,1780395359823,0c0d66e93e524c959f92f82156a97011,17,f
val_roc_auc_mood/theme---retro,0.5212741811012899,1780395359823,0c0d66e93e524c959f92f82156a97011,17,f
val_pr_auc_mood/theme---romantic,0.098150273551395,1780395359823,0c0d66e93e524c959f92f82156a97011,17,f
val_roc_auc_mood/theme---romantic,0.7510581718471079,1780395359823,0c0d66e93e524c959f92f82156a97011,17,f
val_pr_auc_mood/theme---sad,0.07749550510700975,1780395359823,0c0d66e93e524c959f92f82156a97011,17,f
val_roc_auc_mood/theme---sad,0.7015029267520961,1780395359823,0c0d66e93e524c959f92f82156a97011,17,f
val_pr_auc_mood/theme---sexy,0.046139327434600794,1780395359823,0c0d66e93e524c959f92f82156a97011,17,f
val_roc_auc_mood/theme---sexy,0.7131474103585658,1780395359823,0c0d66e93e524c959f92f82156a97011,17,f
val_pr_auc_mood/theme---slow,0.027921960449736587,1780395359823,0c0d66e93e524c959f92f82156a97011,17,f
val_roc_auc_mood/theme---slow,0.7017921760268148,1780395359823,0c0d66e93e524c959f92f82156a97011,17,f
val_pr_auc_mood/theme---soft,0.05316400564377212,1780395359823,0c0d66e93e524c959f92f82156a97011,17,f
val_roc_auc_mood/theme---soft,0.6873894256940665,1780395359823,0c0d66e93e524c959f92f82156a97011,17,f
val_pr_auc_mood/theme---soundscape,0.0334883417332868,1780395359823,0c0d66e93e524c959f92f82156a97011,17,f
avg_train_loss,0.04313339442228206,1780395154720,0c0d66e93e524c959f92f82156a97011,17,f
stdev_train_loss,0.0043680870881869826,1780395155204,0c0d66e93e524c959f92f82156a97011,17,f
val_loss_avg,0.056663677589187535,1780395359823,0c0d66e93e524c959f92f82156a97011,17,f
val_loss_std,0.030921830215765046,1780395359823,0c0d66e93e524c959f92f82156a97011,17,f
val_pr_auc_mood/theme---action,0.10534556725238875,1780395359823,0c0d66e93e524c959f92f82156a97011,17,f
val_roc_auc_mood/theme---action,0.7345464250188029,1780395359823,0c0d66e93e524c959f92f82156a97011,17,f
val_pr_auc_mood/theme---adventure,0.030522411317284694,1780395359823,0c0d66e93e524c959f92f82156a97011,17,f
train_loss,0.04313339442228206,1780395155631,0c0d66e93e524c959f92f82156a97011,17,f
val_macro_roc_auc,0.7202771222999484,1780395359823,0c0d66e93e524c959f92f82156a97011,17,f
val_macro_pr_auc,0.09717511118603715,1780395359823,0c0d66e93e524c959f92f82156a97011,17,f
val_roc_auc_mood/theme---uplifting,0.6374232309484108,1780395359823,0c0d66e93e524c959f92f82156a97011,17,f
val_pr_auc_mood/theme---uplifting,0.06004236346584958,1780395359823,0c0d66e93e524c959f92f82156a97011,17,f
val_roc_auc_mood/theme---upbeat,0.6328100487160433,1780395359823,0c0d66e93e524c959f92f82156a97011,17,f
val_pr_auc_mood/theme---upbeat,0.047810387925051163,1780395359823,0c0d66e93e524c959f92f82156a97011,17,f
val_roc_auc_mood/theme---travel,0.6013746825668717,1780395359823,0c0d66e93e524c959f92f82156a97011,17,f
val_pr_auc_mood/theme---travel,0.018904606134569908,1780395359823,0c0d66e93e524c959f92f82156a97011,17,f
val_roc_auc_mood/theme---trailer,0.9066689064971444,1780395359823,0c0d66e93e524c959f92f82156a97011,17,f
val_pr_auc_mood/theme---trailer,0.17992906690698363,1780395359823,0c0d66e93e524c959f92f82156a97011,17,f
val_roc_auc_mood/theme---summer,0.8344926429000803,1780395359823,0c0d66e93e524c959f92f82156a97011,17,f
val_pr_auc_mood/theme---summer,0.24819609377923374,1780395359823,0c0d66e93e524c959f92f82156a97011,17,f
val_roc_auc_mood/theme---sport,0.850641814419151,1780395359823,0c0d66e93e524c959f92f82156a97011,17,f
val_pr_auc_mood/theme---sport,0.0839454999732021,1780395359823,0c0d66e93e524c959f92f82156a97011,17,f
val_roc_auc_mood/theme---space,0.7857666762336312,1780395359823,0c0d66e93e524c959f92f82156a97011,17,f
val_pr_auc_mood/theme---space,0.0709484059567959,1780395359823,0c0d66e93e524c959f92f82156a97011,17,f
val_roc_auc_mood/theme---soundscape,0.7389065911370744,1780395359823,0c0d66e93e524c959f92f82156a97011,17,f
val_roc_auc_mood/theme---adventure,0.6147511636233441,1780395359823,0c0d66e93e524c959f92f82156a97011,17,f
val_pr_auc_mood/theme---advertising,0.16275325984736458,1780395359823,0c0d66e93e524c959f92f82156a97011,17,f
val_roc_auc_mood/theme---advertising,0.7314739849428143,1780395359823,0c0d66e93e524c959f92f82156a97011,17,f
val_pr_auc_mood/theme---background,0.012634546101855354,1780395359823,0c0d66e93e524c959f92f82156a97011,17,f
val_roc_auc_mood/theme---background,0.5653597480106101,1780395359823,0c0d66e93e524c959f92f82156a97011,17,f
val_pr_auc_mood/theme---ballad,0.052386596380951535,1780395359823,0c0d66e93e524c959f92f82156a97011,17,f
val_roc_auc_mood/theme---ballad,0.7521321470674919,1780395359823,0c0d66e93e524c959f92f82156a97011,17,f
val_pr_auc_mood/theme---calm,0.11971353234299237,1780395359823,0c0d66e93e524c959f92f82156a97011,17,f
val_roc_auc_mood/theme---calm,0.6859529059366809,1780395359823,0c0d66e93e524c959f92f82156a97011,17,f
val_pr_auc_mood/theme---children,0.08922393672383798,1780395359823,0c0d66e93e524c959f92f82156a97011,17,f
val_roc_auc_mood/theme---children,0.7534390351307506,1780395359823,0c0d66e93e524c959f92f82156a97011,17,f
val_pr_auc_mood/theme---christmas,0.09266677710171395,1780395359823,0c0d66e93e524c959f92f82156a97011,17,f
val_roc_auc_mood/theme---christmas,0.7935636817074585,1780395359823,0c0d66e93e524c959f92f82156a97011,17,f
val_pr_auc_mood/theme---commercial,0.0750017108992829,1780395359823,0c0d66e93e524c959f92f82156a97011,17,f
val_roc_auc_mood/theme---commercial,0.7069438064614914,1780395359823,0c0d66e93e524c959f92f82156a97011,17,f
val_pr_auc_mood/theme---cool,0.01686637646806919,1780395359823,0c0d66e93e524c959f92f82156a97011,17,f
val_roc_auc_mood/theme---cool,0.6594620332209318,1780395359823,0c0d66e93e524c959f92f82156a97011,17,f
val_pr_auc_mood/theme---corporate,0.1794529894337248,1780395359823,0c0d66e93e524c959f92f82156a97011,17,f
val_roc_auc_mood/theme---corporate,0.8155284418189515,1780395359823,0c0d66e93e524c959f92f82156a97011,17,f
val_pr_auc_mood/theme---dark,0.10940404830738212,1780395359823,0c0d66e93e524c959f92f82156a97011,17,f
val_roc_auc_mood/theme---dark,0.6713084358001747,1780395359823,0c0d66e93e524c959f92f82156a97011,17,f
val_pr_auc_mood/theme---deep,0.21101889825747244,1780395359823,0c0d66e93e524c959f92f82156a97011,17,f
val_roc_auc_mood/theme---deep,0.8047069420018091,1780395359823,0c0d66e93e524c959f92f82156a97011,17,f
val_pr_auc_mood/theme---documentary,0.03970246016797503,1780395359823,0c0d66e93e524c959f92f82156a97011,17,f
val_roc_auc_mood/theme---documentary,0.6029408839888889,1780395359823,0c0d66e93e524c959f92f82156a97011,17,f
val_pr_auc_mood/theme---drama,0.062425981514156105,1780395359823,0c0d66e93e524c959f92f82156a97011,17,f
val_roc_auc_mood/theme---drama,0.6922144396551724,1780395359823,0c0d66e93e524c959f92f82156a97011,17,f
val_pr_auc_mood/theme---dramatic,0.020776015650204024,1780395359823,0c0d66e93e524c959f92f82156a97011,17,f
val_roc_auc_mood/theme---dramatic,0.6642078806044711,1780395359823,0c0d66e93e524c959f92f82156a97011,17,f
val_pr_auc_mood/theme---dream,0.13291532349827365,1780395359823,0c0d66e93e524c959f92f82156a97011,17,f
val_roc_auc_mood/theme---dream,0.6672713712684686,1780395359823,0c0d66e93e524c959f92f82156a97011,17,f
val_pr_auc_mood/theme---emotional,0.12889826644289976,1780395359823,0c0d66e93e524c959f92f82156a97011,17,f
val_roc_auc_mood/theme---emotional,0.6304008976594992,1780395359823,0c0d66e93e524c959f92f82156a97011,17,f
val_pr_auc_mood/theme---energetic,0.19780010080120328,1780395359823,0c0d66e93e524c959f92f82156a97011,17,f
val_roc_auc_mood/theme---energetic,0.7538231576871415,1780395359823,0c0d66e93e524c959f92f82156a97011,17,f
val_pr_auc_mood/theme---epic,0.4347128568451198,1780395359823,0c0d66e93e524c959f92f82156a97011,17,f
val_roc_auc_mood/theme---epic,0.9022444794043275,1780395359823,0c0d66e93e524c959f92f82156a97011,17,f
val_pr_auc_mood/theme---fast,0.04376154850587704,1780395359823,0c0d66e93e524c959f92f82156a97011,17,f
val_roc_auc_mood/theme---fast,0.8682366362451108,1780395359823,0c0d66e93e524c959f92f82156a97011,17,f
val_pr_auc_mood/theme---film,0.1577530547933178,1780395359823,0c0d66e93e524c959f92f82156a97011,17,f
val_roc_auc_mood/theme---film,0.7145856909342386,1780395359823,0c0d66e93e524c959f92f82156a97011,17,f
val_pr_auc_mood/theme---fun,0.09806203122865073,1780395359823,0c0d66e93e524c959f92f82156a97011,17,f
val_roc_auc_mood/theme---fun,0.6930096670882611,1780395359823,0c0d66e93e524c959f92f82156a97011,17,f
val_pr_auc_mood/theme---funny,0.0137841842460548,1780395359823,0c0d66e93e524c959f92f82156a97011,17,f
val_roc_auc_mood/theme---funny,0.7262560833899007,1780395359823,0c0d66e93e524c959f92f82156a97011,17,f
val_pr_auc_mood/theme---game,0.030197622985538134,1780395359823,0c0d66e93e524c959f92f82156a97011,17,f
val_roc_auc_mood/theme---game,0.6241851368970014,1780395359823,0c0d66e93e524c959f92f82156a97011,17,f
val_pr_auc_mood/theme---groovy,0.06666507451445958,1780395359823,0c0d66e93e524c959f92f82156a97011,17,f
val_roc_auc_mood/theme---groovy,0.8037133163206125,1780395359823,0c0d66e93e524c959f92f82156a97011,17,f
val_pr_auc_mood/theme---happy,0.2855322818048678,1780395359823,0c0d66e93e524c959f92f82156a97011,17,f
val_roc_auc_mood/theme---happy,0.7613318421210126,1780395359823,0c0d66e93e524c959f92f82156a97011,17,f
val_pr_auc_mood/theme---heavy,0.18915995706821773,1780395359823,0c0d66e93e524c959f92f82156a97011,17,f
val_roc_auc_mood/theme---heavy,0.9220193444125522,1780395359823,0c0d66e93e524c959f92f82156a97011,17,f
val_pr_auc_mood/theme---holiday,0.01462957247253674,1780395359823,0c0d66e93e524c959f92f82156a97011,17,f
val_roc_auc_mood/theme---holiday,0.5800864651674313,1780395359823,0c0d66e93e524c959f92f82156a97011,17,f
val_pr_auc_mood/theme---hopeful,0.026885531312459313,1780395359823,0c0d66e93e524c959f92f82156a97011,17,f
val_roc_auc_mood/theme---hopeful,0.7241547176491415,1780395359823,0c0d66e93e524c959f92f82156a97011,17,f
val_pr_auc_mood/theme---inspiring,0.0872196506719267,1780395359823,0c0d66e93e524c959f92f82156a97011,17,f
val_roc_auc_mood/theme---inspiring,0.649881863547383,1780395359823,0c0d66e93e524c959f92f82156a97011,17,f
val_pr_auc_mood/theme---love,0.11196518256456753,1780395359823,0c0d66e93e524c959f92f82156a97011,17,f
val_roc_auc_mood/theme---love,0.6825997267041573,1780395359823,0c0d66e93e524c959f92f82156a97011,17,f
val_roc_auc_mood/theme---meditative,0.7890911137988506,1780395359823,0c0d66e93e524c959f92f82156a97011,17,f
val_pr_auc_mood/theme---meditative,0.14171833126104305,1780396358330,0c0d66e93e524c959f92f82156a97011,18,f
val_roc_auc_mood/theme---meditative,0.7815936854423653,1780396358330,0c0d66e93e524c959f92f82156a97011,18,f
val_pr_auc_mood/theme---melancholic,0.07247179749493829,1780396358330,0c0d66e93e524c959f92f82156a97011,18,f
val_roc_auc_mood/theme---melancholic,0.7157134105115681,1780396358330,0c0d66e93e524c959f92f82156a97011,18,f
val_pr_auc_mood/theme---melodic,0.12123872146319686,1780396358330,0c0d66e93e524c959f92f82156a97011,18,f
val_roc_auc_mood/theme---melodic,0.5710553512192651,1780396358330,0c0d66e93e524c959f92f82156a97011,18,f
val_pr_auc_mood/theme---motivational,0.1374327142389885,1780396358330,0c0d66e93e524c959f92f82156a97011,18,f
val_roc_auc_mood/theme---motivational,0.8082282443430819,1780396358330,0c0d66e93e524c959f92f82156a97011,18,f
val_pr_auc_mood/theme---movie,0.11945574313908477,1780396358330,0c0d66e93e524c959f92f82156a97011,18,f
val_roc_auc_mood/theme---movie,0.8123721084208734,1780396358330,0c0d66e93e524c959f92f82156a97011,18,f
val_pr_auc_mood/theme---nature,0.026437487115701597,1780396358330,0c0d66e93e524c959f92f82156a97011,18,f
val_roc_auc_mood/theme---nature,0.6794508141042795,1780396358330,0c0d66e93e524c959f92f82156a97011,18,f
val_pr_auc_mood/theme---party,0.1127420517474293,1780396358330,0c0d66e93e524c959f92f82156a97011,18,f
val_roc_auc_mood/theme---party,0.8185020108097031,1780396358330,0c0d66e93e524c959f92f82156a97011,18,f
val_pr_auc_mood/theme---positive,0.053788864185629115,1780396358330,0c0d66e93e524c959f92f82156a97011,18,f
val_roc_auc_mood/theme---positive,0.7145406968967363,1780396358330,0c0d66e93e524c959f92f82156a97011,18,f
val_pr_auc_mood/theme---powerful,0.021274384321571995,1780396358330,0c0d66e93e524c959f92f82156a97011,18,f
val_roc_auc_mood/theme---powerful,0.6591268379748987,1780396358330,0c0d66e93e524c959f92f82156a97011,18,f
val_pr_auc_mood/theme---relaxing,0.18540095333309384,1780396358330,0c0d66e93e524c959f92f82156a97011,18,f
val_roc_auc_mood/theme---relaxing,0.7416538392441554,1780396358330,0c0d66e93e524c959f92f82156a97011,18,f
val_pr_auc_mood/theme---retro,0.010911798088766888,1780396358330,0c0d66e93e524c959f92f82156a97011,18,f
val_roc_auc_mood/theme---retro,0.5213973969040409,1780396358330,0c0d66e93e524c959f92f82156a97011,18,f
val_pr_auc_mood/theme---romantic,0.08147480438785393,1780396358330,0c0d66e93e524c959f92f82156a97011,18,f
val_roc_auc_mood/theme---romantic,0.7302880987872431,1780396358330,0c0d66e93e524c959f92f82156a97011,18,f
val_pr_auc_mood/theme---sad,0.08438956508813722,1780396358330,0c0d66e93e524c959f92f82156a97011,18,f
val_roc_auc_mood/theme---sad,0.7219259796942034,1780396358330,0c0d66e93e524c959f92f82156a97011,18,f
val_pr_auc_mood/theme---sexy,0.024386898926414605,1780396358330,0c0d66e93e524c959f92f82156a97011,18,f
val_roc_auc_mood/theme---sexy,0.7430314776928323,1780396358330,0c0d66e93e524c959f92f82156a97011,18,f
val_pr_auc_mood/theme---slow,0.030255835086098786,1780396358330,0c0d66e93e524c959f92f82156a97011,18,f
val_roc_auc_mood/theme---slow,0.7374897456931913,1780396358330,0c0d66e93e524c959f92f82156a97011,18,f
val_pr_auc_mood/theme---soft,0.05714048237826217,1780396358330,0c0d66e93e524c959f92f82156a97011,18,f
val_roc_auc_mood/theme---soft,0.6933944610778443,1780396358330,0c0d66e93e524c959f92f82156a97011,18,f
val_pr_auc_mood/theme---soundscape,0.030385271906196675,1780396358330,0c0d66e93e524c959f92f82156a97011,18,f
val_roc_auc_mood/theme---soundscape,0.7768926653685018,1780396358330,0c0d66e93e524c959f92f82156a97011,18,f
val_pr_auc_mood/theme---space,0.06379010502598294,1780396358330,0c0d66e93e524c959f92f82156a97011,18,f
val_roc_auc_mood/theme---space,0.7776666463731059,1780396358330,0c0d66e93e524c959f92f82156a97011,18,f
val_pr_auc_mood/theme---sport,0.0495750033542167,1780396358330,0c0d66e93e524c959f92f82156a97011,18,f
val_roc_auc_mood/theme---sport,0.8647225795626154,1780396358330,0c0d66e93e524c959f92f82156a97011,18,f
val_pr_auc_mood/theme---summer,0.24453034246519217,1780396358330,0c0d66e93e524c959f92f82156a97011,18,f
val_roc_auc_mood/theme---summer,0.8231453267831603,1780396358330,0c0d66e93e524c959f92f82156a97011,18,f
avg_train_loss,0.04300709271552584,1780396156160,0c0d66e93e524c959f92f82156a97011,18,f
train_loss,0.04300709271552584,1780396157675,0c0d66e93e524c959f92f82156a97011,18,f
val_roc_auc_mood/theme---heavy,0.9078527380464234,1780396358330,0c0d66e93e524c959f92f82156a97011,18,f
val_pr_auc_mood/theme---heavy,0.1142016663299905,1780396358330,0c0d66e93e524c959f92f82156a97011,18,f
val_roc_auc_mood/theme---happy,0.7492728469686996,1780396358330,0c0d66e93e524c959f92f82156a97011,18,f
val_pr_auc_mood/theme---happy,0.2680854194849259,1780396358330,0c0d66e93e524c959f92f82156a97011,18,f
val_roc_auc_mood/theme---groovy,0.8281231875652476,1780396358330,0c0d66e93e524c959f92f82156a97011,18,f
val_pr_auc_mood/theme---groovy,0.07963540871064902,1780396358330,0c0d66e93e524c959f92f82156a97011,18,f
val_roc_auc_mood/theme---game,0.5424238102998695,1780396358330,0c0d66e93e524c959f92f82156a97011,18,f
val_pr_auc_mood/theme---game,0.0145270190235884,1780396358330,0c0d66e93e524c959f92f82156a97011,18,f
val_roc_auc_mood/theme---funny,0.8018569439810393,1780396358330,0c0d66e93e524c959f92f82156a97011,18,f
val_pr_auc_mood/theme---funny,0.018256945175641155,1780396358330,0c0d66e93e524c959f92f82156a97011,18,f
val_roc_auc_mood/theme---fun,0.6761562414479183,1780396358330,0c0d66e93e524c959f92f82156a97011,18,f
val_pr_auc_mood/theme---fun,0.08995554836115333,1780396358330,0c0d66e93e524c959f92f82156a97011,18,f
val_roc_auc_mood/theme---film,0.6903195982278237,1780396358330,0c0d66e93e524c959f92f82156a97011,18,f
val_pr_auc_mood/theme---film,0.13239230344432054,1780396358330,0c0d66e93e524c959f92f82156a97011,18,f
val_roc_auc_mood/theme---fast,0.8792169165580183,1780396358330,0c0d66e93e524c959f92f82156a97011,18,f
val_pr_auc_mood/theme---fast,0.06406380406099543,1780396358330,0c0d66e93e524c959f92f82156a97011,18,f
val_roc_auc_mood/theme---epic,0.9035886960604238,1780396358330,0c0d66e93e524c959f92f82156a97011,18,f
val_pr_auc_mood/theme---epic,0.4176715003486086,1780396358330,0c0d66e93e524c959f92f82156a97011,18,f
val_roc_auc_mood/theme---energetic,0.7749330488938486,1780396358330,0c0d66e93e524c959f92f82156a97011,18,f
val_pr_auc_mood/theme---energetic,0.20553750094433287,1780396358330,0c0d66e93e524c959f92f82156a97011,18,f
val_roc_auc_mood/theme---emotional,0.6403328820642916,1780396358330,0c0d66e93e524c959f92f82156a97011,18,f
val_pr_auc_mood/theme---emotional,0.13684342797563565,1780396358330,0c0d66e93e524c959f92f82156a97011,18,f
val_roc_auc_mood/theme---dream,0.6502791719578318,1780396358330,0c0d66e93e524c959f92f82156a97011,18,f
val_pr_auc_mood/theme---dream,0.10933640038030756,1780396358330,0c0d66e93e524c959f92f82156a97011,18,f
val_roc_auc_mood/theme---dramatic,0.6160859248157862,1780396358330,0c0d66e93e524c959f92f82156a97011,18,f
val_pr_auc_mood/theme---dramatic,0.026462689953937586,1780396358330,0c0d66e93e524c959f92f82156a97011,18,f
val_roc_auc_mood/theme---drama,0.7200640565134099,1780396358330,0c0d66e93e524c959f92f82156a97011,18,f
val_pr_auc_mood/theme---drama,0.0648431846436332,1780396358330,0c0d66e93e524c959f92f82156a97011,18,f
val_roc_auc_mood/theme---documentary,0.6524196881001155,1780396358330,0c0d66e93e524c959f92f82156a97011,18,f
val_pr_auc_mood/theme---documentary,0.044847161815335726,1780396358330,0c0d66e93e524c959f92f82156a97011,18,f
val_roc_auc_mood/theme---deep,0.8081078667738191,1780396358330,0c0d66e93e524c959f92f82156a97011,18,f
val_pr_auc_mood/theme---deep,0.19684607611468793,1780396358330,0c0d66e93e524c959f92f82156a97011,18,f
val_roc_auc_mood/theme---dark,0.6556980777087189,1780396358330,0c0d66e93e524c959f92f82156a97011,18,f
val_pr_auc_mood/theme---dark,0.11998939711969489,1780396358330,0c0d66e93e524c959f92f82156a97011,18,f
val_roc_auc_mood/theme---corporate,0.8208492059110399,1780396358330,0c0d66e93e524c959f92f82156a97011,18,f
val_pr_auc_mood/theme---corporate,0.1424264719870141,1780396358330,0c0d66e93e524c959f92f82156a97011,18,f
val_roc_auc_mood/theme---cool,0.709551017859373,1780396358330,0c0d66e93e524c959f92f82156a97011,18,f
val_pr_auc_mood/theme---cool,0.01782163366760142,1780396358330,0c0d66e93e524c959f92f82156a97011,18,f
val_roc_auc_mood/theme---commercial,0.7463596692696373,1780396358330,0c0d66e93e524c959f92f82156a97011,18,f
val_pr_auc_mood/theme---commercial,0.10185487874325495,1780396358330,0c0d66e93e524c959f92f82156a97011,18,f
val_roc_auc_mood/theme---christmas,0.8011795325368287,1780396358330,0c0d66e93e524c959f92f82156a97011,18,f
val_pr_auc_mood/theme---christmas,0.09752549921060107,1780396358330,0c0d66e93e524c959f92f82156a97011,18,f
val_roc_auc_mood/theme---children,0.7114518900147624,1780396358330,0c0d66e93e524c959f92f82156a97011,18,f
val_pr_auc_mood/theme---children,0.07306450564085293,1780396358330,0c0d66e93e524c959f92f82156a97011,18,f
val_roc_auc_mood/theme---calm,0.6568233348587594,1780396358330,0c0d66e93e524c959f92f82156a97011,18,f
val_pr_auc_mood/theme---calm,0.044422188699971436,1780396358330,0c0d66e93e524c959f92f82156a97011,18,f
val_roc_auc_mood/theme---ballad,0.8127118331859713,1780396358330,0c0d66e93e524c959f92f82156a97011,18,f
val_pr_auc_mood/theme---ballad,0.09269526752171822,1780396358330,0c0d66e93e524c959f92f82156a97011,18,f
val_roc_auc_mood/theme---background,0.5433521220159151,1780396358330,0c0d66e93e524c959f92f82156a97011,18,f
val_pr_auc_mood/theme---trailer,0.14685662292809812,1780396358330,0c0d66e93e524c959f92f82156a97011,18,f
val_roc_auc_mood/theme---trailer,0.8667219074295681,1780396358330,0c0d66e93e524c959f92f82156a97011,18,f
val_pr_auc_mood/theme---travel,0.026813485752285367,1780396358330,0c0d66e93e524c959f92f82156a97011,18,f
val_roc_auc_mood/theme---travel,0.6408913685378228,1780396358330,0c0d66e93e524c959f92f82156a97011,18,f
val_pr_auc_mood/theme---upbeat,0.04300161232845701,1780396358330,0c0d66e93e524c959f92f82156a97011,18,f
val_roc_auc_mood/theme---upbeat,0.586701139459995,1780396358330,0c0d66e93e524c959f92f82156a97011,18,f
val_pr_auc_mood/theme---uplifting,0.06753997664188138,1780396358330,0c0d66e93e524c959f92f82156a97011,18,f
val_roc_auc_mood/theme---uplifting,0.672432078906899,1780396358330,0c0d66e93e524c959f92f82156a97011,18,f
val_macro_pr_auc,0.09215782491492654,1780396358330,0c0d66e93e524c959f92f82156a97011,18,f
stdev_train_loss,0.004497133383738689,1780396157233,0c0d66e93e524c959f92f82156a97011,18,f
val_macro_roc_auc,0.7219085766472195,1780396358330,0c0d66e93e524c959f92f82156a97011,18,f
val_loss_avg,0.05567789913379895,1780396358330,0c0d66e93e524c959f92f82156a97011,18,f
val_loss_std,0.031357709462446516,1780396358330,0c0d66e93e524c959f92f82156a97011,18,f
val_pr_auc_mood/theme---action,0.10334510369139657,1780396358330,0c0d66e93e524c959f92f82156a97011,18,f
val_roc_auc_mood/theme---action,0.7136521338282746,1780396358330,0c0d66e93e524c959f92f82156a97011,18,f
val_pr_auc_mood/theme---adventure,0.029488663027066108,1780396358330,0c0d66e93e524c959f92f82156a97011,18,f
val_roc_auc_mood/theme---adventure,0.5884388168222754,1780396358330,0c0d66e93e524c959f92f82156a97011,18,f
val_pr_auc_mood/theme---advertising,0.15053963941489407,1780396358330,0c0d66e93e524c959f92f82156a97011,18,f
val_roc_auc_mood/theme---advertising,0.7586811468773556,1780396358330,0c0d66e93e524c959f92f82156a97011,18,f
val_pr_auc_mood/theme---background,0.012436784651805463,1780396358330,0c0d66e93e524c959f92f82156a97011,18,f
val_pr_auc_mood/theme---holiday,0.015777913569200372,1780396358330,0c0d66e93e524c959f92f82156a97011,18,f
val_roc_auc_mood/theme---holiday,0.5620577192915924,1780396358330,0c0d66e93e524c959f92f82156a97011,18,f
val_pr_auc_mood/theme---hopeful,0.021258648353994544,1780396358330,0c0d66e93e524c959f92f82156a97011,18,f
val_roc_auc_mood/theme---hopeful,0.7297973092582758,1780396358330,0c0d66e93e524c959f92f82156a97011,18,f
val_pr_auc_mood/theme---inspiring,0.08410440169474173,1780396358330,0c0d66e93e524c959f92f82156a97011,18,f
val_roc_auc_mood/theme---inspiring,0.6267519896665704,1780396358330,0c0d66e93e524c959f92f82156a97011,18,f
val_pr_auc_mood/theme---love,0.11756828881581305,1780396358330,0c0d66e93e524c959f92f82156a97011,18,f
val_roc_auc_mood/theme---love,0.6895530036264257,1780396358330,0c0d66e93e524c959f92f82156a97011,18,f
val_pr_auc_mood/theme---children,0.08437447092091863,1780397331852,0c0d66e93e524c959f92f82156a97011,19,f
avg_train_loss,0.0426890119211966,1780397156464,0c0d66e93e524c959f92f82156a97011,19,f
train_loss,0.0426890119211966,1780397158008,0c0d66e93e524c959f92f82156a97011,19,f
val_loss_avg,0.0580113842032639,1780397331852,0c0d66e93e524c959f92f82156a97011,19,f
val_loss_std,0.03279858961453367,1780397331852,0c0d66e93e524c959f92f82156a97011,19,f
val_pr_auc_mood/theme---action,0.08774149625938422,1780397331852,0c0d66e93e524c959f92f82156a97011,19,f
val_roc_auc_mood/theme---action,0.6973530339423053,1780397331852,0c0d66e93e524c959f92f82156a97011,19,f
val_pr_auc_mood/theme---adventure,0.032524744840602304,1780397331852,0c0d66e93e524c959f92f82156a97011,19,f
val_roc_auc_mood/theme---adventure,0.5748850147346387,1780397331852,0c0d66e93e524c959f92f82156a97011,19,f
val_pr_auc_mood/theme---advertising,0.1392331631386321,1780397331852,0c0d66e93e524c959f92f82156a97011,19,f
val_roc_auc_mood/theme---advertising,0.7285556082898276,1780397331852,0c0d66e93e524c959f92f82156a97011,19,f
val_pr_auc_mood/theme---background,0.01310152442787331,1780397331852,0c0d66e93e524c959f92f82156a97011,19,f
val_roc_auc_mood/theme---background,0.6124253978779841,1780397331852,0c0d66e93e524c959f92f82156a97011,19,f
val_pr_auc_mood/theme---ballad,0.07979711270934378,1780397331852,0c0d66e93e524c959f92f82156a97011,19,f
val_roc_auc_mood/theme---ballad,0.7838610742705572,1780397331852,0c0d66e93e524c959f92f82156a97011,19,f
val_pr_auc_mood/theme---calm,0.1005043491993872,1780397331852,0c0d66e93e524c959f92f82156a97011,19,f
val_roc_auc_mood/theme---calm,0.73499448766485,1780397331852,0c0d66e93e524c959f92f82156a97011,19,f
val_roc_auc_mood/theme---children,0.7222076449368778,1780397331852,0c0d66e93e524c959f92f82156a97011,19,f
val_pr_auc_mood/theme---christmas,0.07549037047727616,1780397331852,0c0d66e93e524c959f92f82156a97011,19,f
val_roc_auc_mood/theme---christmas,0.7607568002551909,1780397331852,0c0d66e93e524c959f92f82156a97011,19,f
val_pr_auc_mood/theme---commercial,0.07496407500436306,1780397331852,0c0d66e93e524c959f92f82156a97011,19,f
val_roc_auc_mood/theme---commercial,0.7219874444954831,1780397331852,0c0d66e93e524c959f92f82156a97011,19,f
val_pr_auc_mood/theme---cool,0.015933427177892333,1780397331852,0c0d66e93e524c959f92f82156a97011,19,f
val_roc_auc_mood/theme---cool,0.6854939428000499,1780397331852,0c0d66e93e524c959f92f82156a97011,19,f
val_pr_auc_mood/theme---corporate,0.13291989908511342,1780397331852,0c0d66e93e524c959f92f82156a97011,19,f
val_roc_auc_mood/theme---corporate,0.7906775060269788,1780397331852,0c0d66e93e524c959f92f82156a97011,19,f
val_pr_auc_mood/theme---dark,0.08684636589004996,1780397331852,0c0d66e93e524c959f92f82156a97011,19,f
val_roc_auc_mood/theme---dark,0.6090233858366034,1780397331852,0c0d66e93e524c959f92f82156a97011,19,f
val_pr_auc_mood/theme---deep,0.11588396488109468,1780397331852,0c0d66e93e524c959f92f82156a97011,19,f
val_roc_auc_mood/theme---deep,0.7913827709772223,1780397331852,0c0d66e93e524c959f92f82156a97011,19,f
val_pr_auc_mood/theme---documentary,0.042284073165802086,1780397331852,0c0d66e93e524c959f92f82156a97011,19,f
stdev_train_loss,0.004428322937722805,1780397157558,0c0d66e93e524c959f92f82156a97011,19,f
val_roc_auc_mood/theme---documentary,0.6351297299327981,1780397331852,0c0d66e93e524c959f92f82156a97011,19,f
val_pr_auc_mood/theme---drama,0.07486571075152315,1780397331852,0c0d66e93e524c959f92f82156a97011,19,f
val_roc_auc_mood/theme---drama,0.7063158524904215,1780397331852,0c0d66e93e524c959f92f82156a97011,19,f
val_pr_auc_mood/theme---dramatic,0.04809677095260968,1780397331852,0c0d66e93e524c959f92f82156a97011,19,f
val_roc_auc_mood/theme---dramatic,0.6814506057199949,1780397331852,0c0d66e93e524c959f92f82156a97011,19,f
val_pr_auc_mood/theme---dream,0.12896658973463646,1780397331852,0c0d66e93e524c959f92f82156a97011,19,f
val_roc_auc_mood/theme---dream,0.6670509900358119,1780397331852,0c0d66e93e524c959f92f82156a97011,19,f
val_pr_auc_mood/theme---emotional,0.15190819260123778,1780397331852,0c0d66e93e524c959f92f82156a97011,19,f
val_roc_auc_mood/theme---emotional,0.6576290893715977,1780397331852,0c0d66e93e524c959f92f82156a97011,19,f
val_pr_auc_mood/theme---energetic,0.19501453533591465,1780397331852,0c0d66e93e524c959f92f82156a97011,19,f
val_roc_auc_mood/theme---energetic,0.755980504511308,1780397331852,0c0d66e93e524c959f92f82156a97011,19,f
val_pr_auc_mood/theme---epic,0.42036623029043263,1780397331852,0c0d66e93e524c959f92f82156a97011,19,f
val_roc_auc_mood/theme---epic,0.8912782413165415,1780397331852,0c0d66e93e524c959f92f82156a97011,19,f
val_pr_auc_mood/theme---fast,0.03733303667387109,1780397331852,0c0d66e93e524c959f92f82156a97011,19,f
val_roc_auc_mood/theme---fast,0.8596194589308996,1780397331852,0c0d66e93e524c959f92f82156a97011,19,f
val_pr_auc_mood/theme---film,0.14656450320694528,1780397331852,0c0d66e93e524c959f92f82156a97011,19,f
val_roc_auc_mood/theme---film,0.7074392940880615,1780397331852,0c0d66e93e524c959f92f82156a97011,19,f
val_pr_auc_mood/theme---fun,0.11071438877642342,1780397331852,0c0d66e93e524c959f92f82156a97011,19,f
val_roc_auc_mood/theme---fun,0.7068601563597903,1780397331852,0c0d66e93e524c959f92f82156a97011,19,f
val_pr_auc_mood/theme---funny,0.016475218533172662,1780397331852,0c0d66e93e524c959f92f82156a97011,19,f
val_roc_auc_mood/theme---funny,0.7568484876376314,1780397331852,0c0d66e93e524c959f92f82156a97011,19,f
val_pr_auc_mood/theme---game,0.011438390113318913,1780397331852,0c0d66e93e524c959f92f82156a97011,19,f
val_roc_auc_mood/theme---game,0.5958482724902218,1780397331852,0c0d66e93e524c959f92f82156a97011,19,f
val_pr_auc_mood/theme---groovy,0.07269117571956354,1780397331852,0c0d66e93e524c959f92f82156a97011,19,f
val_roc_auc_mood/theme---groovy,0.820561709778448,1780397331852,0c0d66e93e524c959f92f82156a97011,19,f
val_pr_auc_mood/theme---happy,0.3039421023753523,1780397331852,0c0d66e93e524c959f92f82156a97011,19,f
val_roc_auc_mood/theme---happy,0.766075543120474,1780397331852,0c0d66e93e524c959f92f82156a97011,19,f
val_pr_auc_mood/theme---heavy,0.12094073972796306,1780397331852,0c0d66e93e524c959f92f82156a97011,19,f
val_roc_auc_mood/theme---heavy,0.9242866446368703,1780397331852,0c0d66e93e524c959f92f82156a97011,19,f
val_pr_auc_mood/theme---holiday,0.015293450975254756,1780397331852,0c0d66e93e524c959f92f82156a97011,19,f
val_roc_auc_mood/theme---holiday,0.5334180287458757,1780397331852,0c0d66e93e524c959f92f82156a97011,19,f
val_pr_auc_mood/theme---hopeful,0.02693371993469511,1780397331852,0c0d66e93e524c959f92f82156a97011,19,f
val_roc_auc_mood/theme---hopeful,0.7245603941700597,1780397331852,0c0d66e93e524c959f92f82156a97011,19,f
val_pr_auc_mood/theme---inspiring,0.09430389960890173,1780397331852,0c0d66e93e524c959f92f82156a97011,19,f
val_roc_auc_mood/theme---inspiring,0.6577803584608967,1780397331852,0c0d66e93e524c959f92f82156a97011,19,f
val_pr_auc_mood/theme---love,0.10453736615099318,1780397331852,0c0d66e93e524c959f92f82156a97011,19,f
val_roc_auc_mood/theme---love,0.6560401009092343,1780397331852,0c0d66e93e524c959f92f82156a97011,19,f
val_pr_auc_mood/theme---meditative,0.13487014801864186,1780397331852,0c0d66e93e524c959f92f82156a97011,19,f
val_roc_auc_mood/theme---meditative,0.7728134206526429,1780397331852,0c0d66e93e524c959f92f82156a97011,19,f
val_pr_auc_mood/theme---melancholic,0.06917568939752416,1780397331852,0c0d66e93e524c959f92f82156a97011,19,f
val_roc_auc_mood/theme---melancholic,0.7052545636940111,1780397331852,0c0d66e93e524c959f92f82156a97011,19,f
val_pr_auc_mood/theme---melodic,0.1144126334003431,1780397331852,0c0d66e93e524c959f92f82156a97011,19,f
val_roc_auc_mood/theme---melodic,0.5755108758957737,1780397331852,0c0d66e93e524c959f92f82156a97011,19,f
val_pr_auc_mood/theme---motivational,0.1614624944091094,1780397331852,0c0d66e93e524c959f92f82156a97011,19,f
val_roc_auc_mood/theme---motivational,0.7982184062248457,1780397331852,0c0d66e93e524c959f92f82156a97011,19,f
val_pr_auc_mood/theme---movie,0.11741893456201664,1780397331852,0c0d66e93e524c959f92f82156a97011,19,f
val_roc_auc_mood/theme---movie,0.7961867019145655,1780397331852,0c0d66e93e524c959f92f82156a97011,19,f
val_pr_auc_mood/theme---nature,0.028860763769197984,1780397331852,0c0d66e93e524c959f92f82156a97011,19,f
val_roc_auc_mood/theme---nature,0.6972931804614972,1780397331852,0c0d66e93e524c959f92f82156a97011,19,f
val_pr_auc_mood/theme---party,0.10600289182205311,1780397331852,0c0d66e93e524c959f92f82156a97011,19,f
val_roc_auc_mood/theme---party,0.8258984605138452,1780397331852,0c0d66e93e524c959f92f82156a97011,19,f
val_pr_auc_mood/theme---positive,0.04286764893707502,1780397331852,0c0d66e93e524c959f92f82156a97011,19,f
val_roc_auc_mood/theme---positive,0.6701988028357411,1780397331852,0c0d66e93e524c959f92f82156a97011,19,f
val_pr_auc_mood/theme---powerful,0.02054696120232157,1780397331852,0c0d66e93e524c959f92f82156a97011,19,f
val_roc_auc_mood/theme---powerful,0.6819899708190498,1780397331852,0c0d66e93e524c959f92f82156a97011,19,f
val_pr_auc_mood/theme---relaxing,0.13482214720708952,1780397331852,0c0d66e93e524c959f92f82156a97011,19,f
val_roc_auc_mood/theme---relaxing,0.7205763765831829,1780397331852,0c0d66e93e524c959f92f82156a97011,19,f
val_pr_auc_mood/theme---retro,0.010806702013332326,1780397331852,0c0d66e93e524c959f92f82156a97011,19,f
val_roc_auc_mood/theme---retro,0.5221366917205466,1780397331852,0c0d66e93e524c959f92f82156a97011,19,f
val_pr_auc_mood/theme---romantic,0.09512624851795337,1780397331852,0c0d66e93e524c959f92f82156a97011,19,f
val_roc_auc_mood/theme---romantic,0.7294967702754928,1780397331852,0c0d66e93e524c959f92f82156a97011,19,f
val_pr_auc_mood/theme---sad,0.08556520547346019,1780397331852,0c0d66e93e524c959f92f82156a97011,19,f
val_roc_auc_mood/theme---sad,0.7251793740752114,1780397331852,0c0d66e93e524c959f92f82156a97011,19,f
val_pr_auc_mood/theme---sexy,0.021551751455979973,1780397331852,0c0d66e93e524c959f92f82156a97011,19,f
val_roc_auc_mood/theme---sexy,0.6583396145149134,1780397331852,0c0d66e93e524c959f92f82156a97011,19,f
val_pr_auc_mood/theme---slow,0.031380049234844956,1780397331852,0c0d66e93e524c959f92f82156a97011,19,f
val_roc_auc_mood/theme---slow,0.727570119327418,1780397331852,0c0d66e93e524c959f92f82156a97011,19,f
val_pr_auc_mood/theme---soft,0.052646049304443714,1780397331852,0c0d66e93e524c959f92f82156a97011,19,f
val_roc_auc_mood/theme---soft,0.6818373196788242,1780397331852,0c0d66e93e524c959f92f82156a97011,19,f
val_pr_auc_mood/theme---soundscape,0.02957093304589699,1780397331852,0c0d66e93e524c959f92f82156a97011,19,f
val_roc_auc_mood/theme---soundscape,0.7586077181802089,1780397331852,0c0d66e93e524c959f92f82156a97011,19,f
val_pr_auc_mood/theme---space,0.06352525495891775,1780397331852,0c0d66e93e524c959f92f82156a97011,19,f
val_roc_auc_mood/theme---space,0.7664269127405874,1780397331852,0c0d66e93e524c959f92f82156a97011,19,f
val_pr_auc_mood/theme---sport,0.04459242587445059,1780397331852,0c0d66e93e524c959f92f82156a97011,19,f
val_roc_auc_mood/theme---sport,0.8528790760109626,1780397331852,0c0d66e93e524c959f92f82156a97011,19,f
val_pr_auc_mood/theme---summer,0.1988612274755395,1780397331852,0c0d66e93e524c959f92f82156a97011,19,f
val_roc_auc_mood/theme---summer,0.834990124399987,1780397331852,0c0d66e93e524c959f92f82156a97011,19,f
val_pr_auc_mood/theme---trailer,0.17110182432076323,1780397331852,0c0d66e93e524c959f92f82156a97011,19,f
val_roc_auc_mood/theme---trailer,0.9011309885579897,1780397331852,0c0d66e93e524c959f92f82156a97011,19,f
val_pr_auc_mood/theme---travel,0.060221335518538456,1780397331852,0c0d66e93e524c959f92f82156a97011,19,f
val_roc_auc_mood/theme---travel,0.5510802242559694,1780397331852,0c0d66e93e524c959f92f82156a97011,19,f
val_pr_auc_mood/theme---upbeat,0.048475945974972935,1780397331852,0c0d66e93e524c959f92f82156a97011,19,f
val_roc_auc_mood/theme---upbeat,0.6279694079762199,1780397331852,0c0d66e93e524c959f92f82156a97011,19,f
val_pr_auc_mood/theme---uplifting,0.06163158168464689,1780397331852,0c0d66e93e524c959f92f82156a97011,19,f
val_roc_auc_mood/theme---uplifting,0.6339763569979397,1780397331852,0c0d66e93e524c959f92f82156a97011,19,f
val_macro_pr_auc,0.090490748325351,1780397331852,0c0d66e93e524c959f92f82156a97011,19,f
val_macro_roc_auc,0.7166667684486238,1780397331852,0c0d66e93e524c959f92f82156a97011,19,f
val_pr_auc_mood/theme---groovy,0.06887729078986972,1780398294719,0c0d66e93e524c959f92f82156a97011,20,f
val_roc_auc_mood/theme---game,0.6411648468057366,1780398294719,0c0d66e93e524c959f92f82156a97011,20,f
val_pr_auc_mood/theme---game,0.01776479744864224,1780398294719,0c0d66e93e524c959f92f82156a97011,20,f
val_roc_auc_mood/theme---funny,0.742363404167194,1780398294719,0c0d66e93e524c959f92f82156a97011,20,f
val_pr_auc_mood/theme---funny,0.015446845341870612,1780398294719,0c0d66e93e524c959f92f82156a97011,20,f
train_loss,0.04245944897501098,1780398100573,0c0d66e93e524c959f92f82156a97011,20,f
stdev_train_loss,0.004396302247310908,1780398100050,0c0d66e93e524c959f92f82156a97011,20,f
val_pr_auc_mood/theme---advertising,0.10923576690924185,1780398294719,0c0d66e93e524c959f92f82156a97011,20,f
val_roc_auc_mood/theme---advertising,0.6710293419693459,1780398294719,0c0d66e93e524c959f92f82156a97011,20,f
val_pr_auc_mood/theme---background,0.019546777635864796,1780398294719,0c0d66e93e524c959f92f82156a97011,20,f
val_roc_auc_mood/theme---background,0.6406664456233422,1780398294719,0c0d66e93e524c959f92f82156a97011,20,f
val_pr_auc_mood/theme---ballad,0.08063791037310966,1780398294719,0c0d66e93e524c959f92f82156a97011,20,f
val_roc_auc_mood/theme---ballad,0.787365531977601,1780398294719,0c0d66e93e524c959f92f82156a97011,20,f
val_pr_auc_mood/theme---calm,0.10517298735775332,1780398294719,0c0d66e93e524c959f92f82156a97011,20,f
val_roc_auc_mood/theme---calm,0.6921334817156883,1780398294719,0c0d66e93e524c959f92f82156a97011,20,f
val_pr_auc_mood/theme---children,0.07568985552701064,1780398294719,0c0d66e93e524c959f92f82156a97011,20,f
val_roc_auc_mood/theme---children,0.7070528455748305,1780398294719,0c0d66e93e524c959f92f82156a97011,20,f
val_pr_auc_mood/theme---christmas,0.07500521540290582,1780398294719,0c0d66e93e524c959f92f82156a97011,20,f
val_roc_auc_mood/theme---christmas,0.7647278447975873,1780398294719,0c0d66e93e524c959f92f82156a97011,20,f
val_pr_auc_mood/theme---commercial,0.0794159418744534,1780398294719,0c0d66e93e524c959f92f82156a97011,20,f
val_roc_auc_mood/theme---commercial,0.7131756239473281,1780398294719,0c0d66e93e524c959f92f82156a97011,20,f
val_pr_auc_mood/theme---cool,0.021868408888245698,1780398294719,0c0d66e93e524c959f92f82156a97011,20,f
val_roc_auc_mood/theme---cool,0.7076386286998876,1780398294719,0c0d66e93e524c959f92f82156a97011,20,f
val_pr_auc_mood/theme---corporate,0.14184134098440238,1780398294719,0c0d66e93e524c959f92f82156a97011,20,f
val_roc_auc_mood/theme---corporate,0.7981445186698319,1780398294719,0c0d66e93e524c959f92f82156a97011,20,f
val_pr_auc_mood/theme---dark,0.07576595200131893,1780398294719,0c0d66e93e524c959f92f82156a97011,20,f
val_roc_auc_mood/theme---dark,0.5784924493969579,1780398294719,0c0d66e93e524c959f92f82156a97011,20,f
val_pr_auc_mood/theme---deep,0.1572418987331661,1780398294719,0c0d66e93e524c959f92f82156a97011,20,f
val_roc_auc_mood/theme---deep,0.7944459326725601,1780398294719,0c0d66e93e524c959f92f82156a97011,20,f
val_pr_auc_mood/theme---documentary,0.04465503763836945,1780398294719,0c0d66e93e524c959f92f82156a97011,20,f
val_roc_auc_mood/theme---documentary,0.6540947632906609,1780398294719,0c0d66e93e524c959f92f82156a97011,20,f
val_pr_auc_mood/theme---drama,0.06386346929317244,1780398294719,0c0d66e93e524c959f92f82156a97011,20,f
val_roc_auc_mood/theme---drama,0.723093271072797,1780398294719,0c0d66e93e524c959f92f82156a97011,20,f
val_pr_auc_mood/theme---dramatic,0.025299952092952528,1780398294719,0c0d66e93e524c959f92f82156a97011,20,f
val_roc_auc_mood/theme---dramatic,0.6403459472961159,1780398294719,0c0d66e93e524c959f92f82156a97011,20,f
val_pr_auc_mood/theme---dream,0.15172073032357733,1780398294719,0c0d66e93e524c959f92f82156a97011,20,f
val_roc_auc_mood/theme---dream,0.6081231984842073,1780398294719,0c0d66e93e524c959f92f82156a97011,20,f
val_pr_auc_mood/theme---emotional,0.17049869999737066,1780398294719,0c0d66e93e524c959f92f82156a97011,20,f
val_roc_auc_mood/theme---emotional,0.6588926426884252,1780398294719,0c0d66e93e524c959f92f82156a97011,20,f
val_pr_auc_mood/theme---energetic,0.17016262990220413,1780398294719,0c0d66e93e524c959f92f82156a97011,20,f
val_roc_auc_mood/theme---energetic,0.7442112997353222,1780398294719,0c0d66e93e524c959f92f82156a97011,20,f
val_pr_auc_mood/theme---epic,0.3962829690165385,1780398294719,0c0d66e93e524c959f92f82156a97011,20,f
val_roc_auc_mood/theme---epic,0.8841107331416947,1780398294719,0c0d66e93e524c959f92f82156a97011,20,f
val_pr_auc_mood/theme---fast,0.034294532477635434,1780398294719,0c0d66e93e524c959f92f82156a97011,20,f
val_roc_auc_mood/theme---fast,0.8513282268578879,1780398294719,0c0d66e93e524c959f92f82156a97011,20,f
val_pr_auc_mood/theme---film,0.1351367906654519,1780398294719,0c0d66e93e524c959f92f82156a97011,20,f
val_roc_auc_mood/theme---film,0.6915681097033306,1780398294719,0c0d66e93e524c959f92f82156a97011,20,f
val_pr_auc_mood/theme---fun,0.0947918527959762,1780398294719,0c0d66e93e524c959f92f82156a97011,20,f
val_roc_auc_mood/theme---fun,0.6665719928107041,1780398294719,0c0d66e93e524c959f92f82156a97011,20,f
val_roc_auc_mood/theme---adventure,0.5324712881103859,1780398294719,0c0d66e93e524c959f92f82156a97011,20,f
val_pr_auc_mood/theme---adventure,0.021886354799919634,1780398294719,0c0d66e93e524c959f92f82156a97011,20,f
val_roc_auc_mood/theme---action,0.7021035009826043,1780398294719,0c0d66e93e524c959f92f82156a97011,20,f
val_pr_auc_mood/theme---action,0.049715123196759914,1780398294719,0c0d66e93e524c959f92f82156a97011,20,f
val_loss_std,0.04629155994702474,1780398294719,0c0d66e93e524c959f92f82156a97011,20,f
val_loss_avg,0.06606079601973179,1780398294719,0c0d66e93e524c959f92f82156a97011,20,f
val_macro_roc_auc,0.7080797747251546,1780398294719,0c0d66e93e524c959f92f82156a97011,20,f
val_macro_pr_auc,0.08615135465330528,1780398294719,0c0d66e93e524c959f92f82156a97011,20,f
val_roc_auc_mood/theme---uplifting,0.585781006644316,1780398294719,0c0d66e93e524c959f92f82156a97011,20,f
val_pr_auc_mood/theme---uplifting,0.055647965106546834,1780398294719,0c0d66e93e524c959f92f82156a97011,20,f
val_roc_auc_mood/theme---upbeat,0.6109931054413343,1780398294719,0c0d66e93e524c959f92f82156a97011,20,f
val_pr_auc_mood/theme---upbeat,0.04569047644920892,1780398294719,0c0d66e93e524c959f92f82156a97011,20,f
val_roc_auc_mood/theme---travel,0.5965893951505462,1780398294719,0c0d66e93e524c959f92f82156a97011,20,f
val_pr_auc_mood/theme---travel,0.024291107745244834,1780398294719,0c0d66e93e524c959f92f82156a97011,20,f
val_roc_auc_mood/theme---trailer,0.8538755988086114,1780398294719,0c0d66e93e524c959f92f82156a97011,20,f
val_pr_auc_mood/theme---trailer,0.1290467679493089,1780398294719,0c0d66e93e524c959f92f82156a97011,20,f
val_roc_auc_mood/theme---summer,0.8327455352515982,1780398294719,0c0d66e93e524c959f92f82156a97011,20,f
val_pr_auc_mood/theme---summer,0.23329069967494462,1780398294719,0c0d66e93e524c959f92f82156a97011,20,f
val_roc_auc_mood/theme---sport,0.8109304211644947,1780398294719,0c0d66e93e524c959f92f82156a97011,20,f
val_pr_auc_mood/theme---sport,0.032060075606116734,1780398294719,0c0d66e93e524c959f92f82156a97011,20,f
val_roc_auc_mood/theme---space,0.778982828748438,1780398294719,0c0d66e93e524c959f92f82156a97011,20,f
val_pr_auc_mood/theme---space,0.06592165017200853,1780398294719,0c0d66e93e524c959f92f82156a97011,20,f
val_roc_auc_mood/theme---soundscape,0.7610786569894377,1780398294719,0c0d66e93e524c959f92f82156a97011,20,f
val_pr_auc_mood/theme---soundscape,0.027586044745325267,1780398294719,0c0d66e93e524c959f92f82156a97011,20,f
val_roc_auc_mood/theme---soft,0.704288156641263,1780398294719,0c0d66e93e524c959f92f82156a97011,20,f
val_pr_auc_mood/theme---soft,0.05685375917317502,1780398294719,0c0d66e93e524c959f92f82156a97011,20,f
val_roc_auc_mood/theme---slow,0.6744440026774435,1780398294719,0c0d66e93e524c959f92f82156a97011,20,f
val_pr_auc_mood/theme---slow,0.02243457716369917,1780398294719,0c0d66e93e524c959f92f82156a97011,20,f
val_roc_auc_mood/theme---sexy,0.7352284555471806,1780398294719,0c0d66e93e524c959f92f82156a97011,20,f
val_pr_auc_mood/theme---sexy,0.022472269011682235,1780398294719,0c0d66e93e524c959f92f82156a97011,20,f
val_roc_auc_mood/theme---sad,0.7098765087430321,1780398294719,0c0d66e93e524c959f92f82156a97011,20,f
val_pr_auc_mood/theme---sad,0.08179988560937332,1780398294719,0c0d66e93e524c959f92f82156a97011,20,f
val_roc_auc_mood/theme---romantic,0.6996241189569186,1780398294719,0c0d66e93e524c959f92f82156a97011,20,f
val_pr_auc_mood/theme---romantic,0.0767407157840281,1780398294719,0c0d66e93e524c959f92f82156a97011,20,f
val_roc_auc_mood/theme---retro,0.5260731123663271,1780398294719,0c0d66e93e524c959f92f82156a97011,20,f
val_pr_auc_mood/theme---retro,0.011786612370275888,1780398294719,0c0d66e93e524c959f92f82156a97011,20,f
val_roc_auc_mood/theme---relaxing,0.7217165541119885,1780398294719,0c0d66e93e524c959f92f82156a97011,20,f
val_pr_auc_mood/theme---relaxing,0.15635676392360337,1780398294719,0c0d66e93e524c959f92f82156a97011,20,f
val_roc_auc_mood/theme---powerful,0.6702609286908237,1780398294719,0c0d66e93e524c959f92f82156a97011,20,f
val_pr_auc_mood/theme---powerful,0.02377956964232445,1780398294719,0c0d66e93e524c959f92f82156a97011,20,f
val_roc_auc_mood/theme---positive,0.6375777487961476,1780398294719,0c0d66e93e524c959f92f82156a97011,20,f
val_pr_auc_mood/theme---positive,0.048524104183348835,1780398294719,0c0d66e93e524c959f92f82156a97011,20,f
val_roc_auc_mood/theme---party,0.8067477394400472,1780398294719,0c0d66e93e524c959f92f82156a97011,20,f
val_pr_auc_mood/theme---party,0.10509322504437159,1780398294719,0c0d66e93e524c959f92f82156a97011,20,f
val_roc_auc_mood/theme---nature,0.6932463308700935,1780398294719,0c0d66e93e524c959f92f82156a97011,20,f
val_pr_auc_mood/theme---nature,0.030163875755597487,1780398294719,0c0d66e93e524c959f92f82156a97011,20,f
val_roc_auc_mood/theme---movie,0.7827312483657466,1780398294719,0c0d66e93e524c959f92f82156a97011,20,f
val_pr_auc_mood/theme---movie,0.10950072360169953,1780398294719,0c0d66e93e524c959f92f82156a97011,20,f
val_roc_auc_mood/theme---motivational,0.75315624720508,1780398294719,0c0d66e93e524c959f92f82156a97011,20,f
val_pr_auc_mood/theme---motivational,0.10880693901889145,1780398294719,0c0d66e93e524c959f92f82156a97011,20,f
val_roc_auc_mood/theme---melodic,0.5866696684054594,1780398294719,0c0d66e93e524c959f92f82156a97011,20,f
val_pr_auc_mood/theme---melodic,0.11632380565666187,1780398294719,0c0d66e93e524c959f92f82156a97011,20,f
val_roc_auc_mood/theme---melancholic,0.7031237414602356,1780398294719,0c0d66e93e524c959f92f82156a97011,20,f
val_pr_auc_mood/theme---melancholic,0.06759081101691779,1780398294719,0c0d66e93e524c959f92f82156a97011,20,f
val_roc_auc_mood/theme---meditative,0.7670525979996623,1780398294719,0c0d66e93e524c959f92f82156a97011,20,f
avg_train_loss,0.04245944897501098,1780398098973,0c0d66e93e524c959f92f82156a97011,20,f
val_pr_auc_mood/theme---meditative,0.13066367630666986,1780398294719,0c0d66e93e524c959f92f82156a97011,20,f
val_roc_auc_mood/theme---love,0.6673161822673044,1780398294719,0c0d66e93e524c959f92f82156a97011,20,f
val_pr_auc_mood/theme---love,0.10764223901571328,1780398294719,0c0d66e93e524c959f92f82156a97011,20,f
val_roc_auc_mood/theme---inspiring,0.6423945396489201,1780398294719,0c0d66e93e524c959f92f82156a97011,20,f
val_pr_auc_mood/theme---inspiring,0.079545504555297,1780398294719,0c0d66e93e524c959f92f82156a97011,20,f
val_roc_auc_mood/theme---hopeful,0.7088939045258748,1780398294719,0c0d66e93e524c959f92f82156a97011,20,f
val_pr_auc_mood/theme---hopeful,0.02318186395076047,1780398294719,0c0d66e93e524c959f92f82156a97011,20,f
val_roc_auc_mood/theme---holiday,0.5523114262960294,1780398294719,0c0d66e93e524c959f92f82156a97011,20,f
val_pr_auc_mood/theme---holiday,0.013132586684892224,1780398294719,0c0d66e93e524c959f92f82156a97011,20,f
val_roc_auc_mood/theme---heavy,0.9245117666449585,1780398294719,0c0d66e93e524c959f92f82156a97011,20,f
val_pr_auc_mood/theme---heavy,0.12132545624164276,1780398294719,0c0d66e93e524c959f92f82156a97011,20,f
val_roc_auc_mood/theme---happy,0.7474358878448739,1780398294719,0c0d66e93e524c959f92f82156a97011,20,f
val_pr_auc_mood/theme---happy,0.29540297795798226,1780398294719,0c0d66e93e524c959f92f82156a97011,20,f
val_roc_auc_mood/theme---groovy,0.8114940987124464,1780398294719,0c0d66e93e524c959f92f82156a97011,20,f
val_pr_auc_mood/theme---meditative,0.1474490953386864,1780399270676,0c0d66e93e524c959f92f82156a97011,21,f
val_pr_auc_mood/theme---melancholic,0.07159094690792758,1780399270676,0c0d66e93e524c959f92f82156a97011,21,f
val_roc_auc_mood/theme---melancholic,0.7316835936451217,1780399270676,0c0d66e93e524c959f92f82156a97011,21,f
val_pr_auc_mood/theme---melodic,0.12309964625692742,1780399270676,0c0d66e93e524c959f92f82156a97011,21,f
val_roc_auc_mood/theme---melodic,0.5885913879111697,1780399270676,0c0d66e93e524c959f92f82156a97011,21,f
val_pr_auc_mood/theme---motivational,0.21716332420498735,1780399270676,0c0d66e93e524c959f92f82156a97011,21,f
val_roc_auc_mood/theme---motivational,0.8521277166621948,1780399270676,0c0d66e93e524c959f92f82156a97011,21,f
val_pr_auc_mood/theme---movie,0.0870287033025571,1780399270676,0c0d66e93e524c959f92f82156a97011,21,f
val_roc_auc_mood/theme---movie,0.7475513185576828,1780399270676,0c0d66e93e524c959f92f82156a97011,21,f
val_pr_auc_mood/theme---nature,0.027621978731112336,1780399270676,0c0d66e93e524c959f92f82156a97011,21,f
val_roc_auc_mood/theme---nature,0.6995656738230995,1780399270676,0c0d66e93e524c959f92f82156a97011,21,f
val_pr_auc_mood/theme---party,0.08437867940033823,1780399270676,0c0d66e93e524c959f92f82156a97011,21,f
val_roc_auc_mood/theme---party,0.8102282333051565,1780399270676,0c0d66e93e524c959f92f82156a97011,21,f
val_pr_auc_mood/theme---positive,0.04910967042301291,1780399270676,0c0d66e93e524c959f92f82156a97011,21,f
val_roc_auc_mood/theme---positive,0.7327489633493847,1780399270676,0c0d66e93e524c959f92f82156a97011,21,f
val_pr_auc_mood/theme---powerful,0.02244850365090682,1780399270676,0c0d66e93e524c959f92f82156a97011,21,f
val_roc_auc_mood/theme---powerful,0.6483837153299147,1780399270676,0c0d66e93e524c959f92f82156a97011,21,f
val_pr_auc_mood/theme---relaxing,0.19608820862845086,1780399270676,0c0d66e93e524c959f92f82156a97011,21,f
val_roc_auc_mood/theme---relaxing,0.7494125584889637,1780399270676,0c0d66e93e524c959f92f82156a97011,21,f
val_pr_auc_mood/theme---retro,0.010613243351123191,1780399270676,0c0d66e93e524c959f92f82156a97011,21,f
val_roc_auc_mood/theme---retro,0.5166114357235037,1780399270676,0c0d66e93e524c959f92f82156a97011,21,f
val_pr_auc_mood/theme---romantic,0.08329293273639612,1780399270676,0c0d66e93e524c959f92f82156a97011,21,f
val_roc_auc_mood/theme---romantic,0.7095502309575075,1780399270676,0c0d66e93e524c959f92f82156a97011,21,f
val_pr_auc_mood/theme---sad,0.09358219486728647,1780399270676,0c0d66e93e524c959f92f82156a97011,21,f
val_roc_auc_mood/theme---sad,0.7413477018714463,1780399270676,0c0d66e93e524c959f92f82156a97011,21,f
val_pr_auc_mood/theme---sexy,0.02003950561928865,1780399270676,0c0d66e93e524c959f92f82156a97011,21,f
val_roc_auc_mood/theme---sexy,0.7221851333405119,1780399270676,0c0d66e93e524c959f92f82156a97011,21,f
val_pr_auc_mood/theme---slow,0.0329137957211222,1780399270676,0c0d66e93e524c959f92f82156a97011,21,f
val_roc_auc_mood/theme---slow,0.749462749815045,1780399270676,0c0d66e93e524c959f92f82156a97011,21,f
val_pr_auc_mood/theme---soft,0.0582449547317085,1780399270676,0c0d66e93e524c959f92f82156a97011,21,f
val_roc_auc_mood/theme---soft,0.6989359349482851,1780399270676,0c0d66e93e524c959f92f82156a97011,21,f
val_pr_auc_mood/theme---soundscape,0.030514677987648335,1780399270676,0c0d66e93e524c959f92f82156a97011,21,f
val_roc_auc_mood/theme---soundscape,0.7359119608190239,1780399270676,0c0d66e93e524c959f92f82156a97011,21,f
val_pr_auc_mood/theme---space,0.057928835893502985,1780399270676,0c0d66e93e524c959f92f82156a97011,21,f
val_roc_auc_mood/theme---space,0.7650237579615989,1780399270676,0c0d66e93e524c959f92f82156a97011,21,f
val_pr_auc_mood/theme---sport,0.05259346964585396,1780399270676,0c0d66e93e524c959f92f82156a97011,21,f
val_roc_auc_mood/theme---sport,0.8627929414396779,1780399270676,0c0d66e93e524c959f92f82156a97011,21,f
val_pr_auc_mood/theme---summer,0.26495499231636827,1780399270676,0c0d66e93e524c959f92f82156a97011,21,f
val_roc_auc_mood/theme---summer,0.816550735709992,1780399270676,0c0d66e93e524c959f92f82156a97011,21,f
val_pr_auc_mood/theme---trailer,0.16099050415566532,1780399270676,0c0d66e93e524c959f92f82156a97011,21,f
val_roc_auc_mood/theme---trailer,0.8992057410126802,1780399270676,0c0d66e93e524c959f92f82156a97011,21,f
val_pr_auc_mood/theme---travel,0.020102185331223106,1780399270676,0c0d66e93e524c959f92f82156a97011,21,f
val_roc_auc_mood/theme---travel,0.6257905240433503,1780399270676,0c0d66e93e524c959f92f82156a97011,21,f
val_pr_auc_mood/theme---upbeat,0.04558518040664279,1780399270676,0c0d66e93e524c959f92f82156a97011,21,f
val_roc_auc_mood/theme---upbeat,0.5719170588720998,1780399270676,0c0d66e93e524c959f92f82156a97011,21,f
val_pr_auc_mood/theme---uplifting,0.07222832330217392,1780399270676,0c0d66e93e524c959f92f82156a97011,21,f
val_roc_auc_mood/theme---uplifting,0.6749480022861317,1780399270676,0c0d66e93e524c959f92f82156a97011,21,f
val_macro_pr_auc,0.0963245918051415,1780399270676,0c0d66e93e524c959f92f82156a97011,21,f
val_macro_roc_auc,0.728345830137472,1780399270676,0c0d66e93e524c959f92f82156a97011,21,f
train_loss,0.042324745458821575,1780399042234,0c0d66e93e524c959f92f82156a97011,21,f
stdev_train_loss,0.004396932426777758,1780399041797,0c0d66e93e524c959f92f82156a97011,21,f
avg_train_loss,0.042324745458821575,1780399040650,0c0d66e93e524c959f92f82156a97011,21,f
val_loss_avg,0.0539540484146396,1780399270676,0c0d66e93e524c959f92f82156a97011,21,f
val_loss_std,0.027515276138011458,1780399270676,0c0d66e93e524c959f92f82156a97011,21,f
val_pr_auc_mood/theme---action,0.1414418380121732,1780399270676,0c0d66e93e524c959f92f82156a97011,21,f
val_roc_auc_mood/theme---action,0.8039304170609214,1780399270676,0c0d66e93e524c959f92f82156a97011,21,f
val_pr_auc_mood/theme---adventure,0.03738818924098178,1780399270676,0c0d66e93e524c959f92f82156a97011,21,f
val_roc_auc_mood/theme---adventure,0.646193092621664,1780399270676,0c0d66e93e524c959f92f82156a97011,21,f
val_pr_auc_mood/theme---advertising,0.1740291602920628,1780399270676,0c0d66e93e524c959f92f82156a97011,21,f
val_roc_auc_mood/theme---advertising,0.7722884502638264,1780399270676,0c0d66e93e524c959f92f82156a97011,21,f
val_pr_auc_mood/theme---background,0.016843275434796794,1780399270676,0c0d66e93e524c959f92f82156a97011,21,f
val_roc_auc_mood/theme---background,0.6513594164456233,1780399270676,0c0d66e93e524c959f92f82156a97011,21,f
val_pr_auc_mood/theme---ballad,0.08107315240636528,1780399270676,0c0d66e93e524c959f92f82156a97011,21,f
val_roc_auc_mood/theme---ballad,0.7980170571765398,1780399270676,0c0d66e93e524c959f92f82156a97011,21,f
val_pr_auc_mood/theme---calm,0.12536094914636317,1780399270676,0c0d66e93e524c959f92f82156a97011,21,f
val_roc_auc_mood/theme---calm,0.785544161084994,1780399270676,0c0d66e93e524c959f92f82156a97011,21,f
val_pr_auc_mood/theme---children,0.06858002530576617,1780399270676,0c0d66e93e524c959f92f82156a97011,21,f
val_roc_auc_mood/theme---children,0.6842476333460346,1780399270676,0c0d66e93e524c959f92f82156a97011,21,f
val_pr_auc_mood/theme---christmas,0.06392659411398323,1780399270676,0c0d66e93e524c959f92f82156a97011,21,f
val_roc_auc_mood/theme---christmas,0.731969899083633,1780399270676,0c0d66e93e524c959f92f82156a97011,21,f
val_pr_auc_mood/theme---commercial,0.11738338537504468,1780399270676,0c0d66e93e524c959f92f82156a97011,21,f
val_roc_auc_mood/theme---commercial,0.7576251722553973,1780399270676,0c0d66e93e524c959f92f82156a97011,21,f
val_pr_auc_mood/theme---cool,0.018450219200356405,1780399270676,0c0d66e93e524c959f92f82156a97011,21,f
val_roc_auc_mood/theme---cool,0.6427032596478082,1780399270676,0c0d66e93e524c959f92f82156a97011,21,f
val_pr_auc_mood/theme---corporate,0.18977502872106475,1780399270676,0c0d66e93e524c959f92f82156a97011,21,f
val_roc_auc_mood/theme---corporate,0.8396225547028837,1780399270676,0c0d66e93e524c959f92f82156a97011,21,f
val_pr_auc_mood/theme---dark,0.09323111727871017,1780399270676,0c0d66e93e524c959f92f82156a97011,21,f
val_roc_auc_mood/theme---dark,0.594262826690718,1780399270676,0c0d66e93e524c959f92f82156a97011,21,f
val_pr_auc_mood/theme---deep,0.17046660464867353,1780399270676,0c0d66e93e524c959f92f82156a97011,21,f
val_roc_auc_mood/theme---deep,0.8231752058607716,1780399270676,0c0d66e93e524c959f92f82156a97011,21,f
val_pr_auc_mood/theme---documentary,0.04745014063797939,1780399270676,0c0d66e93e524c959f92f82156a97011,21,f
val_roc_auc_mood/theme---documentary,0.6548660050340651,1780399270676,0c0d66e93e524c959f92f82156a97011,21,f
val_pr_auc_mood/theme---drama,0.06621979368091163,1780399270676,0c0d66e93e524c959f92f82156a97011,21,f
val_roc_auc_mood/theme---drama,0.7413942768199232,1780399270676,0c0d66e93e524c959f92f82156a97011,21,f
val_pr_auc_mood/theme---dramatic,0.027497207519987226,1780399270676,0c0d66e93e524c959f92f82156a97011,21,f
val_roc_auc_mood/theme---dramatic,0.6434487011365057,1780399270676,0c0d66e93e524c959f92f82156a97011,21,f
val_pr_auc_mood/theme---dream,0.10622465299208471,1780399270676,0c0d66e93e524c959f92f82156a97011,21,f
val_roc_auc_mood/theme---dream,0.671273171944394,1780399270676,0c0d66e93e524c959f92f82156a97011,21,f
val_pr_auc_mood/theme---emotional,0.14495118723857653,1780399270676,0c0d66e93e524c959f92f82156a97011,21,f
val_roc_auc_mood/theme---emotional,0.6448350022156903,1780399270676,0c0d66e93e524c959f92f82156a97011,21,f
val_pr_auc_mood/theme---energetic,0.20357375427186644,1780399270676,0c0d66e93e524c959f92f82156a97011,21,f
val_roc_auc_mood/theme---energetic,0.7758187155248402,1780399270676,0c0d66e93e524c959f92f82156a97011,21,f
val_pr_auc_mood/theme---epic,0.4155450897991339,1780399270676,0c0d66e93e524c959f92f82156a97011,21,f
val_roc_auc_mood/theme---epic,0.8921134347536015,1780399270676,0c0d66e93e524c959f92f82156a97011,21,f
val_pr_auc_mood/theme---fast,0.05242977122343088,1780399270676,0c0d66e93e524c959f92f82156a97011,21,f
val_roc_auc_mood/theme---fast,0.8848496577574968,1780399270676,0c0d66e93e524c959f92f82156a97011,21,f
val_pr_auc_mood/theme---film,0.13331361940801195,1780399270676,0c0d66e93e524c959f92f82156a97011,21,f
val_roc_auc_mood/theme---film,0.6981804868307186,1780399270676,0c0d66e93e524c959f92f82156a97011,21,f
val_pr_auc_mood/theme---fun,0.10373685854816887,1780399270676,0c0d66e93e524c959f92f82156a97011,21,f
val_roc_auc_mood/theme---fun,0.7151855385685018,1780399270676,0c0d66e93e524c959f92f82156a97011,21,f
val_pr_auc_mood/theme---funny,0.01674811839218257,1780399270676,0c0d66e93e524c959f92f82156a97011,21,f
val_roc_auc_mood/theme---funny,0.7971282948099911,1780399270676,0c0d66e93e524c959f92f82156a97011,21,f
val_pr_auc_mood/theme---game,0.012020562798046395,1780399270676,0c0d66e93e524c959f92f82156a97011,21,f
val_roc_auc_mood/theme---game,0.612807610821382,1780399270676,0c0d66e93e524c959f92f82156a97011,21,f
val_pr_auc_mood/theme---groovy,0.05791150815802208,1780399270676,0c0d66e93e524c959f92f82156a97011,21,f
val_roc_auc_mood/theme---groovy,0.8087337605846189,1780399270676,0c0d66e93e524c959f92f82156a97011,21,f
val_pr_auc_mood/theme---happy,0.3007662592859504,1780399270676,0c0d66e93e524c959f92f82156a97011,21,f
val_roc_auc_mood/theme---happy,0.7722181907953797,1780399270676,0c0d66e93e524c959f92f82156a97011,21,f
val_pr_auc_mood/theme---heavy,0.14332642349565425,1780399270676,0c0d66e93e524c959f92f82156a97011,21,f
val_roc_auc_mood/theme---heavy,0.9120416154112094,1780399270676,0c0d66e93e524c959f92f82156a97011,21,f
val_pr_auc_mood/theme---holiday,0.015818064327070544,1780399270676,0c0d66e93e524c959f92f82156a97011,21,f
val_roc_auc_mood/theme---holiday,0.521426675262619,1780399270676,0c0d66e93e524c959f92f82156a97011,21,f
val_pr_auc_mood/theme---hopeful,0.02504190541818053,1780399270676,0c0d66e93e524c959f92f82156a97011,21,f
val_roc_auc_mood/theme---hopeful,0.7392753879742727,1780399270676,0c0d66e93e524c959f92f82156a97011,21,f
val_pr_auc_mood/theme---inspiring,0.0896741832468084,1780399270676,0c0d66e93e524c959f92f82156a97011,21,f
val_roc_auc_mood/theme---inspiring,0.669646152241584,1780399270676,0c0d66e93e524c959f92f82156a97011,21,f
val_pr_auc_mood/theme---love,0.10441494855860392,1780399270676,0c0d66e93e524c959f92f82156a97011,21,f
val_roc_auc_mood/theme---love,0.6563856624796343,1780399270676,0c0d66e93e524c959f92f82156a97011,21,f
val_roc_auc_mood/theme---meditative,0.7942719306176551,1780399270676,0c0d66e93e524c959f92f82156a97011,21,f
val_roc_auc_mood/theme---uplifting,0.6398193484524419,1780400219032,0c0d66e93e524c959f92f82156a97011,22,f
train_loss,0.04209456798346604,1780399990516,0c0d66e93e524c959f92f82156a97011,22,f
val_roc_auc_mood/theme---background,0.6290865384615384,1780400219032,0c0d66e93e524c959f92f82156a97011,22,f
val_pr_auc_mood/theme---uplifting,0.06626599330866689,1780400219032,0c0d66e93e524c959f92f82156a97011,22,f
stdev_train_loss,0.004382534491186844,1780399990086,0c0d66e93e524c959f92f82156a97011,22,f
val_pr_auc_mood/theme---background,0.014789756449467659,1780400219032,0c0d66e93e524c959f92f82156a97011,22,f
val_roc_auc_mood/theme---advertising,0.7637119964264775,1780400219032,0c0d66e93e524c959f92f82156a97011,22,f
val_pr_auc_mood/theme---advertising,0.1570737462499872,1780400219032,0c0d66e93e524c959f92f82156a97011,22,f
val_roc_auc_mood/theme---adventure,0.5780419455231485,1780400219032,0c0d66e93e524c959f92f82156a97011,22,f
val_pr_auc_mood/theme---adventure,0.025243766671083412,1780400219032,0c0d66e93e524c959f92f82156a97011,22,f
val_roc_auc_mood/theme---action,0.6860518718004707,1780400219032,0c0d66e93e524c959f92f82156a97011,22,f
val_pr_auc_mood/theme---action,0.07473782599425176,1780400219032,0c0d66e93e524c959f92f82156a97011,22,f
val_loss_std,0.030281011501723406,1780400219032,0c0d66e93e524c959f92f82156a97011,22,f
val_loss_avg,0.055682566041845835,1780400219032,0c0d66e93e524c959f92f82156a97011,22,f
val_pr_auc_mood/theme---inspiring,0.0956602220683255,1780400219032,0c0d66e93e524c959f92f82156a97011,22,f
val_roc_auc_mood/theme---hopeful,0.7617867469168585,1780400219032,0c0d66e93e524c959f92f82156a97011,22,f
val_pr_auc_mood/theme---hopeful,0.022689676201104663,1780400219032,0c0d66e93e524c959f92f82156a97011,22,f
val_roc_auc_mood/theme---holiday,0.6176077970343964,1780400219032,0c0d66e93e524c959f92f82156a97011,22,f
val_pr_auc_mood/theme---holiday,0.017347908622560686,1780400219032,0c0d66e93e524c959f92f82156a97011,22,f
val_macro_roc_auc,0.7228645809550119,1780400219032,0c0d66e93e524c959f92f82156a97011,22,f
val_macro_pr_auc,0.09150700176179079,1780400219032,0c0d66e93e524c959f92f82156a97011,22,f
val_pr_auc_mood/theme---drama,0.06152591106507952,1780400219032,0c0d66e93e524c959f92f82156a97011,22,f
val_roc_auc_mood/theme---drama,0.7038942768199233,1780400219032,0c0d66e93e524c959f92f82156a97011,22,f
val_pr_auc_mood/theme---dramatic,0.025689881092755322,1780400219032,0c0d66e93e524c959f92f82156a97011,22,f
val_roc_auc_mood/theme---dramatic,0.6431247658298989,1780400219032,0c0d66e93e524c959f92f82156a97011,22,f
val_pr_auc_mood/theme---dream,0.1129422943606759,1780400219032,0c0d66e93e524c959f92f82156a97011,22,f
val_roc_auc_mood/theme---dream,0.6697425974078329,1780400219032,0c0d66e93e524c959f92f82156a97011,22,f
val_pr_auc_mood/theme---emotional,0.14517883843147616,1780400219032,0c0d66e93e524c959f92f82156a97011,22,f
val_roc_auc_mood/theme---emotional,0.6439869416561981,1780400219032,0c0d66e93e524c959f92f82156a97011,22,f
val_pr_auc_mood/theme---energetic,0.19519856246480743,1780400219032,0c0d66e93e524c959f92f82156a97011,22,f
val_roc_auc_mood/theme---energetic,0.7594377910884983,1780400219032,0c0d66e93e524c959f92f82156a97011,22,f
val_pr_auc_mood/theme---epic,0.42257472978591903,1780400219032,0c0d66e93e524c959f92f82156a97011,22,f
val_roc_auc_mood/theme---epic,0.8904265746361472,1780400219032,0c0d66e93e524c959f92f82156a97011,22,f
val_pr_auc_mood/theme---fast,0.05899545869197587,1780400219032,0c0d66e93e524c959f92f82156a97011,22,f
val_roc_auc_mood/theme---fast,0.8703552803129074,1780400219032,0c0d66e93e524c959f92f82156a97011,22,f
val_pr_auc_mood/theme---film,0.1309496848369413,1780400219032,0c0d66e93e524c959f92f82156a97011,22,f
val_roc_auc_mood/theme---film,0.6968550528472423,1780400219032,0c0d66e93e524c959f92f82156a97011,22,f
val_pr_auc_mood/theme---fun,0.08937621816838356,1780400219032,0c0d66e93e524c959f92f82156a97011,22,f
val_roc_auc_mood/theme---fun,0.6613590136167632,1780400219032,0c0d66e93e524c959f92f82156a97011,22,f
val_pr_auc_mood/theme---funny,0.017388270223000817,1780400219032,0c0d66e93e524c959f92f82156a97011,22,f
val_roc_auc_mood/theme---funny,0.7965530333536592,1780400219032,0c0d66e93e524c959f92f82156a97011,22,f
val_pr_auc_mood/theme---game,0.012802749735256268,1780400219032,0c0d66e93e524c959f92f82156a97011,22,f
val_roc_auc_mood/theme---game,0.6432020045632334,1780400219032,0c0d66e93e524c959f92f82156a97011,22,f
val_pr_auc_mood/theme---groovy,0.06796292367240485,1780400219032,0c0d66e93e524c959f92f82156a97011,22,f
val_roc_auc_mood/theme---groovy,0.8120722653984457,1780400219032,0c0d66e93e524c959f92f82156a97011,22,f
val_roc_auc_mood/theme---heavy,0.8985021346390409,1780400219032,0c0d66e93e524c959f92f82156a97011,22,f
val_pr_auc_mood/theme---heavy,0.08298434800698529,1780400219032,0c0d66e93e524c959f92f82156a97011,22,f
val_roc_auc_mood/theme---happy,0.7195452301155066,1780400219032,0c0d66e93e524c959f92f82156a97011,22,f
val_pr_auc_mood/theme---happy,0.2518143914581668,1780400219032,0c0d66e93e524c959f92f82156a97011,22,f
val_roc_auc_mood/theme---ballad,0.761204133510168,1780400219032,0c0d66e93e524c959f92f82156a97011,22,f
val_pr_auc_mood/theme---calm,0.11994464269283828,1780400219032,0c0d66e93e524c959f92f82156a97011,22,f
val_roc_auc_mood/theme---calm,0.7583855098389982,1780400219032,0c0d66e93e524c959f92f82156a97011,22,f
val_pr_auc_mood/theme---children,0.0787700372581553,1780400219032,0c0d66e93e524c959f92f82156a97011,22,f
val_roc_auc_mood/theme---children,0.7247562614510914,1780400219032,0c0d66e93e524c959f92f82156a97011,22,f
val_pr_auc_mood/theme---christmas,0.11758633915264563,1780400219032,0c0d66e93e524c959f92f82156a97011,22,f
val_roc_auc_mood/theme---christmas,0.802759975640877,1780400219032,0c0d66e93e524c959f92f82156a97011,22,f
val_pr_auc_mood/theme---commercial,0.08986934799296108,1780400219032,0c0d66e93e524c959f92f82156a97011,22,f
val_roc_auc_mood/theme---commercial,0.7280584902771398,1780400219032,0c0d66e93e524c959f92f82156a97011,22,f
val_pr_auc_mood/theme---cool,0.023881643287602106,1780400219032,0c0d66e93e524c959f92f82156a97011,22,f
val_roc_auc_mood/theme---cool,0.7433885974772075,1780400219032,0c0d66e93e524c959f92f82156a97011,22,f
val_pr_auc_mood/theme---corporate,0.18371370265343975,1780400219032,0c0d66e93e524c959f92f82156a97011,22,f
val_roc_auc_mood/theme---corporate,0.8171133992160327,1780400219032,0c0d66e93e524c959f92f82156a97011,22,f
val_pr_auc_mood/theme---dark,0.12157551456661875,1780400219032,0c0d66e93e524c959f92f82156a97011,22,f
val_roc_auc_mood/theme---dark,0.6904889192763738,1780400219032,0c0d66e93e524c959f92f82156a97011,22,f
val_pr_auc_mood/theme---deep,0.15696557084693236,1780400219032,0c0d66e93e524c959f92f82156a97011,22,f
val_roc_auc_mood/theme---deep,0.8087639812560904,1780400219032,0c0d66e93e524c959f92f82156a97011,22,f
val_pr_auc_mood/theme---documentary,0.04150103399658765,1780400219032,0c0d66e93e524c959f92f82156a97011,22,f
val_roc_auc_mood/theme---documentary,0.6254063383254109,1780400219032,0c0d66e93e524c959f92f82156a97011,22,f
val_roc_auc_mood/theme---upbeat,0.5152144744447197,1780400219032,0c0d66e93e524c959f92f82156a97011,22,f
val_pr_auc_mood/theme---upbeat,0.04484531618015404,1780400219032,0c0d66e93e524c959f92f82156a97011,22,f
val_roc_auc_mood/theme---travel,0.6513809360674725,1780400219032,0c0d66e93e524c959f92f82156a97011,22,f
val_pr_auc_mood/theme---travel,0.03141201183822015,1780400219032,0c0d66e93e524c959f92f82156a97011,22,f
val_roc_auc_mood/theme---trailer,0.893048723862877,1780400219032,0c0d66e93e524c959f92f82156a97011,22,f
val_pr_auc_mood/theme---trailer,0.1751971670098403,1780400219032,0c0d66e93e524c959f92f82156a97011,22,f
val_roc_auc_mood/theme---summer,0.8329557804092971,1780400219032,0c0d66e93e524c959f92f82156a97011,22,f
val_pr_auc_mood/theme---summer,0.23007857584569638,1780400219032,0c0d66e93e524c959f92f82156a97011,22,f
val_roc_auc_mood/theme---sport,0.857255718999944,1780400219032,0c0d66e93e524c959f92f82156a97011,22,f
val_pr_auc_mood/theme---sport,0.04973205373316589,1780400219032,0c0d66e93e524c959f92f82156a97011,22,f
val_roc_auc_mood/theme---space,0.7391001835117718,1780400219032,0c0d66e93e524c959f92f82156a97011,22,f
val_pr_auc_mood/theme---space,0.05343797561522286,1780400219032,0c0d66e93e524c959f92f82156a97011,22,f
val_roc_auc_mood/theme---soundscape,0.7475364371275152,1780400219032,0c0d66e93e524c959f92f82156a97011,22,f
val_pr_auc_mood/theme---soundscape,0.02422994965523534,1780400219032,0c0d66e93e524c959f92f82156a97011,22,f
val_roc_auc_mood/theme---soft,0.7096254933315187,1780400219032,0c0d66e93e524c959f92f82156a97011,22,f
val_pr_auc_mood/theme---soft,0.05821759887039851,1780400219032,0c0d66e93e524c959f92f82156a97011,22,f
val_roc_auc_mood/theme---slow,0.7404892877094269,1780400219032,0c0d66e93e524c959f92f82156a97011,22,f
val_pr_auc_mood/theme---slow,0.035780002301792894,1780400219032,0c0d66e93e524c959f92f82156a97011,22,f
val_roc_auc_mood/theme---sexy,0.6789921395499084,1780400219032,0c0d66e93e524c959f92f82156a97011,22,f
val_pr_auc_mood/theme---sexy,0.018779965657729804,1780400219032,0c0d66e93e524c959f92f82156a97011,22,f
val_roc_auc_mood/theme---sad,0.7346119843286151,1780400219032,0c0d66e93e524c959f92f82156a97011,22,f
val_pr_auc_mood/theme---sad,0.09055462665105851,1780400219032,0c0d66e93e524c959f92f82156a97011,22,f
val_roc_auc_mood/theme---romantic,0.7014621174478735,1780400219032,0c0d66e93e524c959f92f82156a97011,22,f
val_pr_auc_mood/theme---romantic,0.07133581224690619,1780400219032,0c0d66e93e524c959f92f82156a97011,22,f
val_roc_auc_mood/theme---retro,0.5346593083053935,1780400219032,0c0d66e93e524c959f92f82156a97011,22,f
val_pr_auc_mood/theme---retro,0.011205284161567838,1780400219032,0c0d66e93e524c959f92f82156a97011,22,f
val_roc_auc_mood/theme---relaxing,0.740780077413665,1780400219032,0c0d66e93e524c959f92f82156a97011,22,f
val_pr_auc_mood/theme---relaxing,0.2033540390268635,1780400219032,0c0d66e93e524c959f92f82156a97011,22,f
val_roc_auc_mood/theme---powerful,0.6433067966116099,1780400219032,0c0d66e93e524c959f92f82156a97011,22,f
val_pr_auc_mood/theme---powerful,0.019540463125817004,1780400219032,0c0d66e93e524c959f92f82156a97011,22,f
val_roc_auc_mood/theme---positive,0.7115812265917604,1780400219032,0c0d66e93e524c959f92f82156a97011,22,f
val_pr_auc_mood/theme---positive,0.041498224504371545,1780400219032,0c0d66e93e524c959f92f82156a97011,22,f
val_roc_auc_mood/theme---party,0.8243871513102282,1780400219032,0c0d66e93e524c959f92f82156a97011,22,f
val_pr_auc_mood/theme---party,0.09090651169214282,1780400219032,0c0d66e93e524c959f92f82156a97011,22,f
val_roc_auc_mood/theme---nature,0.6772441901154773,1780400219032,0c0d66e93e524c959f92f82156a97011,22,f
val_pr_auc_mood/theme---nature,0.02679971238102114,1780400219032,0c0d66e93e524c959f92f82156a97011,22,f
val_roc_auc_mood/theme---movie,0.7642788774087997,1780400219032,0c0d66e93e524c959f92f82156a97011,22,f
val_pr_auc_mood/theme---movie,0.08547783761180026,1780400219032,0c0d66e93e524c959f92f82156a97011,22,f
val_roc_auc_mood/theme---motivational,0.8326267775690904,1780400219032,0c0d66e93e524c959f92f82156a97011,22,f
val_pr_auc_mood/theme---motivational,0.18947960775865774,1780400219032,0c0d66e93e524c959f92f82156a97011,22,f
val_roc_auc_mood/theme---melodic,0.5962117950925528,1780400219032,0c0d66e93e524c959f92f82156a97011,22,f
val_pr_auc_mood/theme---melodic,0.13295222385857466,1780400219032,0c0d66e93e524c959f92f82156a97011,22,f
val_roc_auc_mood/theme---melancholic,0.7143612048786799,1780400219032,0c0d66e93e524c959f92f82156a97011,22,f
val_pr_auc_mood/theme---melancholic,0.06161018751470811,1780400219032,0c0d66e93e524c959f92f82156a97011,22,f
val_roc_auc_mood/theme---meditative,0.7698963324866386,1780400219032,0c0d66e93e524c959f92f82156a97011,22,f
val_pr_auc_mood/theme---meditative,0.13110171143552127,1780400219032,0c0d66e93e524c959f92f82156a97011,22,f
val_roc_auc_mood/theme---love,0.6673437746360436,1780400219032,0c0d66e93e524c959f92f82156a97011,22,f
val_pr_auc_mood/theme---love,0.10258769141275334,1780400219032,0c0d66e93e524c959f92f82156a97011,22,f
val_roc_auc_mood/theme---inspiring,0.6565769310997722,1780400219032,0c0d66e93e524c959f92f82156a97011,22,f
avg_train_loss,0.04209456798346604,1780399989015,0c0d66e93e524c959f92f82156a97011,22,f
val_pr_auc_mood/theme---ballad,0.06127655856400679,1780400219032,0c0d66e93e524c959f92f82156a97011,22,f
val_roc_auc_mood/theme---trailer,0.9289980030275462,1780401170379,0c0d66e93e524c959f92f82156a97011,23,f
val_macro_roc_auc,0.7282589607424713,1780401170379,0c0d66e93e524c959f92f82156a97011,23,f
val_roc_auc_mood/theme---uplifting,0.6326408160940534,1780401170379,0c0d66e93e524c959f92f82156a97011,23,f
val_pr_auc_mood/theme---uplifting,0.06599707628606227,1780401170379,0c0d66e93e524c959f92f82156a97011,23,f
val_roc_auc_mood/theme---upbeat,0.5782398233011312,1780401170379,0c0d66e93e524c959f92f82156a97011,23,f
val_pr_auc_mood/theme---upbeat,0.04520607956373105,1780401170379,0c0d66e93e524c959f92f82156a97011,23,f
val_roc_auc_mood/theme---travel,0.5955616459213581,1780401170379,0c0d66e93e524c959f92f82156a97011,23,f
val_pr_auc_mood/theme---travel,0.021541226147858784,1780401170379,0c0d66e93e524c959f92f82156a97011,23,f
val_pr_auc_mood/theme---trailer,0.2049948792273229,1780401170379,0c0d66e93e524c959f92f82156a97011,23,f
val_roc_auc_mood/theme---summer,0.7949872816485589,1780401170379,0c0d66e93e524c959f92f82156a97011,23,f
val_pr_auc_mood/theme---summer,0.194112139138553,1780401170379,0c0d66e93e524c959f92f82156a97011,23,f
val_roc_auc_mood/theme---sport,0.8594720062643324,1780401170379,0c0d66e93e524c959f92f82156a97011,23,f
val_pr_auc_mood/theme---sport,0.0664858636595598,1780401170379,0c0d66e93e524c959f92f82156a97011,23,f
val_roc_auc_mood/theme---space,0.7713176609061945,1780401170379,0c0d66e93e524c959f92f82156a97011,23,f
val_pr_auc_mood/theme---space,0.06106390275140838,1780401170379,0c0d66e93e524c959f92f82156a97011,23,f
val_roc_auc_mood/theme---soundscape,0.7610639051159498,1780401170379,0c0d66e93e524c959f92f82156a97011,23,f
val_pr_auc_mood/theme---soundscape,0.027596738196908617,1780401170379,0c0d66e93e524c959f92f82156a97011,23,f
val_roc_auc_mood/theme---soft,0.694783019188895,1780401170379,0c0d66e93e524c959f92f82156a97011,23,f
val_pr_auc_mood/theme---soft,0.056288786173330385,1780401170379,0c0d66e93e524c959f92f82156a97011,23,f
val_roc_auc_mood/theme---slow,0.7587281136604982,1780401170379,0c0d66e93e524c959f92f82156a97011,23,f
val_pr_auc_mood/theme---slow,0.0454760291695786,1780401170379,0c0d66e93e524c959f92f82156a97011,23,f
val_roc_auc_mood/theme---sexy,0.7131186963856287,1780401170379,0c0d66e93e524c959f92f82156a97011,23,f
val_pr_auc_mood/theme---sexy,0.021751861796479748,1780401170379,0c0d66e93e524c959f92f82156a97011,23,f
val_roc_auc_mood/theme---sad,0.726532473454498,1780401170379,0c0d66e93e524c959f92f82156a97011,23,f
val_pr_auc_mood/theme---sad,0.08877134021014159,1780401170379,0c0d66e93e524c959f92f82156a97011,23,f
val_roc_auc_mood/theme---romantic,0.7223380076924493,1780401170379,0c0d66e93e524c959f92f82156a97011,23,f
val_pr_auc_mood/theme---romantic,0.08150651503544246,1780401170379,0c0d66e93e524c959f92f82156a97011,23,f
val_roc_auc_mood/theme---retro,0.5184077924267676,1780401170379,0c0d66e93e524c959f92f82156a97011,23,f
val_pr_auc_mood/theme---retro,0.011274023886803906,1780401170379,0c0d66e93e524c959f92f82156a97011,23,f
val_roc_auc_mood/theme---relaxing,0.7331203708996481,1780401170379,0c0d66e93e524c959f92f82156a97011,23,f
val_pr_auc_mood/theme---relaxing,0.15720697634932998,1780401170379,0c0d66e93e524c959f92f82156a97011,23,f
val_roc_auc_mood/theme---powerful,0.6821202935093634,1780401170379,0c0d66e93e524c959f92f82156a97011,23,f
val_pr_auc_mood/theme---powerful,0.022461114532178344,1780401170379,0c0d66e93e524c959f92f82156a97011,23,f
val_roc_auc_mood/theme---positive,0.7345505617977528,1780401170379,0c0d66e93e524c959f92f82156a97011,23,f
val_pr_auc_mood/theme---positive,0.052792625649862555,1780401170379,0c0d66e93e524c959f92f82156a97011,23,f
val_roc_auc_mood/theme---party,0.8241918338072184,1780401170379,0c0d66e93e524c959f92f82156a97011,23,f
val_pr_auc_mood/theme---party,0.10778775290593104,1780401170379,0c0d66e93e524c959f92f82156a97011,23,f
val_roc_auc_mood/theme---nature,0.6895329449784895,1780401170379,0c0d66e93e524c959f92f82156a97011,23,f
val_pr_auc_mood/theme---nature,0.027271560805757003,1780401170379,0c0d66e93e524c959f92f82156a97011,23,f
val_roc_auc_mood/theme---movie,0.7796786427959708,1780401170379,0c0d66e93e524c959f92f82156a97011,23,f
val_pr_auc_mood/theme---movie,0.1019281338684827,1780401170379,0c0d66e93e524c959f92f82156a97011,23,f
val_roc_auc_mood/theme---motivational,0.839688757713979,1780401170379,0c0d66e93e524c959f92f82156a97011,23,f
val_pr_auc_mood/theme---motivational,0.18851626851954725,1780401170379,0c0d66e93e524c959f92f82156a97011,23,f
val_roc_auc_mood/theme---melodic,0.6163152680357551,1780401170379,0c0d66e93e524c959f92f82156a97011,23,f
val_pr_auc_mood/theme---melodic,0.13839106611246788,1780401170379,0c0d66e93e524c959f92f82156a97011,23,f
val_roc_auc_mood/theme---melancholic,0.7055987171132119,1780401170379,0c0d66e93e524c959f92f82156a97011,23,f
val_pr_auc_mood/theme---melancholic,0.06723940923336999,1780401170379,0c0d66e93e524c959f92f82156a97011,23,f
val_roc_auc_mood/theme---meditative,0.7631460881165334,1780401170379,0c0d66e93e524c959f92f82156a97011,23,f
val_pr_auc_mood/theme---meditative,0.13660733592309687,1780401170379,0c0d66e93e524c959f92f82156a97011,23,f
val_roc_auc_mood/theme---love,0.728500946024071,1780401170379,0c0d66e93e524c959f92f82156a97011,23,f
val_pr_auc_mood/theme---love,0.12590797125731154,1780401170379,0c0d66e93e524c959f92f82156a97011,23,f
val_roc_auc_mood/theme---inspiring,0.6977181011520812,1780401170379,0c0d66e93e524c959f92f82156a97011,23,f
val_pr_auc_mood/theme---inspiring,0.10654553785295111,1780401170379,0c0d66e93e524c959f92f82156a97011,23,f
val_roc_auc_mood/theme---hopeful,0.760776243582935,1780401170379,0c0d66e93e524c959f92f82156a97011,23,f
val_pr_auc_mood/theme---hopeful,0.02908317515237999,1780401170379,0c0d66e93e524c959f92f82156a97011,23,f
val_roc_auc_mood/theme---holiday,0.5715006257347642,1780401170379,0c0d66e93e524c959f92f82156a97011,23,f
val_pr_auc_mood/theme---holiday,0.015149916923801738,1780401170379,0c0d66e93e524c959f92f82156a97011,23,f
train_loss,0.04189524020985765,1780400940941,0c0d66e93e524c959f92f82156a97011,23,f
stdev_train_loss,0.004315630168780353,1780400940509,0c0d66e93e524c959f92f82156a97011,23,f
val_loss_avg,0.053722148172499144,1780401170379,0c0d66e93e524c959f92f82156a97011,23,f
val_loss_std,0.025737410238386858,1780401170379,0c0d66e93e524c959f92f82156a97011,23,f
val_pr_auc_mood/theme---action,0.10321956679102837,1780401170379,0c0d66e93e524c959f92f82156a97011,23,f
val_roc_auc_mood/theme---action,0.7490841157774706,1780401170379,0c0d66e93e524c959f92f82156a97011,23,f
val_pr_auc_mood/theme---adventure,0.03089626819517174,1780401170379,0c0d66e93e524c959f92f82156a97011,23,f
val_roc_auc_mood/theme---adventure,0.576399790685505,1780401170379,0c0d66e93e524c959f92f82156a97011,23,f
val_pr_auc_mood/theme---advertising,0.1888596580172038,1780401170379,0c0d66e93e524c959f92f82156a97011,23,f
val_roc_auc_mood/theme---advertising,0.7804442707315484,1780401170379,0c0d66e93e524c959f92f82156a97011,23,f
val_pr_auc_mood/theme---background,0.01479690813690078,1780401170379,0c0d66e93e524c959f92f82156a97011,23,f
val_roc_auc_mood/theme---background,0.591445623342175,1780401170379,0c0d66e93e524c959f92f82156a97011,23,f
val_pr_auc_mood/theme---ballad,0.07028657973918001,1780401170379,0c0d66e93e524c959f92f82156a97011,23,f
val_roc_auc_mood/theme---ballad,0.7653256704980842,1780401170379,0c0d66e93e524c959f92f82156a97011,23,f
val_pr_auc_mood/theme---calm,0.11062766931124622,1780401170379,0c0d66e93e524c959f92f82156a97011,23,f
val_roc_auc_mood/theme---calm,0.7579642842284811,1780401170379,0c0d66e93e524c959f92f82156a97011,23,f
val_pr_auc_mood/theme---children,0.07866355074019073,1780401170379,0c0d66e93e524c959f92f82156a97011,23,f
val_roc_auc_mood/theme---children,0.7247722330854688,1780401170379,0c0d66e93e524c959f92f82156a97011,23,f
val_pr_auc_mood/theme---christmas,0.10218844596947683,1780401170379,0c0d66e93e524c959f92f82156a97011,23,f
val_roc_auc_mood/theme---christmas,0.7957821018443336,1780401170379,0c0d66e93e524c959f92f82156a97011,23,f
val_pr_auc_mood/theme---commercial,0.11485262757749891,1780401170379,0c0d66e93e524c959f92f82156a97011,23,f
val_roc_auc_mood/theme---commercial,0.7944801714898178,1780401170379,0c0d66e93e524c959f92f82156a97011,23,f
val_pr_auc_mood/theme---cool,0.017263050272160536,1780401170379,0c0d66e93e524c959f92f82156a97011,23,f
val_roc_auc_mood/theme---cool,0.6581506806544274,1780401170379,0c0d66e93e524c959f92f82156a97011,23,f
val_pr_auc_mood/theme---corporate,0.1974840995192455,1780401170379,0c0d66e93e524c959f92f82156a97011,23,f
val_roc_auc_mood/theme---corporate,0.8321509413128693,1780401170379,0c0d66e93e524c959f92f82156a97011,23,f
val_pr_auc_mood/theme---dark,0.12465855223601748,1780401170379,0c0d66e93e524c959f92f82156a97011,23,f
val_roc_auc_mood/theme---dark,0.7019399903746025,1780401170379,0c0d66e93e524c959f92f82156a97011,23,f
val_pr_auc_mood/theme---deep,0.1823011587162035,1780401170379,0c0d66e93e524c959f92f82156a97011,23,f
val_roc_auc_mood/theme---deep,0.8216106251722786,1780401170379,0c0d66e93e524c959f92f82156a97011,23,f
val_pr_auc_mood/theme---documentary,0.039768244627752275,1780401170379,0c0d66e93e524c959f92f82156a97011,23,f
val_roc_auc_mood/theme---documentary,0.6179403204741479,1780401170379,0c0d66e93e524c959f92f82156a97011,23,f
val_pr_auc_mood/theme---drama,0.06123951300368248,1780401170379,0c0d66e93e524c959f92f82156a97011,23,f
val_roc_auc_mood/theme---drama,0.7002394636015326,1780401170379,0c0d66e93e524c959f92f82156a97011,23,f
val_pr_auc_mood/theme---dramatic,0.023694534752769156,1780401170379,0c0d66e93e524c959f92f82156a97011,23,f
val_roc_auc_mood/theme---dramatic,0.6534282502810042,1780401170379,0c0d66e93e524c959f92f82156a97011,23,f
val_pr_auc_mood/theme---dream,0.1264001356293322,1780401170379,0c0d66e93e524c959f92f82156a97011,23,f
val_roc_auc_mood/theme---dream,0.7147541203899672,1780401170379,0c0d66e93e524c959f92f82156a97011,23,f
val_pr_auc_mood/theme---emotional,0.13388528262379784,1780401170379,0c0d66e93e524c959f92f82156a97011,23,f
val_roc_auc_mood/theme---emotional,0.6212072056689149,1780401170379,0c0d66e93e524c959f92f82156a97011,23,f
val_pr_auc_mood/theme---energetic,0.19362454582433095,1780401170379,0c0d66e93e524c959f92f82156a97011,23,f
val_roc_auc_mood/theme---energetic,0.7647529934089086,1780401170379,0c0d66e93e524c959f92f82156a97011,23,f
val_pr_auc_mood/theme---epic,0.44032178970930347,1780401170379,0c0d66e93e524c959f92f82156a97011,23,f
val_roc_auc_mood/theme---epic,0.8989893665214276,1780401170379,0c0d66e93e524c959f92f82156a97011,23,f
val_pr_auc_mood/theme---fast,0.059603098781727426,1780401170379,0c0d66e93e524c959f92f82156a97011,23,f
val_roc_auc_mood/theme---fast,0.8661587353324642,1780401170379,0c0d66e93e524c959f92f82156a97011,23,f
avg_train_loss,0.04189524020985765,1780400940001,0c0d66e93e524c959f92f82156a97011,23,f
val_pr_auc_mood/theme---film,0.1355955826972487,1780401170379,0c0d66e93e524c959f92f82156a97011,23,f
val_roc_auc_mood/theme---film,0.6863255449294013,1780401170379,0c0d66e93e524c959f92f82156a97011,23,f
val_pr_auc_mood/theme---fun,0.088754549433228,1780401170379,0c0d66e93e524c959f92f82156a97011,23,f
val_roc_auc_mood/theme---fun,0.6532851088379524,1780401170379,0c0d66e93e524c959f92f82156a97011,23,f
val_pr_auc_mood/theme---funny,0.01719197308612842,1780401170379,0c0d66e93e524c959f92f82156a97011,23,f
val_roc_auc_mood/theme---funny,0.7768675863179815,1780401170379,0c0d66e93e524c959f92f82156a97011,23,f
val_pr_auc_mood/theme---game,0.012223674195616523,1780401170379,0c0d66e93e524c959f92f82156a97011,23,f
val_roc_auc_mood/theme---game,0.6073785853976532,1780401170379,0c0d66e93e524c959f92f82156a97011,23,f
val_pr_auc_mood/theme---groovy,0.07660624362257873,1780401170379,0c0d66e93e524c959f92f82156a97011,23,f
val_roc_auc_mood/theme---groovy,0.8339519777288018,1780401170379,0c0d66e93e524c959f92f82156a97011,23,f
val_pr_auc_mood/theme---happy,0.2518083094576312,1780401170379,0c0d66e93e524c959f92f82156a97011,23,f
val_roc_auc_mood/theme---happy,0.7260211562630918,1780401170379,0c0d66e93e524c959f92f82156a97011,23,f
val_pr_auc_mood/theme---heavy,0.1437553021371339,1780401170379,0c0d66e93e524c959f92f82156a97011,23,f
val_roc_auc_mood/theme---heavy,0.9290222468784421,1780401170379,0c0d66e93e524c959f92f82156a97011,23,f
val_macro_pr_auc,0.09659868252023993,1780401170379,0c0d66e93e524c959f92f82156a97011,23,f
val_pr_auc_mood/theme---soundscape,0.031282880376313715,1780402117783,0c0d66e93e524c959f92f82156a97011,24,f
val_roc_auc_mood/theme---soft,0.6709585091181274,1780402117783,0c0d66e93e524c959f92f82156a97011,24,f
val_roc_auc_mood/theme---holiday,0.518028745875839,1780402117783,0c0d66e93e524c959f92f82156a97011,24,f
val_pr_auc_mood/theme---hopeful,0.02204413876819585,1780402117783,0c0d66e93e524c959f92f82156a97011,24,f
val_roc_auc_mood/theme---hopeful,0.7342523750516315,1780402117783,0c0d66e93e524c959f92f82156a97011,24,f
val_pr_auc_mood/theme---inspiring,0.07061929660606892,1780402117783,0c0d66e93e524c959f92f82156a97011,24,f
val_roc_auc_mood/theme---inspiring,0.6473205689804562,1780402117783,0c0d66e93e524c959f92f82156a97011,24,f
val_pr_auc_mood/theme---soft,0.04870345004478678,1780402117783,0c0d66e93e524c959f92f82156a97011,24,f
val_roc_auc_mood/theme---slow,0.725426151376216,1780402117783,0c0d66e93e524c959f92f82156a97011,24,f
val_pr_auc_mood/theme---love,0.10803299963939336,1780402117783,0c0d66e93e524c959f92f82156a97011,24,f
val_roc_auc_mood/theme---love,0.6792938981447416,1780402117783,0c0d66e93e524c959f92f82156a97011,24,f
val_pr_auc_mood/theme---meditative,0.13736028222563101,1780402117783,0c0d66e93e524c959f92f82156a97011,24,f
val_roc_auc_mood/theme---meditative,0.7745602617532212,1780402117783,0c0d66e93e524c959f92f82156a97011,24,f
val_pr_auc_mood/theme---melancholic,0.05489564793306275,1780402117783,0c0d66e93e524c959f92f82156a97011,24,f
val_roc_auc_mood/theme---melancholic,0.6834947925438307,1780402117783,0c0d66e93e524c959f92f82156a97011,24,f
val_pr_auc_mood/theme---melodic,0.13810672385624065,1780402117783,0c0d66e93e524c959f92f82156a97011,24,f
val_roc_auc_mood/theme---melodic,0.6050294687397129,1780402117783,0c0d66e93e524c959f92f82156a97011,24,f
val_pr_auc_mood/theme---motivational,0.11279325736405663,1780402117783,0c0d66e93e524c959f92f82156a97011,24,f
val_roc_auc_mood/theme---motivational,0.7909167337447456,1780402117783,0c0d66e93e524c959f92f82156a97011,24,f
val_pr_auc_mood/theme---movie,0.13003701789762076,1780402117783,0c0d66e93e524c959f92f82156a97011,24,f
val_roc_auc_mood/theme---movie,0.8137874618874098,1780402117783,0c0d66e93e524c959f92f82156a97011,24,f
val_pr_auc_mood/theme---nature,0.027058390562335236,1780402117783,0c0d66e93e524c959f92f82156a97011,24,f
val_roc_auc_mood/theme---nature,0.6873139704822873,1780402117783,0c0d66e93e524c959f92f82156a97011,24,f
val_pr_auc_mood/theme---party,0.0997652273784348,1780402117783,0c0d66e93e524c959f92f82156a97011,24,f
val_roc_auc_mood/theme---party,0.8321085965316735,1780402117783,0c0d66e93e524c959f92f82156a97011,24,f
val_pr_auc_mood/theme---positive,0.040901908034866666,1780402117783,0c0d66e93e524c959f92f82156a97011,24,f
val_roc_auc_mood/theme---positive,0.673760199304441,1780402117783,0c0d66e93e524c959f92f82156a97011,24,f
val_pr_auc_mood/theme---powerful,0.019346566534209297,1780402117783,0c0d66e93e524c959f92f82156a97011,24,f
val_roc_auc_mood/theme---powerful,0.6577896138482024,1780402117783,0c0d66e93e524c959f92f82156a97011,24,f
val_pr_auc_mood/theme---relaxing,0.18219747808507966,1780402117783,0c0d66e93e524c959f92f82156a97011,24,f
val_roc_auc_mood/theme---relaxing,0.7372049012322491,1780402117783,0c0d66e93e524c959f92f82156a97011,24,f
val_pr_auc_mood/theme---retro,0.011733505899104142,1780402117783,0c0d66e93e524c959f92f82156a97011,24,f
val_roc_auc_mood/theme---retro,0.5355607291781506,1780402117783,0c0d66e93e524c959f92f82156a97011,24,f
val_pr_auc_mood/theme---romantic,0.09496330324404219,1780402117783,0c0d66e93e524c959f92f82156a97011,24,f
val_roc_auc_mood/theme---romantic,0.7366141261340842,1780402117783,0c0d66e93e524c959f92f82156a97011,24,f
val_pr_auc_mood/theme---sad,0.08932898831383335,1780402117783,0c0d66e93e524c959f92f82156a97011,24,f
val_roc_auc_mood/theme---sad,0.7205263500749137,1780402117783,0c0d66e93e524c959f92f82156a97011,24,f
val_pr_auc_mood/theme---sexy,0.021433288185199083,1780402117783,0c0d66e93e524c959f92f82156a97011,24,f
val_pr_auc_mood/theme---holiday,0.010883943819591436,1780402117783,0c0d66e93e524c959f92f82156a97011,24,f
val_roc_auc_mood/theme---heavy,0.9070406908029619,1780402117783,0c0d66e93e524c959f92f82156a97011,24,f
val_pr_auc_mood/theme---heavy,0.09667194118435493,1780402117783,0c0d66e93e524c959f92f82156a97011,24,f
val_roc_auc_mood/theme---happy,0.7678522802082709,1780402117783,0c0d66e93e524c959f92f82156a97011,24,f
val_pr_auc_mood/theme---happy,0.3061382862902288,1780402117783,0c0d66e93e524c959f92f82156a97011,24,f
val_roc_auc_mood/theme---groovy,0.8325274040134556,1780402117783,0c0d66e93e524c959f92f82156a97011,24,f
val_pr_auc_mood/theme---groovy,0.10345749353778427,1780402117783,0c0d66e93e524c959f92f82156a97011,24,f
val_roc_auc_mood/theme---game,0.6577880541069101,1780402117783,0c0d66e93e524c959f92f82156a97011,24,f
val_pr_auc_mood/theme---game,0.018659922874614345,1780402117783,0c0d66e93e524c959f92f82156a97011,24,f
val_roc_auc_mood/theme---funny,0.7577343902803825,1780402117783,0c0d66e93e524c959f92f82156a97011,24,f
val_pr_auc_mood/theme---funny,0.015425645073502487,1780402117783,0c0d66e93e524c959f92f82156a97011,24,f
val_roc_auc_mood/theme---sexy,0.7178995728796526,1780402117783,0c0d66e93e524c959f92f82156a97011,24,f
val_roc_auc_mood/theme---fun,0.7046841369516497,1780402117783,0c0d66e93e524c959f92f82156a97011,24,f
val_pr_auc_mood/theme---fun,0.10310472495135889,1780402117783,0c0d66e93e524c959f92f82156a97011,24,f
val_roc_auc_mood/theme---film,0.6915488790763381,1780402117783,0c0d66e93e524c959f92f82156a97011,24,f
val_pr_auc_mood/theme---film,0.15166771164664763,1780402117783,0c0d66e93e524c959f92f82156a97011,24,f
val_roc_auc_mood/theme---fast,0.8575721153846153,1780402117783,0c0d66e93e524c959f92f82156a97011,24,f
val_pr_auc_mood/theme---fast,0.042443495935905656,1780402117783,0c0d66e93e524c959f92f82156a97011,24,f
val_roc_auc_mood/theme---epic,0.8914956881285573,1780402117783,0c0d66e93e524c959f92f82156a97011,24,f
val_pr_auc_mood/theme---epic,0.41399502074184413,1780402117783,0c0d66e93e524c959f92f82156a97011,24,f
val_roc_auc_mood/theme---energetic,0.7782538478096436,1780402117783,0c0d66e93e524c959f92f82156a97011,24,f
val_pr_auc_mood/theme---energetic,0.19201472769437766,1780402117783,0c0d66e93e524c959f92f82156a97011,24,f
val_roc_auc_mood/theme---emotional,0.6383098958015716,1780402117783,0c0d66e93e524c959f92f82156a97011,24,f
val_pr_auc_mood/theme---emotional,0.15102482693713742,1780402117783,0c0d66e93e524c959f92f82156a97011,24,f
val_roc_auc_mood/theme---dream,0.6638608373143052,1780402117783,0c0d66e93e524c959f92f82156a97011,24,f
val_pr_auc_mood/theme---dream,0.10378136719731945,1780402117783,0c0d66e93e524c959f92f82156a97011,24,f
val_roc_auc_mood/theme---dramatic,0.6682434120144873,1780402117783,0c0d66e93e524c959f92f82156a97011,24,f
val_pr_auc_mood/theme---dramatic,0.024704641842043205,1780402117783,0c0d66e93e524c959f92f82156a97011,24,f
val_roc_auc_mood/theme---drama,0.7106800766283526,1780402117783,0c0d66e93e524c959f92f82156a97011,24,f
val_pr_auc_mood/theme---drama,0.06681131416248531,1780402117783,0c0d66e93e524c959f92f82156a97011,24,f
val_roc_auc_mood/theme---documentary,0.6427294444186626,1780402117783,0c0d66e93e524c959f92f82156a97011,24,f
val_pr_auc_mood/theme---documentary,0.043218112031690334,1780402117783,0c0d66e93e524c959f92f82156a97011,24,f
val_roc_auc_mood/theme---deep,0.7965812164906029,1780402117783,0c0d66e93e524c959f92f82156a97011,24,f
val_pr_auc_mood/theme---deep,0.1517525253827951,1780402117783,0c0d66e93e524c959f92f82156a97011,24,f
val_roc_auc_mood/theme---dark,0.6213097086801931,1780402117783,0c0d66e93e524c959f92f82156a97011,24,f
val_pr_auc_mood/theme---dark,0.10088637577064569,1780402117783,0c0d66e93e524c959f92f82156a97011,24,f
val_roc_auc_mood/theme---corporate,0.8140216971236129,1780402117783,0c0d66e93e524c959f92f82156a97011,24,f
val_pr_auc_mood/theme---corporate,0.1364309299869585,1780402117783,0c0d66e93e524c959f92f82156a97011,24,f
val_roc_auc_mood/theme---cool,0.6271075309104532,1780402117783,0c0d66e93e524c959f92f82156a97011,24,f
val_pr_auc_mood/theme---cool,0.01487966561514333,1780402117783,0c0d66e93e524c959f92f82156a97011,24,f
val_roc_auc_mood/theme---commercial,0.7218572959730516,1780402117783,0c0d66e93e524c959f92f82156a97011,24,f
val_pr_auc_mood/theme---commercial,0.08178040814601314,1780402117783,0c0d66e93e524c959f92f82156a97011,24,f
val_roc_auc_mood/theme---christmas,0.7694438000231991,1780402117783,0c0d66e93e524c959f92f82156a97011,24,f
val_pr_auc_mood/theme---christmas,0.08337107445125311,1780402117783,0c0d66e93e524c959f92f82156a97011,24,f
val_roc_auc_mood/theme---children,0.692000721005209,1780402117783,0c0d66e93e524c959f92f82156a97011,24,f
val_pr_auc_mood/theme---children,0.06523092234133196,1780402117783,0c0d66e93e524c959f92f82156a97011,24,f
val_roc_auc_mood/theme---calm,0.6713062154178975,1780402117783,0c0d66e93e524c959f92f82156a97011,24,f
val_pr_auc_mood/theme---calm,0.054071073865733246,1780402117783,0c0d66e93e524c959f92f82156a97011,24,f
val_roc_auc_mood/theme---ballad,0.7806927866195107,1780402117783,0c0d66e93e524c959f92f82156a97011,24,f
val_pr_auc_mood/theme---ballad,0.0826465287365748,1780402117783,0c0d66e93e524c959f92f82156a97011,24,f
val_roc_auc_mood/theme---background,0.630678050397878,1780402117783,0c0d66e93e524c959f92f82156a97011,24,f
val_pr_auc_mood/theme---background,0.016216279844726626,1780402117783,0c0d66e93e524c959f92f82156a97011,24,f
val_roc_auc_mood/theme---advertising,0.7119852592199671,1780402117783,0c0d66e93e524c959f92f82156a97011,24,f
val_pr_auc_mood/theme---advertising,0.11846563963187667,1780402117783,0c0d66e93e524c959f92f82156a97011,24,f
val_roc_auc_mood/theme---adventure,0.533132281252582,1780402117783,0c0d66e93e524c959f92f82156a97011,24,f
val_pr_auc_mood/theme---adventure,0.034736655032047065,1780402117783,0c0d66e93e524c959f92f82156a97011,24,f
val_roc_auc_mood/theme---action,0.6696799864133731,1780402117783,0c0d66e93e524c959f92f82156a97011,24,f
val_pr_auc_mood/theme---action,0.11672120656261314,1780402117783,0c0d66e93e524c959f92f82156a97011,24,f
val_loss_std,0.042849736746062475,1780402117783,0c0d66e93e524c959f92f82156a97011,24,f
val_loss_avg,0.06174691313306183,1780402117783,0c0d66e93e524c959f92f82156a97011,24,f
val_macro_roc_auc,0.7146312106278477,1780402117783,0c0d66e93e524c959f92f82156a97011,24,f
val_macro_pr_auc,0.08863899331248049,1780402117783,0c0d66e93e524c959f92f82156a97011,24,f
val_roc_auc_mood/theme---uplifting,0.6394913553186934,1780402117783,0c0d66e93e524c959f92f82156a97011,24,f
val_pr_auc_mood/theme---uplifting,0.0655308353519945,1780402117783,0c0d66e93e524c959f92f82156a97011,24,f
val_roc_auc_mood/theme---upbeat,0.5994271736437949,1780402117783,0c0d66e93e524c959f92f82156a97011,24,f
val_pr_auc_mood/theme---upbeat,0.0458732745750713,1780402117783,0c0d66e93e524c959f92f82156a97011,24,f
train_loss,0.041764478608135217,1780401896615,0c0d66e93e524c959f92f82156a97011,24,f
stdev_train_loss,0.0043779573446723575,1780401896173,0c0d66e93e524c959f92f82156a97011,24,f
val_pr_auc_mood/theme---slow,0.029791138130949663,1780402117783,0c0d66e93e524c959f92f82156a97011,24,f
avg_train_loss,0.041764478608135217,1780401895059,0c0d66e93e524c959f92f82156a97011,24,f
val_roc_auc_mood/theme---travel,0.5906240993599677,1780402117783,0c0d66e93e524c959f92f82156a97011,24,f
val_pr_auc_mood/theme---travel,0.01798433135627201,1780402117783,0c0d66e93e524c959f92f82156a97011,24,f
val_roc_auc_mood/theme---trailer,0.8947097217451048,1780402117783,0c0d66e93e524c959f92f82156a97011,24,f
val_pr_auc_mood/theme---trailer,0.16750070306196563,1780402117783,0c0d66e93e524c959f92f82156a97011,24,f
val_roc_auc_mood/theme---summer,0.814560809710365,1780402117783,0c0d66e93e524c959f92f82156a97011,24,f
val_pr_auc_mood/theme---summer,0.19564128860104188,1780402117783,0c0d66e93e524c959f92f82156a97011,24,f
val_roc_auc_mood/theme---sport,0.8490128083226132,1780402117783,0c0d66e93e524c959f92f82156a97011,24,f
val_pr_auc_mood/theme---sport,0.043385258334459775,1780402117783,0c0d66e93e524c959f92f82156a97011,24,f
val_roc_auc_mood/theme---space,0.7397727701000474,1780402117783,0c0d66e93e524c959f92f82156a97011,24,f
val_pr_auc_mood/theme---space,0.05627998385007962,1780402117783,0c0d66e93e524c959f92f82156a97011,24,f
val_roc_auc_mood/theme---soundscape,0.7397843276096063,1780402117783,0c0d66e93e524c959f92f82156a97011,24,f
