key,value,timestamp,run_uuid,step,is_nan
val_pr_auc_mood/theme---fast,0.041356359795863974,1780378912217,0b159a90989548dba96a7176e0721050,0,f
train_loss,0.04988570731234625,1780378490772,0b159a90989548dba96a7176e0721050,0,f
stdev_train_loss,0.004329375264074478,1780378489952,0b159a90989548dba96a7176e0721050,0,f
val_loss_avg,0.05516243219413493,1780378912217,0b159a90989548dba96a7176e0721050,0,f
val_loss_std,0.023322077802912226,1780378912217,0b159a90989548dba96a7176e0721050,0,f
val_pr_auc_mood/theme---action,0.14007622619075433,1780378912217,0b159a90989548dba96a7176e0721050,0,f
val_roc_auc_mood/theme---action,0.6968338307009243,1780378912217,0b159a90989548dba96a7176e0721050,0,f
avg_train_loss,0.04988570731234625,1780378488878,0b159a90989548dba96a7176e0721050,0,f
val_pr_auc_mood/theme---adventure,0.02922650610017801,1780378912217,0b159a90989548dba96a7176e0721050,0,f
val_roc_auc_mood/theme---adventure,0.568495414360076,1780378912217,0b159a90989548dba96a7176e0721050,0,f
val_pr_auc_mood/theme---advertising,0.11281376083704364,1780378912217,0b159a90989548dba96a7176e0721050,0,f
val_roc_auc_mood/theme---advertising,0.7412248620378382,1780378912217,0b159a90989548dba96a7176e0721050,0,f
val_pr_auc_mood/theme---background,0.009443611111933186,1780378912217,0b159a90989548dba96a7176e0721050,0,f
val_roc_auc_mood/theme---background,0.5255056366047745,1780378912217,0b159a90989548dba96a7176e0721050,0,f
val_pr_auc_mood/theme---ballad,0.08612490840819448,1780378912217,0b159a90989548dba96a7176e0721050,0,f
val_roc_auc_mood/theme---ballad,0.8358384910109049,1780378912217,0b159a90989548dba96a7176e0721050,0,f
val_pr_auc_mood/theme---calm,0.038083417230802344,1780378912217,0b159a90989548dba96a7176e0721050,0,f
val_roc_auc_mood/theme---calm,0.5841307151474809,1780378912217,0b159a90989548dba96a7176e0721050,0,f
val_pr_auc_mood/theme---children,0.07077795347409063,1780378912217,0b159a90989548dba96a7176e0721050,0,f
val_roc_auc_mood/theme---children,0.7266454776317259,1780378912217,0b159a90989548dba96a7176e0721050,0,f
val_pr_auc_mood/theme---christmas,0.05199850142590646,1780378912217,0b159a90989548dba96a7176e0721050,0,f
val_roc_auc_mood/theme---christmas,0.7116090070757453,1780378912217,0b159a90989548dba96a7176e0721050,0,f
val_pr_auc_mood/theme---commercial,0.07969270176843254,1780378912217,0b159a90989548dba96a7176e0721050,0,f
val_roc_auc_mood/theme---commercial,0.7451768488745981,1780378912217,0b159a90989548dba96a7176e0721050,0,f
val_pr_auc_mood/theme---cool,0.034052536089287384,1780378912217,0b159a90989548dba96a7176e0721050,0,f
val_roc_auc_mood/theme---cool,0.7913076058448858,1780378912217,0b159a90989548dba96a7176e0721050,0,f
val_pr_auc_mood/theme---corporate,0.13798999159316228,1780378912217,0b159a90989548dba96a7176e0721050,0,f
val_roc_auc_mood/theme---corporate,0.8181347650858499,1780378912217,0b159a90989548dba96a7176e0721050,0,f
val_pr_auc_mood/theme---dark,0.10026119754716543,1780378912217,0b159a90989548dba96a7176e0721050,0,f
val_roc_auc_mood/theme---dark,0.6959186617545621,1780378912217,0b159a90989548dba96a7176e0721050,0,f
val_pr_auc_mood/theme---deep,0.1877672785040602,1780378912217,0b159a90989548dba96a7176e0721050,0,f
val_roc_auc_mood/theme---deep,0.8025289525074055,1780378912217,0b159a90989548dba96a7176e0721050,0,f
val_pr_auc_mood/theme---documentary,0.05056164712780511,1780378912217,0b159a90989548dba96a7176e0721050,0,f
val_roc_auc_mood/theme---documentary,0.6696124123513592,1780378912217,0b159a90989548dba96a7176e0721050,0,f
val_pr_auc_mood/theme---drama,0.06458655852358358,1780378912217,0b159a90989548dba96a7176e0721050,0,f
val_roc_auc_mood/theme---drama,0.7367037835249043,1780378912217,0b159a90989548dba96a7176e0721050,0,f
val_pr_auc_mood/theme---dramatic,0.019077718076026685,1780378912217,0b159a90989548dba96a7176e0721050,0,f
val_roc_auc_mood/theme---dramatic,0.700504246284501,1780378912217,0b159a90989548dba96a7176e0721050,0,f
val_pr_auc_mood/theme---dream,0.11676954631474872,1780378912217,0b159a90989548dba96a7176e0721050,0,f
val_roc_auc_mood/theme---dream,0.7066725793338843,1780378912217,0b159a90989548dba96a7176e0721050,0,f
val_pr_auc_mood/theme---emotional,0.13964468833330398,1780378912217,0b159a90989548dba96a7176e0721050,0,f
val_roc_auc_mood/theme---emotional,0.627066791883662,1780378912217,0b159a90989548dba96a7176e0721050,0,f
val_pr_auc_mood/theme---energetic,0.15479871467377496,1780378912217,0b159a90989548dba96a7176e0721050,0,f
val_roc_auc_mood/theme---energetic,0.7640507132833159,1780378912217,0b159a90989548dba96a7176e0721050,0,f
val_pr_auc_mood/theme---epic,0.3502157945964725,1780378912217,0b159a90989548dba96a7176e0721050,0,f
val_roc_auc_mood/theme---epic,0.8851353688771013,1780378912217,0b159a90989548dba96a7176e0721050,0,f
val_roc_auc_mood/theme---fast,0.8870803455019557,1780378912217,0b159a90989548dba96a7176e0721050,0,f
val_pr_auc_mood/theme---film,0.13359966047755117,1780378912217,0b159a90989548dba96a7176e0721050,0,f
val_roc_auc_mood/theme---film,0.7099126485750845,1780378912217,0b159a90989548dba96a7176e0721050,0,f
val_pr_auc_mood/theme---fun,0.10904672602760188,1780378912217,0b159a90989548dba96a7176e0721050,0,f
val_roc_auc_mood/theme---fun,0.6975924734284511,1780378912217,0b159a90989548dba96a7176e0721050,0,f
val_pr_auc_mood/theme---funny,0.018553648095104968,1780378912217,0b159a90989548dba96a7176e0721050,0,f
val_roc_auc_mood/theme---funny,0.7425589930623469,1780378912217,0b159a90989548dba96a7176e0721050,0,f
val_pr_auc_mood/theme---game,0.016784656897205173,1780378912217,0b159a90989548dba96a7176e0721050,0,f
val_roc_auc_mood/theme---game,0.46097824315514996,1780378912217,0b159a90989548dba96a7176e0721050,0,f
val_pr_auc_mood/theme---groovy,0.06339634885581875,1780378912217,0b159a90989548dba96a7176e0721050,0,f
val_roc_auc_mood/theme---groovy,0.8044727264818466,1780378912217,0b159a90989548dba96a7176e0721050,0,f
val_pr_auc_mood/theme---happy,0.25209127934917586,1780378912217,0b159a90989548dba96a7176e0721050,0,f
val_roc_auc_mood/theme---happy,0.7334351995930337,1780378912217,0b159a90989548dba96a7176e0721050,0,f
val_pr_auc_mood/theme---heavy,0.0690571162574541,1780378912217,0b159a90989548dba96a7176e0721050,0,f
val_roc_auc_mood/theme---heavy,0.890550503710493,1780378912217,0b159a90989548dba96a7176e0721050,0,f
val_pr_auc_mood/theme---holiday,0.013344885057961275,1780378912217,0b159a90989548dba96a7176e0721050,0,f
val_roc_auc_mood/theme---holiday,0.5226781447912321,1780378912217,0b159a90989548dba96a7176e0721050,0,f
val_pr_auc_mood/theme---hopeful,0.018939732447129015,1780378912217,0b159a90989548dba96a7176e0721050,0,f
val_roc_auc_mood/theme---hopeful,0.6585752640585354,1780378912217,0b159a90989548dba96a7176e0721050,0,f
val_pr_auc_mood/theme---inspiring,0.06712438849292618,1780378912217,0b159a90989548dba96a7176e0721050,0,f
val_roc_auc_mood/theme---inspiring,0.6519136500754148,1780378912217,0b159a90989548dba96a7176e0721050,0,f
val_pr_auc_mood/theme---love,0.0873863246426371,1780378912217,0b159a90989548dba96a7176e0721050,0,f
val_roc_auc_mood/theme---love,0.6147500919745624,1780378912217,0b159a90989548dba96a7176e0721050,0,f
val_pr_auc_mood/theme---meditative,0.12078869921326489,1780378912217,0b159a90989548dba96a7176e0721050,0,f
val_roc_auc_mood/theme---meditative,0.7770304042470075,1780378912217,0b159a90989548dba96a7176e0721050,0,f
val_pr_auc_mood/theme---melancholic,0.06733623061333606,1780378912217,0b159a90989548dba96a7176e0721050,0,f
val_roc_auc_mood/theme---melancholic,0.6473782099628753,1780378912217,0b159a90989548dba96a7176e0721050,0,f
val_pr_auc_mood/theme---melodic,0.12273622690955381,1780378912217,0b159a90989548dba96a7176e0721050,0,f
val_roc_auc_mood/theme---melodic,0.5728259286926135,1780378912217,0b159a90989548dba96a7176e0721050,0,f
val_pr_auc_mood/theme---motivational,0.07423598751568647,1780378912217,0b159a90989548dba96a7176e0721050,0,f
val_roc_auc_mood/theme---motivational,0.7904838565423488,1780378912217,0b159a90989548dba96a7176e0721050,0,f
val_pr_auc_mood/theme---movie,0.12421622931011422,1780378912217,0b159a90989548dba96a7176e0721050,0,f
val_roc_auc_mood/theme---movie,0.7849790215829409,1780378912217,0b159a90989548dba96a7176e0721050,0,f
val_pr_auc_mood/theme---nature,0.04543195866597482,1780378912217,0b159a90989548dba96a7176e0721050,0,f
val_roc_auc_mood/theme---nature,0.7330108478623331,1780378912217,0b159a90989548dba96a7176e0721050,0,f
val_pr_auc_mood/theme---party,0.08442629903601795,1780378912217,0b159a90989548dba96a7176e0721050,0,f
val_roc_auc_mood/theme---party,0.8036642844335152,1780378912217,0b159a90989548dba96a7176e0721050,0,f
val_pr_auc_mood/theme---positive,0.02766616203166162,1780378912217,0b159a90989548dba96a7176e0721050,0,f
val_roc_auc_mood/theme---positive,0.6547786249331193,1780378912217,0b159a90989548dba96a7176e0721050,0,f
val_pr_auc_mood/theme---powerful,0.021574627604483698,1780378912217,0b159a90989548dba96a7176e0721050,0,f
val_roc_auc_mood/theme---powerful,0.6615746380712242,1780378912217,0b159a90989548dba96a7176e0721050,0,f
val_pr_auc_mood/theme---relaxing,0.17817342916544213,1780378912217,0b159a90989548dba96a7176e0721050,0,f
val_roc_auc_mood/theme---relaxing,0.7594123339240072,1780378912217,0b159a90989548dba96a7176e0721050,0,f
val_pr_auc_mood/theme---retro,0.01118657075368214,1780378912217,0b159a90989548dba96a7176e0721050,0,f
val_roc_auc_mood/theme---retro,0.4948476339323351,1780378912217,0b159a90989548dba96a7176e0721050,0,f
val_pr_auc_mood/theme---romantic,0.07469743256309322,1780378912217,0b159a90989548dba96a7176e0721050,0,f
val_roc_auc_mood/theme---romantic,0.6845290675205654,1780378912217,0b159a90989548dba96a7176e0721050,0,f
val_pr_auc_mood/theme---sad,0.07541476472880912,1780378912217,0b159a90989548dba96a7176e0721050,0,f
val_roc_auc_mood/theme---sad,0.6874377658039962,1780378912217,0b159a90989548dba96a7176e0721050,0,f
val_pr_auc_mood/theme---sexy,0.05272021797680627,1780378912217,0b159a90989548dba96a7176e0721050,0,f
val_roc_auc_mood/theme---sexy,0.7666917913929866,1780378912217,0b159a90989548dba96a7176e0721050,0,f
val_pr_auc_mood/theme---slow,0.03463676084433187,1780378912217,0b159a90989548dba96a7176e0721050,0,f
val_roc_auc_mood/theme---slow,0.7252047086770308,1780378912217,0b159a90989548dba96a7176e0721050,0,f
val_pr_auc_mood/theme---soft,0.055793137511350704,1780378912217,0b159a90989548dba96a7176e0721050,0,f
val_roc_auc_mood/theme---soft,0.6722131022046816,1780378912217,0b159a90989548dba96a7176e0721050,0,f
val_pr_auc_mood/theme---soundscape,0.036298633768108116,1780378912217,0b159a90989548dba96a7176e0721050,0,f
val_roc_auc_mood/theme---soundscape,0.6992314273912786,1780378912217,0b159a90989548dba96a7176e0721050,0,f
val_pr_auc_mood/theme---space,0.06754517690331817,1780378912217,0b159a90989548dba96a7176e0721050,0,f
val_roc_auc_mood/theme---space,0.7624464757332499,1780378912217,0b159a90989548dba96a7176e0721050,0,f
val_pr_auc_mood/theme---sport,0.046064287123186796,1780378912217,0b159a90989548dba96a7176e0721050,0,f
val_roc_auc_mood/theme---sport,0.8656664242966607,1780378912217,0b159a90989548dba96a7176e0721050,0,f
val_pr_auc_mood/theme---summer,0.1526535426532217,1780378912217,0b159a90989548dba96a7176e0721050,0,f
val_roc_auc_mood/theme---summer,0.7932401740000772,1780378912217,0b159a90989548dba96a7176e0721050,0,f
val_pr_auc_mood/theme---trailer,0.14837809377678252,1780378912217,0b159a90989548dba96a7176e0721050,0,f
val_roc_auc_mood/theme---trailer,0.8716935760906905,1780378912217,0b159a90989548dba96a7176e0721050,0,f
val_pr_auc_mood/theme---travel,0.011488884922595255,1780378912217,0b159a90989548dba96a7176e0721050,0,f
val_roc_auc_mood/theme---travel,0.4772454145527115,1780378912217,0b159a90989548dba96a7176e0721050,0,f
val_pr_auc_mood/theme---upbeat,0.04209544678853275,1780378912217,0b159a90989548dba96a7176e0721050,0,f
val_roc_auc_mood/theme---upbeat,0.558136198497234,1780378912217,0b159a90989548dba96a7176e0721050,0,f
val_pr_auc_mood/theme---uplifting,0.05409342592667756,1780378912217,0b159a90989548dba96a7176e0721050,0,f
val_roc_auc_mood/theme---uplifting,0.6099641171583617,1780378912217,0b159a90989548dba96a7176e0721050,0,f
val_macro_pr_auc,0.08204101090409265,1780378912217,0b159a90989548dba96a7176e0721050,0,f
val_macro_roc_auc,0.7064514370729903,1780378912217,0b159a90989548dba96a7176e0721050,0,f
val_roc_auc_mood/theme---soundscape,0.7134374815601582,1780379868522,0b159a90989548dba96a7176e0721050,1,f
val_roc_auc_mood/theme---uplifting,0.6675632466999373,1780379868522,0b159a90989548dba96a7176e0721050,1,f
val_macro_pr_auc,0.09054564775274329,1780379868522,0b159a90989548dba96a7176e0721050,1,f
val_macro_roc_auc,0.7186996227115896,1780379868522,0b159a90989548dba96a7176e0721050,1,f
val_pr_auc_mood/theme---adventure,0.037250894878727334,1780379868522,0b159a90989548dba96a7176e0721050,1,f
val_roc_auc_mood/theme---adventure,0.5994897959183674,1780379868522,0b159a90989548dba96a7176e0721050,1,f
val_pr_auc_mood/theme---advertising,0.13080002063136748,1780379868522,0b159a90989548dba96a7176e0721050,1,f
val_roc_auc_mood/theme---advertising,0.7699098243948741,1780379868522,0b159a90989548dba96a7176e0721050,1,f
val_pr_auc_mood/theme---space,0.055498645876555446,1780379868522,0b159a90989548dba96a7176e0721050,1,f
val_loss_std,0.02337661520294693,1780379868522,0b159a90989548dba96a7176e0721050,1,f
val_roc_auc_mood/theme---space,0.76036203712562,1780379868522,0b159a90989548dba96a7176e0721050,1,f
val_pr_auc_mood/theme---action,0.11464348363179365,1780379868522,0b159a90989548dba96a7176e0721050,1,f
avg_train_loss,0.04858075228430568,1780379596948,0b159a90989548dba96a7176e0721050,1,f
val_pr_auc_mood/theme---sport,0.06993721285803417,1780379868522,0b159a90989548dba96a7176e0721050,1,f
val_roc_auc_mood/theme---sport,0.8950304826891884,1780379868522,0b159a90989548dba96a7176e0721050,1,f
val_pr_auc_mood/theme---summer,0.2002148505851511,1780379868522,0b159a90989548dba96a7176e0721050,1,f
val_roc_auc_mood/theme---summer,0.8441106185649435,1780379868522,0b159a90989548dba96a7176e0721050,1,f
val_roc_auc_mood/theme---action,0.7406895213140208,1780379868522,0b159a90989548dba96a7176e0721050,1,f
val_pr_auc_mood/theme---trailer,0.17784884430969694,1780379868522,0b159a90989548dba96a7176e0721050,1,f
stdev_train_loss,0.0041794523240582925,1780379598008,0b159a90989548dba96a7176e0721050,1,f
val_roc_auc_mood/theme---trailer,0.919602040007399,1780379868522,0b159a90989548dba96a7176e0721050,1,f
val_pr_auc_mood/theme---travel,0.01302730014151865,1780379868522,0b159a90989548dba96a7176e0721050,1,f
val_roc_auc_mood/theme---travel,0.5132764536669984,1780379868522,0b159a90989548dba96a7176e0721050,1,f
val_pr_auc_mood/theme---upbeat,0.046293844725015125,1780379868522,0b159a90989548dba96a7176e0721050,1,f
val_roc_auc_mood/theme---upbeat,0.6056942036165469,1780379868522,0b159a90989548dba96a7176e0721050,1,f
val_loss_avg,0.05380756290359465,1780379868522,0b159a90989548dba96a7176e0721050,1,f
train_loss,0.04858075228430568,1780379598432,0b159a90989548dba96a7176e0721050,1,f
val_pr_auc_mood/theme---background,0.011442390351441473,1780379868522,0b159a90989548dba96a7176e0721050,1,f
val_roc_auc_mood/theme---background,0.5229028514588859,1780379868522,0b159a90989548dba96a7176e0721050,1,f
val_pr_auc_mood/theme---ballad,0.0830654548941003,1780379868522,0b159a90989548dba96a7176e0721050,1,f
val_roc_auc_mood/theme---ballad,0.8163728632478633,1780379868522,0b159a90989548dba96a7176e0721050,1,f
val_pr_auc_mood/theme---calm,0.06591192115754452,1780379868522,0b159a90989548dba96a7176e0721050,1,f
val_roc_auc_mood/theme---calm,0.6475277696883971,1780379868522,0b159a90989548dba96a7176e0721050,1,f
val_pr_auc_mood/theme---children,0.08512347402048359,1780379868522,0b159a90989548dba96a7176e0721050,1,f
val_roc_auc_mood/theme---children,0.7242269158545851,1780379868522,0b159a90989548dba96a7176e0721050,1,f
val_pr_auc_mood/theme---christmas,0.08013817793421836,1780379868522,0b159a90989548dba96a7176e0721050,1,f
val_roc_auc_mood/theme---christmas,0.7409160770212273,1780379868522,0b159a90989548dba96a7176e0721050,1,f
val_pr_auc_mood/theme---commercial,0.07858506352514191,1780379868522,0b159a90989548dba96a7176e0721050,1,f
val_roc_auc_mood/theme---commercial,0.706113152656561,1780379868522,0b159a90989548dba96a7176e0721050,1,f
val_pr_auc_mood/theme---cool,0.027405410003929518,1780379868522,0b159a90989548dba96a7176e0721050,1,f
val_roc_auc_mood/theme---cool,0.7449028974647184,1780379868522,0b159a90989548dba96a7176e0721050,1,f
val_pr_auc_mood/theme---corporate,0.11177265192746966,1780379868522,0b159a90989548dba96a7176e0721050,1,f
val_roc_auc_mood/theme---corporate,0.7860307513940265,1780379868522,0b159a90989548dba96a7176e0721050,1,f
val_pr_auc_mood/theme---dark,0.11648399452027933,1780379868522,0b159a90989548dba96a7176e0721050,1,f
val_roc_auc_mood/theme---dark,0.7005434591544925,1780379868522,0b159a90989548dba96a7176e0721050,1,f
val_pr_auc_mood/theme---deep,0.23391628791780242,1780379868522,0b159a90989548dba96a7176e0721050,1,f
val_roc_auc_mood/theme---deep,0.8196927520702547,1780379868522,0b159a90989548dba96a7176e0721050,1,f
val_pr_auc_mood/theme---documentary,0.045007350106960144,1780379868522,0b159a90989548dba96a7176e0721050,1,f
val_roc_auc_mood/theme---documentary,0.6485038131164134,1780379868522,0b159a90989548dba96a7176e0721050,1,f
val_pr_auc_mood/theme---drama,0.062060782202943775,1780379868522,0b159a90989548dba96a7176e0721050,1,f
val_roc_auc_mood/theme---drama,0.7176784003831418,1780379868522,0b159a90989548dba96a7176e0721050,1,f
val_pr_auc_mood/theme---dramatic,0.02075745050404942,1780379868522,0b159a90989548dba96a7176e0721050,1,f
val_roc_auc_mood/theme---dramatic,0.6895450855501436,1780379868522,0b159a90989548dba96a7176e0721050,1,f
val_pr_auc_mood/theme---dream,0.14945309427273118,1780379868522,0b159a90989548dba96a7176e0721050,1,f
val_roc_auc_mood/theme---dream,0.6957126443732238,1780379868522,0b159a90989548dba96a7176e0721050,1,f
val_pr_auc_mood/theme---emotional,0.14718050615194422,1780379868522,0b159a90989548dba96a7176e0721050,1,f
val_roc_auc_mood/theme---emotional,0.6557402641753364,1780379868522,0b159a90989548dba96a7176e0721050,1,f
val_pr_auc_mood/theme---energetic,0.2089605943148886,1780379868522,0b159a90989548dba96a7176e0721050,1,f
val_pr_auc_mood/theme---uplifting,0.062428320553114244,1780379868522,0b159a90989548dba96a7176e0721050,1,f
val_roc_auc_mood/theme---energetic,0.7911642577897176,1780379868522,0b159a90989548dba96a7176e0721050,1,f
val_pr_auc_mood/theme---epic,0.44284417971177914,1780379868522,0b159a90989548dba96a7176e0721050,1,f
val_roc_auc_mood/theme---epic,0.893027699758667,1780379868522,0b159a90989548dba96a7176e0721050,1,f
val_pr_auc_mood/theme---fast,0.05740228770601031,1780379868522,0b159a90989548dba96a7176e0721050,1,f
val_roc_auc_mood/theme---fast,0.8839736799217731,1780379868522,0b159a90989548dba96a7176e0721050,1,f
val_pr_auc_mood/theme---film,0.14779914958421697,1780379868522,0b159a90989548dba96a7176e0721050,1,f
val_roc_auc_mood/theme---film,0.7043091397252979,1780379868522,0b159a90989548dba96a7176e0721050,1,f
val_pr_auc_mood/theme---fun,0.1097676491975865,1780379868522,0b159a90989548dba96a7176e0721050,1,f
val_roc_auc_mood/theme---fun,0.7291247845799957,1780379868522,0b159a90989548dba96a7176e0721050,1,f
val_pr_auc_mood/theme---funny,0.02027337131234351,1780379868522,0b159a90989548dba96a7176e0721050,1,f
val_roc_auc_mood/theme---funny,0.7821714969453617,1780379868522,0b159a90989548dba96a7176e0721050,1,f
val_pr_auc_mood/theme---game,0.015311695639446302,1780379868522,0b159a90989548dba96a7176e0721050,1,f
val_roc_auc_mood/theme---game,0.5434933181225555,1780379868522,0b159a90989548dba96a7176e0721050,1,f
val_pr_auc_mood/theme---groovy,0.09894799659822182,1780379868522,0b159a90989548dba96a7176e0721050,1,f
val_roc_auc_mood/theme---groovy,0.8221675269690292,1780379868522,0b159a90989548dba96a7176e0721050,1,f
val_pr_auc_mood/theme---happy,0.259753683097183,1780379868522,0b159a90989548dba96a7176e0721050,1,f
val_roc_auc_mood/theme---happy,0.7586888054341971,1780379868522,0b159a90989548dba96a7176e0721050,1,f
val_pr_auc_mood/theme---heavy,0.06252521642331256,1780379868522,0b159a90989548dba96a7176e0721050,1,f
val_roc_auc_mood/theme---heavy,0.8888379684346784,1780379868522,0b159a90989548dba96a7176e0721050,1,f
val_pr_auc_mood/theme---holiday,0.013244412524722282,1780379868522,0b159a90989548dba96a7176e0721050,1,f
val_roc_auc_mood/theme---holiday,0.507842542379309,1780379868522,0b159a90989548dba96a7176e0721050,1,f
val_pr_auc_mood/theme---hopeful,0.02775170998594248,1780379868522,0b159a90989548dba96a7176e0721050,1,f
val_roc_auc_mood/theme---hopeful,0.6516935150764147,1780379868522,0b159a90989548dba96a7176e0721050,1,f
val_pr_auc_mood/theme---inspiring,0.06785868836417738,1780379868522,0b159a90989548dba96a7176e0721050,1,f
val_roc_auc_mood/theme---inspiring,0.6430945332306409,1780379868522,0b159a90989548dba96a7176e0721050,1,f
val_pr_auc_mood/theme---love,0.09842442052806513,1780379868522,0b159a90989548dba96a7176e0721050,1,f
val_roc_auc_mood/theme---love,0.6550283807221317,1780379868522,0b159a90989548dba96a7176e0721050,1,f
val_pr_auc_mood/theme---meditative,0.12768268204805208,1780379868522,0b159a90989548dba96a7176e0721050,1,f
val_roc_auc_mood/theme---meditative,0.7511587322437184,1780379868522,0b159a90989548dba96a7176e0721050,1,f
val_pr_auc_mood/theme---melancholic,0.04996387791482801,1780379868522,0b159a90989548dba96a7176e0721050,1,f
val_roc_auc_mood/theme---melancholic,0.6642490499168907,1780379868522,0b159a90989548dba96a7176e0721050,1,f
val_pr_auc_mood/theme---melodic,0.12337985156966214,1780379868522,0b159a90989548dba96a7176e0721050,1,f
val_roc_auc_mood/theme---melodic,0.5949073048289484,1780379868522,0b159a90989548dba96a7176e0721050,1,f
val_pr_auc_mood/theme---motivational,0.07182958809903708,1780379868522,0b159a90989548dba96a7176e0721050,1,f
val_roc_auc_mood/theme---motivational,0.8039209373043557,1780379868522,0b159a90989548dba96a7176e0721050,1,f
val_pr_auc_mood/theme---movie,0.1279406062955852,1780379868522,0b159a90989548dba96a7176e0721050,1,f
val_roc_auc_mood/theme---movie,0.7887788858049642,1780379868522,0b159a90989548dba96a7176e0721050,1,f
val_pr_auc_mood/theme---nature,0.037511607955647876,1780379868522,0b159a90989548dba96a7176e0721050,1,f
val_roc_auc_mood/theme---nature,0.7337065931125338,1780379868522,0b159a90989548dba96a7176e0721050,1,f
val_pr_auc_mood/theme---party,0.08130944766566771,1780379868522,0b159a90989548dba96a7176e0721050,1,f
val_roc_auc_mood/theme---party,0.8177175388713851,1780379868522,0b159a90989548dba96a7176e0721050,1,f
val_pr_auc_mood/theme---positive,0.03203981269365595,1780379868522,0b159a90989548dba96a7176e0721050,1,f
val_roc_auc_mood/theme---positive,0.6850337747458534,1780379868522,0b159a90989548dba96a7176e0721050,1,f
val_pr_auc_mood/theme---powerful,0.019753398640088456,1780379868522,0b159a90989548dba96a7176e0721050,1,f
val_roc_auc_mood/theme---powerful,0.645165311499561,1780379868522,0b159a90989548dba96a7176e0721050,1,f
val_pr_auc_mood/theme---relaxing,0.20111665300341908,1780379868522,0b159a90989548dba96a7176e0721050,1,f
val_roc_auc_mood/theme---relaxing,0.7486939506283735,1780379868522,0b159a90989548dba96a7176e0721050,1,f
val_pr_auc_mood/theme---retro,0.012178150960433823,1780379868522,0b159a90989548dba96a7176e0721050,1,f
val_roc_auc_mood/theme---retro,0.5533881103235387,1780379868522,0b159a90989548dba96a7176e0721050,1,f
val_pr_auc_mood/theme---romantic,0.06606504239340705,1780379868522,0b159a90989548dba96a7176e0721050,1,f
val_roc_auc_mood/theme---romantic,0.6793072194924455,1780379868522,0b159a90989548dba96a7176e0721050,1,f
val_pr_auc_mood/theme---sad,0.0738722617297583,1780379868522,0b159a90989548dba96a7176e0721050,1,f
val_roc_auc_mood/theme---sad,0.6960104972221446,1780379868522,0b159a90989548dba96a7176e0721050,1,f
val_pr_auc_mood/theme---sexy,0.05439309338370505,1780379868522,0b159a90989548dba96a7176e0721050,1,f
val_roc_auc_mood/theme---sexy,0.7371163992677937,1780379868522,0b159a90989548dba96a7176e0721050,1,f
val_pr_auc_mood/theme---slow,0.0455475443437516,1780379868522,0b159a90989548dba96a7176e0721050,1,f
val_roc_auc_mood/theme---slow,0.7662068375466162,1780379868522,0b159a90989548dba96a7176e0721050,1,f
val_pr_auc_mood/theme---soft,0.051576692433160654,1780379868522,0b159a90989548dba96a7176e0721050,1,f
val_roc_auc_mood/theme---soft,0.681624676782798,1780379868522,0b159a90989548dba96a7176e0721050,1,f
val_pr_auc_mood/theme---soundscape,0.03728348035385331,1780379868522,0b159a90989548dba96a7176e0721050,1,f
val_roc_auc_mood/theme---happy,0.7551981716440241,1780380801633,0b159a90989548dba96a7176e0721050,2,f
train_loss,0.04814183169293178,1780380531635,0b159a90989548dba96a7176e0721050,2,f
avg_train_loss,0.04814183169293178,1780380529744,0b159a90989548dba96a7176e0721050,2,f
stdev_train_loss,0.004279686717583387,1780380531207,0b159a90989548dba96a7176e0721050,2,f
val_loss_avg,0.05368094880272497,1780380801633,0b159a90989548dba96a7176e0721050,2,f
val_loss_std,0.02437104249976735,1780380801633,0b159a90989548dba96a7176e0721050,2,f
val_pr_auc_mood/theme---action,0.13029729124285405,1780380801633,0b159a90989548dba96a7176e0721050,2,f
val_roc_auc_mood/theme---action,0.727403741174758,1780380801633,0b159a90989548dba96a7176e0721050,2,f
val_pr_auc_mood/theme---adventure,0.03299218306375578,1780380801633,0b159a90989548dba96a7176e0721050,2,f
val_roc_auc_mood/theme---adventure,0.5768473381255336,1780380801633,0b159a90989548dba96a7176e0721050,2,f
val_pr_auc_mood/theme---advertising,0.14201784590185682,1780380801633,0b159a90989548dba96a7176e0721050,2,f
val_roc_auc_mood/theme---advertising,0.7772206557041421,1780380801633,0b159a90989548dba96a7176e0721050,2,f
val_pr_auc_mood/theme---background,0.011947831033172748,1780380801633,0b159a90989548dba96a7176e0721050,2,f
val_roc_auc_mood/theme---background,0.5601127320954907,1780380801633,0b159a90989548dba96a7176e0721050,2,f
val_pr_auc_mood/theme---ballad,0.0864293060201959,1780380801633,0b159a90989548dba96a7176e0721050,2,f
val_roc_auc_mood/theme---ballad,0.8007340480400825,1780380801633,0b159a90989548dba96a7176e0721050,2,f
val_pr_auc_mood/theme---calm,0.046610801322687925,1780380801633,0b159a90989548dba96a7176e0721050,2,f
val_roc_auc_mood/theme---calm,0.5970014976910595,1780380801633,0b159a90989548dba96a7176e0721050,2,f
val_pr_auc_mood/theme---children,0.08842458671397527,1780380801633,0b159a90989548dba96a7176e0721050,2,f
val_roc_auc_mood/theme---children,0.7405955594293107,1780380801633,0b159a90989548dba96a7176e0721050,2,f
val_pr_auc_mood/theme---christmas,0.07048239793574364,1780380801633,0b159a90989548dba96a7176e0721050,2,f
val_roc_auc_mood/theme---christmas,0.7545999594014615,1780380801633,0b159a90989548dba96a7176e0721050,2,f
val_pr_auc_mood/theme---commercial,0.08689190214387978,1780380801633,0b159a90989548dba96a7176e0721050,2,f
val_roc_auc_mood/theme---commercial,0.7272737712448324,1780380801633,0b159a90989548dba96a7176e0721050,2,f
val_pr_auc_mood/theme---cool,0.023405884692823578,1780380801633,0b159a90989548dba96a7176e0721050,2,f
val_roc_auc_mood/theme---cool,0.7294242537779443,1780380801633,0b159a90989548dba96a7176e0721050,2,f
val_pr_auc_mood/theme---corporate,0.13911324123216226,1780380801633,0b159a90989548dba96a7176e0721050,2,f
val_roc_auc_mood/theme---corporate,0.817368740683487,1780380801633,0b159a90989548dba96a7176e0721050,2,f
val_pr_auc_mood/theme---dark,0.14846034270863848,1780380801633,0b159a90989548dba96a7176e0721050,2,f
val_roc_auc_mood/theme---dark,0.7235874365529925,1780380801633,0b159a90989548dba96a7176e0721050,2,f
val_pr_auc_mood/theme---deep,0.15456196312780474,1780380801633,0b159a90989548dba96a7176e0721050,2,f
val_roc_auc_mood/theme---deep,0.8071761065623095,1780380801633,0b159a90989548dba96a7176e0721050,2,f
val_pr_auc_mood/theme---documentary,0.04657288448276583,1780380801633,0b159a90989548dba96a7176e0721050,2,f
val_roc_auc_mood/theme---documentary,0.6510352097269274,1780380801633,0b159a90989548dba96a7176e0721050,2,f
val_pr_auc_mood/theme---drama,0.0515414907682383,1780380801633,0b159a90989548dba96a7176e0721050,2,f
val_roc_auc_mood/theme---drama,0.706956417624521,1780380801633,0b159a90989548dba96a7176e0721050,2,f
val_pr_auc_mood/theme---dramatic,0.02034736190416411,1780380801633,0b159a90989548dba96a7176e0721050,2,f
val_roc_auc_mood/theme---dramatic,0.6767672036967654,1780380801633,0b159a90989548dba96a7176e0721050,2,f
val_pr_auc_mood/theme---dream,0.1099794310984593,1780380801633,0b159a90989548dba96a7176e0721050,2,f
val_roc_auc_mood/theme---dream,0.6675414726572736,1780380801633,0b159a90989548dba96a7176e0721050,2,f
val_pr_auc_mood/theme---emotional,0.1576078517965253,1780380801633,0b159a90989548dba96a7176e0721050,2,f
val_roc_auc_mood/theme---emotional,0.6696515471210255,1780380801633,0b159a90989548dba96a7176e0721050,2,f
val_pr_auc_mood/theme---energetic,0.18713391022347584,1780380801633,0b159a90989548dba96a7176e0721050,2,f
val_roc_auc_mood/theme---energetic,0.7776579919839053,1780380801633,0b159a90989548dba96a7176e0721050,2,f
val_pr_auc_mood/theme---epic,0.4607222891747998,1780380801633,0b159a90989548dba96a7176e0721050,2,f
val_roc_auc_mood/theme---epic,0.8958726288825376,1780380801633,0b159a90989548dba96a7176e0721050,2,f
val_pr_auc_mood/theme---fast,0.04822781812342604,1780380801633,0b159a90989548dba96a7176e0721050,2,f
val_roc_auc_mood/theme---fast,0.8779335071707952,1780380801633,0b159a90989548dba96a7176e0721050,2,f
val_pr_auc_mood/theme---film,0.14410324608175862,1780380801633,0b159a90989548dba96a7176e0721050,2,f
val_roc_auc_mood/theme---film,0.7273370759092018,1780380801633,0b159a90989548dba96a7176e0721050,2,f
val_pr_auc_mood/theme---fun,0.09305834857149824,1780380801633,0b159a90989548dba96a7176e0721050,2,f
val_roc_auc_mood/theme---fun,0.6906058387142108,1780380801633,0b159a90989548dba96a7176e0721050,2,f
val_pr_auc_mood/theme---funny,0.019877393132447293,1780380801633,0b159a90989548dba96a7176e0721050,2,f
val_roc_auc_mood/theme---funny,0.7724150626459726,1780380801633,0b159a90989548dba96a7176e0721050,2,f
val_pr_auc_mood/theme---game,0.03408302961102262,1780380801633,0b159a90989548dba96a7176e0721050,2,f
val_roc_auc_mood/theme---game,0.5674910365058671,1780380801633,0b159a90989548dba96a7176e0721050,2,f
val_pr_auc_mood/theme---groovy,0.07810650136593038,1780380801633,0b159a90989548dba96a7176e0721050,2,f
val_roc_auc_mood/theme---groovy,0.8090165004059854,1780380801633,0b159a90989548dba96a7176e0721050,2,f
val_pr_auc_mood/theme---happy,0.26533307776274856,1780380801633,0b159a90989548dba96a7176e0721050,2,f
val_pr_auc_mood/theme---heavy,0.10790744943720011,1780380801633,0b159a90989548dba96a7176e0721050,2,f
val_roc_auc_mood/theme---heavy,0.9066547673605249,1780380801633,0b159a90989548dba96a7176e0721050,2,f
val_pr_auc_mood/theme---holiday,0.013116480643238324,1780380801633,0b159a90989548dba96a7176e0721050,2,f
val_roc_auc_mood/theme---holiday,0.533751753953506,1780380801633,0b159a90989548dba96a7176e0721050,2,f
val_pr_auc_mood/theme---hopeful,0.03482708792431231,1780380801633,0b159a90989548dba96a7176e0721050,2,f
val_roc_auc_mood/theme---hopeful,0.6437938868236266,1780380801633,0b159a90989548dba96a7176e0721050,2,f
val_pr_auc_mood/theme---inspiring,0.06244454644463267,1780380801633,0b159a90989548dba96a7176e0721050,2,f
val_roc_auc_mood/theme---inspiring,0.6163122573088154,1780380801633,0b159a90989548dba96a7176e0721050,2,f
val_pr_auc_mood/theme---love,0.0932275801166321,1780380801633,0b159a90989548dba96a7176e0721050,2,f
val_roc_auc_mood/theme---love,0.6510642770799391,1780380801633,0b159a90989548dba96a7176e0721050,2,f
val_pr_auc_mood/theme---meditative,0.12473036641415322,1780380801633,0b159a90989548dba96a7176e0721050,2,f
val_roc_auc_mood/theme---meditative,0.7634122084404495,1780380801633,0b159a90989548dba96a7176e0721050,2,f
val_pr_auc_mood/theme---melancholic,0.04965893246662909,1780380801633,0b159a90989548dba96a7176e0721050,2,f
val_roc_auc_mood/theme---melancholic,0.6742258378671274,1780380801633,0b159a90989548dba96a7176e0721050,2,f
val_pr_auc_mood/theme---melodic,0.11830260844182605,1780380801633,0b159a90989548dba96a7176e0721050,2,f
val_roc_auc_mood/theme---melodic,0.5848618989136766,1780380801633,0b159a90989548dba96a7176e0721050,2,f
val_pr_auc_mood/theme---motivational,0.1055204139096832,1780380801633,0b159a90989548dba96a7176e0721050,2,f
val_roc_auc_mood/theme---motivational,0.8225418120025042,1780380801633,0b159a90989548dba96a7176e0721050,2,f
val_pr_auc_mood/theme---movie,0.1126841909380351,1780380801633,0b159a90989548dba96a7176e0721050,2,f
val_roc_auc_mood/theme---movie,0.7734282979534949,1780380801633,0b159a90989548dba96a7176e0721050,2,f
val_pr_auc_mood/theme---nature,0.04434123368323482,1780380801633,0b159a90989548dba96a7176e0721050,2,f
val_roc_auc_mood/theme---nature,0.7482554908297483,1780380801633,0b159a90989548dba96a7176e0721050,2,f
val_pr_auc_mood/theme---party,0.08500739489472012,1780380801633,0b159a90989548dba96a7176e0721050,2,f
val_roc_auc_mood/theme---party,0.8231992366607752,1780380801633,0b159a90989548dba96a7176e0721050,2,f
val_pr_auc_mood/theme---positive,0.03362847413405535,1780380801633,0b159a90989548dba96a7176e0721050,2,f
val_roc_auc_mood/theme---positive,0.6928420947030498,1780380801633,0b159a90989548dba96a7176e0721050,2,f
val_pr_auc_mood/theme---powerful,0.020358147574026705,1780380801633,0b159a90989548dba96a7176e0721050,2,f
val_roc_auc_mood/theme---powerful,0.6646683854151911,1780380801633,0b159a90989548dba96a7176e0721050,2,f
val_pr_auc_mood/theme---relaxing,0.17695113336620233,1780380801633,0b159a90989548dba96a7176e0721050,2,f
val_roc_auc_mood/theme---relaxing,0.745188695808393,1780380801633,0b159a90989548dba96a7176e0721050,2,f
val_pr_auc_mood/theme---retro,0.011443241830954633,1780380801633,0b159a90989548dba96a7176e0721050,2,f
val_roc_auc_mood/theme---retro,0.534328571150641,1780380801633,0b159a90989548dba96a7176e0721050,2,f
val_pr_auc_mood/theme---romantic,0.06952737682571747,1780380801633,0b159a90989548dba96a7176e0721050,2,f
val_roc_auc_mood/theme---romantic,0.693224479655496,1780380801633,0b159a90989548dba96a7176e0721050,2,f
val_pr_auc_mood/theme---sad,0.07544097224812853,1780380801633,0b159a90989548dba96a7176e0721050,2,f
val_roc_auc_mood/theme---sad,0.6950073052476804,1780380801633,0b159a90989548dba96a7176e0721050,2,f
val_pr_auc_mood/theme---sexy,0.06551417424818033,1780380801633,0b159a90989548dba96a7176e0721050,2,f
val_roc_auc_mood/theme---sexy,0.7543376045368078,1780380801633,0b159a90989548dba96a7176e0721050,2,f
val_pr_auc_mood/theme---slow,0.04308906746046489,1780380801633,0b159a90989548dba96a7176e0721050,2,f
val_roc_auc_mood/theme---slow,0.7529353739613582,1780380801633,0b159a90989548dba96a7176e0721050,2,f
val_pr_auc_mood/theme---soft,0.05810327919608231,1780380801633,0b159a90989548dba96a7176e0721050,2,f
val_roc_auc_mood/theme---soft,0.6948659499183452,1780380801633,0b159a90989548dba96a7176e0721050,2,f
val_pr_auc_mood/theme---soundscape,0.028157346727434036,1780380801633,0b159a90989548dba96a7176e0721050,2,f
val_roc_auc_mood/theme---soundscape,0.7176270136307311,1780380801633,0b159a90989548dba96a7176e0721050,2,f
val_pr_auc_mood/theme---space,0.06161110365827906,1780380801633,0b159a90989548dba96a7176e0721050,2,f
val_roc_auc_mood/theme---space,0.7811281480386275,1780380801633,0b159a90989548dba96a7176e0721050,2,f
val_pr_auc_mood/theme---sport,0.036548685909247626,1780380801633,0b159a90989548dba96a7176e0721050,2,f
val_roc_auc_mood/theme---sport,0.8530538620728229,1780380801633,0b159a90989548dba96a7176e0721050,2,f
val_pr_auc_mood/theme---summer,0.16776842026843872,1780380801633,0b159a90989548dba96a7176e0721050,2,f
val_roc_auc_mood/theme---summer,0.8246969952709645,1780380801633,0b159a90989548dba96a7176e0721050,2,f
val_pr_auc_mood/theme---trailer,0.17340621776492018,1780380801633,0b159a90989548dba96a7176e0721050,2,f
val_roc_auc_mood/theme---trailer,0.9206552636645388,1780380801633,0b159a90989548dba96a7176e0721050,2,f
val_pr_auc_mood/theme---travel,0.0133670537029481,1780380801633,0b159a90989548dba96a7176e0721050,2,f
val_roc_auc_mood/theme---travel,0.5278063263674775,1780380801633,0b159a90989548dba96a7176e0721050,2,f
val_pr_auc_mood/theme---upbeat,0.042147032504420916,1780380801633,0b159a90989548dba96a7176e0721050,2,f
val_roc_auc_mood/theme---upbeat,0.5712441169185039,1780380801633,0b159a90989548dba96a7176e0721050,2,f
val_pr_auc_mood/theme---uplifting,0.06203603255275944,1780380801633,0b159a90989548dba96a7176e0721050,2,f
val_roc_auc_mood/theme---uplifting,0.6549364930659894,1780380801633,0b159a90989548dba96a7176e0721050,2,f
val_macro_pr_auc,0.0887356474379173,1780380801633,0b159a90989548dba96a7176e0721050,2,f
val_macro_roc_auc,0.7179441769605932,1780380801633,0b159a90989548dba96a7176e0721050,2,f
train_loss,0.04744557331630616,1780381470655,0b159a90989548dba96a7176e0721050,3,f
avg_train_loss,0.04744557331630616,1780381469725,0b159a90989548dba96a7176e0721050,3,f
val_loss_avg,0.05385434209131437,1780381738888,0b159a90989548dba96a7176e0721050,3,f
val_loss_std,0.02546312325846944,1780381738888,0b159a90989548dba96a7176e0721050,3,f
val_pr_auc_mood/theme---action,0.11053178092406177,1780381738888,0b159a90989548dba96a7176e0721050,3,f
val_roc_auc_mood/theme---action,0.7247640536671762,1780381738888,0b159a90989548dba96a7176e0721050,3,f
val_pr_auc_mood/theme---adventure,0.03228632670533253,1780381738888,0b159a90989548dba96a7176e0721050,3,f
val_roc_auc_mood/theme---adventure,0.5817290478944614,1780381738888,0b159a90989548dba96a7176e0721050,3,f
val_pr_auc_mood/theme---advertising,0.14919449440707164,1780381738888,0b159a90989548dba96a7176e0721050,3,f
val_roc_auc_mood/theme---advertising,0.7868226360311567,1780381738888,0b159a90989548dba96a7176e0721050,3,f
val_pr_auc_mood/theme---background,0.011418118694975886,1780381738888,0b159a90989548dba96a7176e0721050,3,f
val_roc_auc_mood/theme---background,0.5447115384615384,1780381738888,0b159a90989548dba96a7176e0721050,3,f
val_pr_auc_mood/theme---ballad,0.08865029944416299,1780381738888,0b159a90989548dba96a7176e0721050,3,f
val_roc_auc_mood/theme---ballad,0.8018208443854996,1780381738888,0b159a90989548dba96a7176e0721050,3,f
val_pr_auc_mood/theme---calm,0.04625025960126844,1780381738888,0b159a90989548dba96a7176e0721050,3,f
val_roc_auc_mood/theme---calm,0.5988164080376087,1780381738888,0b159a90989548dba96a7176e0721050,3,f
val_pr_auc_mood/theme---children,0.09623361644996778,1780381738888,0b159a90989548dba96a7176e0721050,3,f
val_roc_auc_mood/theme---movie,0.7946514032390005,1780381738888,0b159a90989548dba96a7176e0721050,3,f
val_roc_auc_mood/theme---children,0.7507831805000034,1780381738888,0b159a90989548dba96a7176e0721050,3,f
val_pr_auc_mood/theme---christmas,0.06636227088656661,1780381738888,0b159a90989548dba96a7176e0721050,3,f
val_roc_auc_mood/theme---christmas,0.730915062057766,1780381738888,0b159a90989548dba96a7176e0721050,3,f
val_pr_auc_mood/theme---commercial,0.07404647457047132,1780381738888,0b159a90989548dba96a7176e0721050,3,f
val_roc_auc_mood/theme---commercial,0.7240545092635124,1780381738888,0b159a90989548dba96a7176e0721050,3,f
val_pr_auc_mood/theme---cool,0.031363107398839664,1780381738888,0b159a90989548dba96a7176e0721050,3,f
val_roc_auc_mood/theme---cool,0.756681653553141,1780381738888,0b159a90989548dba96a7176e0721050,3,f
val_pr_auc_mood/theme---corporate,0.11475160776776276,1780381738888,0b159a90989548dba96a7176e0721050,3,f
val_roc_auc_mood/theme---corporate,0.794845782955152,1780381738888,0b159a90989548dba96a7176e0721050,3,f
val_pr_auc_mood/theme---dark,0.12253752698502422,1780381738888,0b159a90989548dba96a7176e0721050,3,f
val_roc_auc_mood/theme---dark,0.7173648716633876,1780381738888,0b159a90989548dba96a7176e0721050,3,f
val_pr_auc_mood/theme---deep,0.17894011152047412,1780381738888,0b159a90989548dba96a7176e0721050,3,f
val_roc_auc_mood/theme---deep,0.8134421939847114,1780381738888,0b159a90989548dba96a7176e0721050,3,f
val_pr_auc_mood/theme---documentary,0.04355626808689177,1780381738888,0b159a90989548dba96a7176e0721050,3,f
val_roc_auc_mood/theme---documentary,0.6384776704521599,1780381738888,0b159a90989548dba96a7176e0721050,3,f
val_pr_auc_mood/theme---drama,0.0577199349314821,1780381738888,0b159a90989548dba96a7176e0721050,3,f
val_roc_auc_mood/theme---drama,0.7120001197318008,1780381738888,0b159a90989548dba96a7176e0721050,3,f
val_pr_auc_mood/theme---dramatic,0.01961213364029219,1780381738888,0b159a90989548dba96a7176e0721050,3,f
val_roc_auc_mood/theme---dramatic,0.6393312101910827,1780381738888,0b159a90989548dba96a7176e0721050,3,f
val_pr_auc_mood/theme---dream,0.11593118532546949,1780381738888,0b159a90989548dba96a7176e0721050,3,f
val_roc_auc_mood/theme---dream,0.6490590124501958,1780381738888,0b159a90989548dba96a7176e0721050,3,f
val_pr_auc_mood/theme---emotional,0.15590090658939382,1780381738888,0b159a90989548dba96a7176e0721050,3,f
val_roc_auc_mood/theme---emotional,0.6501014338972163,1780381738888,0b159a90989548dba96a7176e0721050,3,f
val_pr_auc_mood/theme---energetic,0.2002450608372149,1780381738888,0b159a90989548dba96a7176e0721050,3,f
val_roc_auc_mood/theme---energetic,0.783513733544819,1780381738888,0b159a90989548dba96a7176e0721050,3,f
val_pr_auc_mood/theme---epic,0.40554574808236454,1780381738888,0b159a90989548dba96a7176e0721050,3,f
val_roc_auc_mood/theme---epic,0.8905880124208255,1780381738888,0b159a90989548dba96a7176e0721050,3,f
val_pr_auc_mood/theme---fast,0.03933457815169971,1780381738888,0b159a90989548dba96a7176e0721050,3,f
val_roc_auc_mood/theme---fast,0.8816207627118644,1780381738888,0b159a90989548dba96a7176e0721050,3,f
val_pr_auc_mood/theme---film,0.13897251157011295,1780381738888,0b159a90989548dba96a7176e0721050,3,f
val_roc_auc_mood/theme---film,0.7134570010576844,1780381738888,0b159a90989548dba96a7176e0721050,3,f
val_pr_auc_mood/theme---fun,0.09809542458929582,1780381738888,0b159a90989548dba96a7176e0721050,3,f
val_roc_auc_mood/theme---fun,0.7023779409915607,1780381738888,0b159a90989548dba96a7176e0721050,3,f
val_pr_auc_mood/theme---funny,0.019491584232205875,1780381738888,0b159a90989548dba96a7176e0721050,3,f
val_roc_auc_mood/theme---funny,0.7686068318050553,1780381738888,0b159a90989548dba96a7176e0721050,3,f
val_pr_auc_mood/theme---game,0.014327569207442848,1780381738888,0b159a90989548dba96a7176e0721050,3,f
val_roc_auc_mood/theme---game,0.5822196870925684,1780381738888,0b159a90989548dba96a7176e0721050,3,f
val_pr_auc_mood/theme---groovy,0.09705253705875307,1780381738888,0b159a90989548dba96a7176e0721050,3,f
val_roc_auc_mood/theme---groovy,0.8305518501333953,1780381738888,0b159a90989548dba96a7176e0721050,3,f
val_pr_auc_mood/theme---happy,0.27019179400809307,1780381738888,0b159a90989548dba96a7176e0721050,3,f
val_roc_auc_mood/theme---happy,0.7566599587048896,1780381738888,0b159a90989548dba96a7176e0721050,3,f
stdev_train_loss,0.004202239965229312,1780381470228,0b159a90989548dba96a7176e0721050,3,f
val_pr_auc_mood/theme---heavy,0.08445393446526397,1780381738888,0b159a90989548dba96a7176e0721050,3,f
val_roc_auc_mood/theme---heavy,0.9104094808525692,1780381738888,0b159a90989548dba96a7176e0721050,3,f
val_pr_auc_mood/theme---holiday,0.013260537486281417,1780381738888,0b159a90989548dba96a7176e0721050,3,f
val_roc_auc_mood/theme---holiday,0.5138192574614131,1780381738888,0b159a90989548dba96a7176e0721050,3,f
val_pr_auc_mood/theme---hopeful,0.026982133724639944,1780381738888,0b159a90989548dba96a7176e0721050,3,f
val_roc_auc_mood/theme---hopeful,0.6847672154363604,1780381738888,0b159a90989548dba96a7176e0721050,3,f
val_pr_auc_mood/theme---inspiring,0.06364835582716873,1780381738888,0b159a90989548dba96a7176e0721050,3,f
val_roc_auc_mood/theme---inspiring,0.6525775408363017,1780381738888,0b159a90989548dba96a7176e0721050,3,f
val_pr_auc_mood/theme---love,0.09224622482737103,1780381738888,0b159a90989548dba96a7176e0721050,3,f
val_roc_auc_mood/theme---love,0.6299902769748252,1780381738888,0b159a90989548dba96a7176e0721050,3,f
val_pr_auc_mood/theme---meditative,0.14232602288819823,1780381738888,0b159a90989548dba96a7176e0721050,3,f
val_roc_auc_mood/theme---meditative,0.769863920395905,1780381738888,0b159a90989548dba96a7176e0721050,3,f
val_pr_auc_mood/theme---melancholic,0.05275266396822736,1780381738888,0b159a90989548dba96a7176e0721050,3,f
val_roc_auc_mood/theme---melancholic,0.6673098186238257,1780381738888,0b159a90989548dba96a7176e0721050,3,f
val_pr_auc_mood/theme---melodic,0.12326549119763772,1780381738888,0b159a90989548dba96a7176e0721050,3,f
val_roc_auc_mood/theme---melodic,0.5900774860094705,1780381738888,0b159a90989548dba96a7176e0721050,3,f
val_pr_auc_mood/theme---motivational,0.10365252682846193,1780381738888,0b159a90989548dba96a7176e0721050,3,f
val_roc_auc_mood/theme---motivational,0.8276325910025937,1780381738888,0b159a90989548dba96a7176e0721050,3,f
val_pr_auc_mood/theme---movie,0.12351396994196776,1780381738888,0b159a90989548dba96a7176e0721050,3,f
val_pr_auc_mood/theme---nature,0.04441101663512691,1780381738888,0b159a90989548dba96a7176e0721050,3,f
val_roc_auc_mood/theme---nature,0.7348963586587348,1780381738888,0b159a90989548dba96a7176e0721050,3,f
val_pr_auc_mood/theme---party,0.09688781179294242,1780381738888,0b159a90989548dba96a7176e0721050,3,f
val_roc_auc_mood/theme---party,0.8290011270780502,1780381738888,0b159a90989548dba96a7176e0721050,3,f
val_pr_auc_mood/theme---positive,0.036857552492320006,1780381738888,0b159a90989548dba96a7176e0721050,3,f
val_roc_auc_mood/theme---positive,0.7112301029962548,1780381738888,0b159a90989548dba96a7176e0721050,3,f
val_pr_auc_mood/theme---powerful,0.021380400628579828,1780381738888,0b159a90989548dba96a7176e0721050,3,f
val_roc_auc_mood/theme---powerful,0.6469105023089781,1780381738888,0b159a90989548dba96a7176e0721050,3,f
val_pr_auc_mood/theme---relaxing,0.2000193232773045,1780381738888,0b159a90989548dba96a7176e0721050,3,f
val_roc_auc_mood/theme---relaxing,0.7496953061841106,1780381738888,0b159a90989548dba96a7176e0721050,3,f
val_pr_auc_mood/theme---retro,0.011436327528986233,1780381738888,0b159a90989548dba96a7176e0721050,3,f
val_roc_auc_mood/theme---retro,0.5263000888450788,1780381738888,0b159a90989548dba96a7176e0721050,3,f
val_pr_auc_mood/theme---romantic,0.0648556789739098,1780381738888,0b159a90989548dba96a7176e0721050,3,f
val_roc_auc_mood/theme---romantic,0.6922652238723568,1780381738888,0b159a90989548dba96a7176e0721050,3,f
val_pr_auc_mood/theme---sad,0.07593704405591635,1780381738888,0b159a90989548dba96a7176e0721050,3,f
val_roc_auc_mood/theme---sad,0.6987446141247197,1780381738888,0b159a90989548dba96a7176e0721050,3,f
val_pr_auc_mood/theme---sexy,0.055917381404814934,1780381738888,0b159a90989548dba96a7176e0721050,3,f
val_roc_auc_mood/theme---sexy,0.7420049531603317,1780381738888,0b159a90989548dba96a7176e0721050,3,f
val_pr_auc_mood/theme---slow,0.04097774729819965,1780381738888,0b159a90989548dba96a7176e0721050,3,f
val_roc_auc_mood/theme---slow,0.7469312571402689,1780381738888,0b159a90989548dba96a7176e0721050,3,f
val_pr_auc_mood/theme---soft,0.061417100598601816,1780381738888,0b159a90989548dba96a7176e0721050,3,f
val_roc_auc_mood/theme---soft,0.6935752075394666,1780381738888,0b159a90989548dba96a7176e0721050,3,f
val_pr_auc_mood/theme---soundscape,0.0273471655849968,1780381738888,0b159a90989548dba96a7176e0721050,3,f
val_roc_auc_mood/theme---soundscape,0.7113722192718475,1780381738888,0b159a90989548dba96a7176e0721050,3,f
val_pr_auc_mood/theme---space,0.06357018591510946,1780381738888,0b159a90989548dba96a7176e0721050,3,f
val_roc_auc_mood/theme---space,0.7875061243067575,1780381738888,0b159a90989548dba96a7176e0721050,3,f
val_pr_auc_mood/theme---sport,0.06804028420112762,1780381738888,0b159a90989548dba96a7176e0721050,3,f
val_roc_auc_mood/theme---sport,0.9005327479165501,1780381738888,0b159a90989548dba96a7176e0721050,3,f
val_pr_auc_mood/theme---summer,0.22757080851588424,1780381738888,0b159a90989548dba96a7176e0721050,3,f
val_roc_auc_mood/theme---summer,0.8410487383809939,1780381738888,0b159a90989548dba96a7176e0721050,3,f
val_pr_auc_mood/theme---trailer,0.13804401717063006,1780381738888,0b159a90989548dba96a7176e0721050,3,f
val_roc_auc_mood/theme---trailer,0.9016368379130317,1780381738888,0b159a90989548dba96a7176e0721050,3,f
val_pr_auc_mood/theme---travel,0.013311422027860658,1780381738888,0b159a90989548dba96a7176e0721050,3,f
val_roc_auc_mood/theme---travel,0.5346851770284453,1780381738888,0b159a90989548dba96a7176e0721050,3,f
val_pr_auc_mood/theme---upbeat,0.04579366472948261,1780381738888,0b159a90989548dba96a7176e0721050,3,f
val_roc_auc_mood/theme---upbeat,0.6034895962348278,1780381738888,0b159a90989548dba96a7176e0721050,3,f
val_pr_auc_mood/theme---uplifting,0.06281284903471222,1780381738888,0b159a90989548dba96a7176e0721050,3,f
val_roc_auc_mood/theme---uplifting,0.6644227615450636,1780381738888,0b159a90989548dba96a7176e0721050,3,f
val_macro_pr_auc,0.08895058704800743,1780381738888,0b159a90989548dba96a7176e0721050,3,f
val_macro_roc_auc,0.7193333025531852,1780381738888,0b159a90989548dba96a7176e0721050,3,f
val_macro_pr_auc,0.08682132608146155,1780382681405,0b159a90989548dba96a7176e0721050,4,f
avg_train_loss,0.04717248439899802,1780382415600,0b159a90989548dba96a7176e0721050,4,f
stdev_train_loss,0.004343692246417042,1780382416674,0b159a90989548dba96a7176e0721050,4,f
train_loss,0.04717248439899802,1780382417137,0b159a90989548dba96a7176e0721050,4,f
val_loss_avg,0.05381261966425963,1780382681405,0b159a90989548dba96a7176e0721050,4,f
val_loss_std,0.02171306633176155,1780382681405,0b159a90989548dba96a7176e0721050,4,f
val_pr_auc_mood/theme---action,0.151179186984418,1780382681405,0b159a90989548dba96a7176e0721050,4,f
val_roc_auc_mood/theme---action,0.736259310478686,1780382681405,0b159a90989548dba96a7176e0721050,4,f
val_pr_auc_mood/theme---adventure,0.05684227484693413,1780382681405,0b159a90989548dba96a7176e0721050,4,f
val_roc_auc_mood/theme---adventure,0.6381200253380704,1780382681405,0b159a90989548dba96a7176e0721050,4,f
val_pr_auc_mood/theme---advertising,0.13346948322900296,1780382681405,0b159a90989548dba96a7176e0721050,4,f
val_roc_auc_mood/theme---advertising,0.7728523967726626,1780382681405,0b159a90989548dba96a7176e0721050,4,f
val_pr_auc_mood/theme---background,0.009254155020526048,1780382681405,0b159a90989548dba96a7176e0721050,4,f
val_roc_auc_mood/theme---background,0.5012433687002653,1780382681405,0b159a90989548dba96a7176e0721050,4,f
val_pr_auc_mood/theme---ballad,0.07219550845225159,1780382681405,0b159a90989548dba96a7176e0721050,4,f
val_roc_auc_mood/theme---ballad,0.7967046124373711,1780382681405,0b159a90989548dba96a7176e0721050,4,f
val_pr_auc_mood/theme---calm,0.07725440073343967,1780382681405,0b159a90989548dba96a7176e0721050,4,f
val_roc_auc_mood/theme---calm,0.6990161001788908,1780382681405,0b159a90989548dba96a7176e0721050,4,f
val_pr_auc_mood/theme---children,0.08343337956857885,1780382681405,0b159a90989548dba96a7176e0721050,4,f
val_roc_auc_mood/theme---children,0.6836772178325579,1780382681405,0b159a90989548dba96a7176e0721050,4,f
val_pr_auc_mood/theme---christmas,0.07459201060611417,1780382681405,0b159a90989548dba96a7176e0721050,4,f
val_roc_auc_mood/theme---christmas,0.712283232803619,1780382681405,0b159a90989548dba96a7176e0721050,4,f
val_pr_auc_mood/theme---commercial,0.06397289261275516,1780382681405,0b159a90989548dba96a7176e0721050,4,f
val_roc_auc_mood/theme---commercial,0.7206936150666053,1780382681405,0b159a90989548dba96a7176e0721050,4,f
val_pr_auc_mood/theme---cool,0.03304554561752725,1780382681405,0b159a90989548dba96a7176e0721050,4,f
val_roc_auc_mood/theme---cool,0.7848445110528288,1780382681405,0b159a90989548dba96a7176e0721050,4,f
val_pr_auc_mood/theme---corporate,0.0784216165594965,1780382681405,0b159a90989548dba96a7176e0721050,4,f
val_roc_auc_mood/theme---corporate,0.6884189992454774,1780382681405,0b159a90989548dba96a7176e0721050,4,f
val_pr_auc_mood/theme---dark,0.12535919241086405,1780382681405,0b159a90989548dba96a7176e0721050,4,f
val_roc_auc_mood/theme---dark,0.7338468495007278,1780382681405,0b159a90989548dba96a7176e0721050,4,f
val_pr_auc_mood/theme---deep,0.18681188334178236,1780382681405,0b159a90989548dba96a7176e0721050,4,f
val_roc_auc_mood/theme---deep,0.8053591741498659,1780382681405,0b159a90989548dba96a7176e0721050,4,f
val_pr_auc_mood/theme---documentary,0.035321806976719994,1780382681405,0b159a90989548dba96a7176e0721050,4,f
val_roc_auc_mood/theme---documentary,0.5555073069078067,1780382681405,0b159a90989548dba96a7176e0721050,4,f
val_pr_auc_mood/theme---drama,0.04805257986683474,1780382681405,0b159a90989548dba96a7176e0721050,4,f
val_roc_auc_mood/theme---drama,0.6362697557471264,1780382681405,0b159a90989548dba96a7176e0721050,4,f
val_pr_auc_mood/theme---dramatic,0.02310706214975739,1780382681405,0b159a90989548dba96a7176e0721050,4,f
val_roc_auc_mood/theme---dramatic,0.6931122767578368,1780382681405,0b159a90989548dba96a7176e0721050,4,f
val_pr_auc_mood/theme---dream,0.13045782276676782,1780382681405,0b159a90989548dba96a7176e0721050,4,f
val_roc_auc_mood/theme---dream,0.6690277021897026,1780382681405,0b159a90989548dba96a7176e0721050,4,f
val_pr_auc_mood/theme---emotional,0.14939834796657359,1780382681405,0b159a90989548dba96a7176e0721050,4,f
val_roc_auc_mood/theme---emotional,0.6673569863358987,1780382681405,0b159a90989548dba96a7176e0721050,4,f
val_pr_auc_mood/theme---energetic,0.17828634629294923,1780382681405,0b159a90989548dba96a7176e0721050,4,f
val_roc_auc_mood/theme---energetic,0.783050757777091,1780382681405,0b159a90989548dba96a7176e0721050,4,f
val_pr_auc_mood/theme---epic,0.39674176674628425,1780382681405,0b159a90989548dba96a7176e0721050,4,f
val_roc_auc_mood/theme---epic,0.8835506428683212,1780382681405,0b159a90989548dba96a7176e0721050,4,f
val_pr_auc_mood/theme---fast,0.04462370725157347,1780382681405,0b159a90989548dba96a7176e0721050,4,f
val_roc_auc_mood/theme---fast,0.8742869947848761,1780382681405,0b159a90989548dba96a7176e0721050,4,f
val_pr_auc_mood/theme---film,0.13524688964852205,1780382681405,0b159a90989548dba96a7176e0721050,4,f
val_roc_auc_mood/theme---film,0.709288392837331,1780382681405,0b159a90989548dba96a7176e0721050,4,f
val_pr_auc_mood/theme---fun,0.09638044465655941,1780382681405,0b159a90989548dba96a7176e0721050,4,f
val_roc_auc_mood/theme---fun,0.7181514929623303,1780382681405,0b159a90989548dba96a7176e0721050,4,f
val_pr_auc_mood/theme---funny,0.025084244386627787,1780382681405,0b159a90989548dba96a7176e0721050,4,f
val_roc_auc_mood/theme---funny,0.7978876399323492,1780382681405,0b159a90989548dba96a7176e0721050,4,f
val_pr_auc_mood/theme---game,0.011476082524776384,1780382681405,0b159a90989548dba96a7176e0721050,4,f
val_roc_auc_mood/theme---game,0.6108111962190352,1780382681405,0b159a90989548dba96a7176e0721050,4,f
val_pr_auc_mood/theme---groovy,0.08429610469695312,1780382681405,0b159a90989548dba96a7176e0721050,4,f
val_roc_auc_mood/theme---groovy,0.8145879248347059,1780382681405,0b159a90989548dba96a7176e0721050,4,f
val_pr_auc_mood/theme---happy,0.25728467853164694,1780382681405,0b159a90989548dba96a7176e0721050,4,f
val_roc_auc_mood/theme---happy,0.7640706355856127,1780382681405,0b159a90989548dba96a7176e0721050,4,f
val_pr_auc_mood/theme---heavy,0.08375974266253051,1780382681405,0b159a90989548dba96a7176e0721050,4,f
val_roc_auc_mood/theme---heavy,0.9040739043392267,1780382681405,0b159a90989548dba96a7176e0721050,4,f
val_pr_auc_mood/theme---holiday,0.015249572459752659,1780382681405,0b159a90989548dba96a7176e0721050,4,f
val_roc_auc_mood/theme---holiday,0.4914596685501915,1780382681405,0b159a90989548dba96a7176e0721050,4,f
val_pr_auc_mood/theme---hopeful,0.017499434696388844,1780382681405,0b159a90989548dba96a7176e0721050,4,f
val_roc_auc_mood/theme---hopeful,0.6334528235085856,1780382681405,0b159a90989548dba96a7176e0721050,4,f
val_pr_auc_mood/theme---inspiring,0.0635106058896011,1780382681405,0b159a90989548dba96a7176e0721050,4,f
val_roc_auc_mood/theme---inspiring,0.6347808558775392,1780382681405,0b159a90989548dba96a7176e0721050,4,f
val_pr_auc_mood/theme---love,0.11373483418042477,1780382681405,0b159a90989548dba96a7176e0721050,4,f
val_roc_auc_mood/theme---love,0.6979489672570558,1780382681405,0b159a90989548dba96a7176e0721050,4,f
val_pr_auc_mood/theme---meditative,0.14145559698210775,1780382681405,0b159a90989548dba96a7176e0721050,4,f
val_roc_auc_mood/theme---meditative,0.7768871086879756,1780382681405,0b159a90989548dba96a7176e0721050,4,f
val_pr_auc_mood/theme---melancholic,0.05559536964613174,1780382681405,0b159a90989548dba96a7176e0721050,4,f
val_roc_auc_mood/theme---melancholic,0.6803156448239083,1780382681405,0b159a90989548dba96a7176e0721050,4,f
val_pr_auc_mood/theme---melodic,0.12789609598897175,1780382681405,0b159a90989548dba96a7176e0721050,4,f
val_roc_auc_mood/theme---melodic,0.6038733508900762,1780382681405,0b159a90989548dba96a7176e0721050,4,f
val_pr_auc_mood/theme---motivational,0.08373097742574692,1780382681405,0b159a90989548dba96a7176e0721050,4,f
val_roc_auc_mood/theme---motivational,0.8001931848671854,1780382681405,0b159a90989548dba96a7176e0721050,4,f
val_pr_auc_mood/theme---movie,0.09900869059041759,1780382681405,0b159a90989548dba96a7176e0721050,4,f
val_roc_auc_mood/theme---movie,0.7595026591852841,1780382681405,0b159a90989548dba96a7176e0721050,4,f
val_pr_auc_mood/theme---nature,0.04375930176861222,1780382681405,0b159a90989548dba96a7176e0721050,4,f
val_roc_auc_mood/theme---nature,0.713925197093514,1780382681405,0b159a90989548dba96a7176e0721050,4,f
val_pr_auc_mood/theme---party,0.0843070731315821,1780382681405,0b159a90989548dba96a7176e0721050,4,f
val_roc_auc_mood/theme---party,0.8182426547811164,1780382681405,0b159a90989548dba96a7176e0721050,4,f
val_pr_auc_mood/theme---positive,0.03145628638461463,1780382681405,0b159a90989548dba96a7176e0721050,4,f
val_roc_auc_mood/theme---positive,0.6764646869983949,1780382681405,0b159a90989548dba96a7176e0721050,4,f
val_pr_auc_mood/theme---powerful,0.020382616014093646,1780382681405,0b159a90989548dba96a7176e0721050,4,f
val_roc_auc_mood/theme---powerful,0.6446100235147464,1780382681405,0b159a90989548dba96a7176e0721050,4,f
val_pr_auc_mood/theme---relaxing,0.21861602770689204,1780382681405,0b159a90989548dba96a7176e0721050,4,f
val_roc_auc_mood/theme---relaxing,0.7601794274001911,1780382681405,0b159a90989548dba96a7176e0721050,4,f
val_pr_auc_mood/theme---retro,0.0121277092447382,1780382681405,0b159a90989548dba96a7176e0721050,4,f
val_roc_auc_mood/theme---retro,0.5627460262903613,1780382681405,0b159a90989548dba96a7176e0721050,4,f
val_pr_auc_mood/theme---romantic,0.09814143601971395,1780382681405,0b159a90989548dba96a7176e0721050,4,f
val_roc_auc_mood/theme---romantic,0.742684812013471,1780382681405,0b159a90989548dba96a7176e0721050,4,f
val_pr_auc_mood/theme---sad,0.07846174484835021,1780382681405,0b159a90989548dba96a7176e0721050,4,f
val_roc_auc_mood/theme---sad,0.7120969317959743,1780382681405,0b159a90989548dba96a7176e0721050,4,f
val_pr_auc_mood/theme---sexy,0.03681261731897695,1780382681405,0b159a90989548dba96a7176e0721050,4,f
val_roc_auc_mood/theme---sexy,0.686019884426259,1780382681405,0b159a90989548dba96a7176e0721050,4,f
val_pr_auc_mood/theme---slow,0.05782625495406387,1780382681405,0b159a90989548dba96a7176e0721050,4,f
val_roc_auc_mood/theme---slow,0.7522005868231528,1780382681405,0b159a90989548dba96a7176e0721050,4,f
val_pr_auc_mood/theme---soft,0.06098340343368218,1780382681405,0b159a90989548dba96a7176e0721050,4,f
val_roc_auc_mood/theme---soft,0.698470247005988,1780382681405,0b159a90989548dba96a7176e0721050,4,f
val_pr_auc_mood/theme---soundscape,0.030641763887864795,1780382681405,0b159a90989548dba96a7176e0721050,4,f
val_roc_auc_mood/theme---soundscape,0.7146028795657048,1780382681405,0b159a90989548dba96a7176e0721050,4,f
val_pr_auc_mood/theme---space,0.058019700236032305,1780382681405,0b159a90989548dba96a7176e0721050,4,f
val_roc_auc_mood/theme---space,0.7663689311381499,1780382681405,0b159a90989548dba96a7176e0721050,4,f
val_pr_auc_mood/theme---sport,0.05704677642903396,1780382681405,0b159a90989548dba96a7176e0721050,4,f
val_roc_auc_mood/theme---sport,0.8874657419318753,1780382681405,0b159a90989548dba96a7176e0721050,4,f
val_pr_auc_mood/theme---summer,0.11517198275436533,1780382681405,0b159a90989548dba96a7176e0721050,4,f
val_roc_auc_mood/theme---summer,0.7816411559337995,1780382681405,0b159a90989548dba96a7176e0721050,4,f
val_pr_auc_mood/theme---trailer,0.17300717065407126,1780382681405,0b159a90989548dba96a7176e0721050,4,f
val_roc_auc_mood/theme---trailer,0.9201871642613656,1780382681405,0b159a90989548dba96a7176e0721050,4,f
val_pr_auc_mood/theme---travel,0.010804001370247826,1780382681405,0b159a90989548dba96a7176e0721050,4,f
val_roc_auc_mood/theme---travel,0.441312256317395,1780382681405,0b159a90989548dba96a7176e0721050,4,f
val_pr_auc_mood/theme---upbeat,0.0519954836779232,1780382681405,0b159a90989548dba96a7176e0721050,4,f
val_roc_auc_mood/theme---upbeat,0.661701139459995,1780382681405,0b159a90989548dba96a7176e0721050,4,f
val_pr_auc_mood/theme---uplifting,0.05940257575867783,1780382681405,0b159a90989548dba96a7176e0721050,4,f
val_roc_auc_mood/theme---uplifting,0.6452675697280015,1780382681405,0b159a90989548dba96a7176e0721050,4,f
val_macro_roc_auc,0.714624189352931,1780382681405,0b159a90989548dba96a7176e0721050,4,f
val_pr_auc_mood/theme---dream,0.11187075949822298,1780383635097,0b159a90989548dba96a7176e0721050,5,f
avg_train_loss,0.04675221290383092,1780383387410,0b159a90989548dba96a7176e0721050,5,f
stdev_train_loss,0.0041662787752117705,1780383387896,0b159a90989548dba96a7176e0721050,5,f
train_loss,0.04675221290383092,1780383388329,0b159a90989548dba96a7176e0721050,5,f
val_loss_avg,0.0551426811718528,1780383635097,0b159a90989548dba96a7176e0721050,5,f
val_loss_std,0.02657972430124825,1780383635097,0b159a90989548dba96a7176e0721050,5,f
val_pr_auc_mood/theme---action,0.13108644067267244,1780383635097,0b159a90989548dba96a7176e0721050,5,f
val_roc_auc_mood/theme---action,0.7348424193900576,1780383635097,0b159a90989548dba96a7176e0721050,5,f
val_pr_auc_mood/theme---adventure,0.04389801451700293,1780383635097,0b159a90989548dba96a7176e0721050,5,f
val_roc_auc_mood/theme---adventure,0.5752740367402022,1780383635097,0b159a90989548dba96a7176e0721050,5,f
val_pr_auc_mood/theme---advertising,0.1598239024376666,1780383635097,0b159a90989548dba96a7176e0721050,5,f
val_roc_auc_mood/theme---advertising,0.7698204863340685,1780383635097,0b159a90989548dba96a7176e0721050,5,f
val_pr_auc_mood/theme---background,0.013680656938869759,1780383635097,0b159a90989548dba96a7176e0721050,5,f
val_roc_auc_mood/theme---background,0.5714688328912467,1780383635097,0b159a90989548dba96a7176e0721050,5,f
val_pr_auc_mood/theme---ballad,0.07571361946025426,1780383635097,0b159a90989548dba96a7176e0721050,5,f
val_roc_auc_mood/theme---ballad,0.7949224506336576,1780383635097,0b159a90989548dba96a7176e0721050,5,f
val_pr_auc_mood/theme---calm,0.06616522627656966,1780383635097,0b159a90989548dba96a7176e0721050,5,f
val_roc_auc_mood/theme---calm,0.6002386945126262,1780383635097,0b159a90989548dba96a7176e0721050,5,f
val_pr_auc_mood/theme---children,0.09823557295341803,1780383635097,0b159a90989548dba96a7176e0721050,5,f
val_roc_auc_mood/theme---children,0.7387405681794847,1780383635097,0b159a90989548dba96a7176e0721050,5,f
val_pr_auc_mood/theme---christmas,0.07613733617442363,1780383635097,0b159a90989548dba96a7176e0721050,5,f
val_roc_auc_mood/theme---christmas,0.7754103352279318,1780383635097,0b159a90989548dba96a7176e0721050,5,f
val_pr_auc_mood/theme---commercial,0.09685801429429305,1780383635097,0b159a90989548dba96a7176e0721050,5,f
val_roc_auc_mood/theme---commercial,0.7292910733425203,1780383635097,0b159a90989548dba96a7176e0721050,5,f
val_pr_auc_mood/theme---cool,0.024601625393431418,1780383635097,0b159a90989548dba96a7176e0721050,5,f
val_roc_auc_mood/theme---cool,0.7204087048832271,1780383635097,0b159a90989548dba96a7176e0721050,5,f
val_pr_auc_mood/theme---corporate,0.15604379062756252,1780383635097,0b159a90989548dba96a7176e0721050,5,f
val_roc_auc_mood/theme---corporate,0.8218613702865345,1780383635097,0b159a90989548dba96a7176e0721050,5,f
val_pr_auc_mood/theme---dark,0.11560697873887163,1780383635097,0b159a90989548dba96a7176e0721050,5,f
val_roc_auc_mood/theme---dark,0.6891069352564733,1780383635097,0b159a90989548dba96a7176e0721050,5,f
val_pr_auc_mood/theme---deep,0.16978318968701647,1780383635097,0b159a90989548dba96a7176e0721050,5,f
val_roc_auc_mood/theme---deep,0.8021484837543725,1780383635097,0b159a90989548dba96a7176e0721050,5,f
val_pr_auc_mood/theme---documentary,0.043375210668485875,1780383635097,0b159a90989548dba96a7176e0721050,5,f
val_roc_auc_mood/theme---documentary,0.6339054665349589,1780383635097,0b159a90989548dba96a7176e0721050,5,f
val_pr_auc_mood/theme---drama,0.05944908935883309,1780383635097,0b159a90989548dba96a7176e0721050,5,f
val_roc_auc_mood/theme---drama,0.7075011973180076,1780383635097,0b159a90989548dba96a7176e0721050,5,f
val_pr_auc_mood/theme---dramatic,0.02454130744161973,1780383635097,0b159a90989548dba96a7176e0721050,5,f
val_roc_auc_mood/theme---dramatic,0.6828946546771575,1780383635097,0b159a90989548dba96a7176e0721050,5,f
val_roc_auc_mood/theme---dream,0.6713981442287664,1780383635097,0b159a90989548dba96a7176e0721050,5,f
val_pr_auc_mood/theme---emotional,0.14103709789268354,1780383635097,0b159a90989548dba96a7176e0721050,5,f
val_roc_auc_mood/theme---emotional,0.6434795688957731,1780383635097,0b159a90989548dba96a7176e0721050,5,f
val_pr_auc_mood/theme---energetic,0.1765239783482426,1780383635097,0b159a90989548dba96a7176e0721050,5,f
val_roc_auc_mood/theme---energetic,0.7708089569576841,1780383635097,0b159a90989548dba96a7176e0721050,5,f
val_pr_auc_mood/theme---epic,0.402205494087453,1780383635097,0b159a90989548dba96a7176e0721050,5,f
val_roc_auc_mood/theme---epic,0.8933242181386882,1780383635097,0b159a90989548dba96a7176e0721050,5,f
val_pr_auc_mood/theme---fast,0.06804147974703495,1780383635097,0b159a90989548dba96a7176e0721050,5,f
val_roc_auc_mood/theme---fast,0.8675745599739243,1780383635097,0b159a90989548dba96a7176e0721050,5,f
val_pr_auc_mood/theme---film,0.1394477369903083,1780383635097,0b159a90989548dba96a7176e0721050,5,f
val_roc_auc_mood/theme---film,0.7176596326950244,1780383635097,0b159a90989548dba96a7176e0721050,5,f
val_pr_auc_mood/theme---fun,0.08663418576942628,1780383635097,0b159a90989548dba96a7176e0721050,5,f
val_roc_auc_mood/theme---fun,0.6470484685764158,1780383635097,0b159a90989548dba96a7176e0721050,5,f
val_pr_auc_mood/theme---funny,0.019489096163103164,1780383635097,0b159a90989548dba96a7176e0721050,5,f
val_roc_auc_mood/theme---funny,0.7482195657926528,1780383635097,0b159a90989548dba96a7176e0721050,5,f
val_pr_auc_mood/theme---game,0.013353416468216132,1780383635097,0b159a90989548dba96a7176e0721050,5,f
val_roc_auc_mood/theme---game,0.5796223109517601,1780383635097,0b159a90989548dba96a7176e0721050,5,f
val_pr_auc_mood/theme---groovy,0.05461086795308094,1780383635097,0b159a90989548dba96a7176e0721050,5,f
val_roc_auc_mood/theme---groovy,0.7982180141514905,1780383635097,0b159a90989548dba96a7176e0721050,5,f
val_pr_auc_mood/theme---happy,0.24938718705499724,1780383635097,0b159a90989548dba96a7176e0721050,5,f
val_roc_auc_mood/theme---happy,0.7336865611347179,1780383635097,0b159a90989548dba96a7176e0721050,5,f
val_pr_auc_mood/theme---heavy,0.09292190085087076,1780383635097,0b159a90989548dba96a7176e0721050,5,f
val_roc_auc_mood/theme---heavy,0.9213439783882872,1780383635097,0b159a90989548dba96a7176e0721050,5,f
val_pr_auc_mood/theme---holiday,0.014928099841304786,1780383635097,0b159a90989548dba96a7176e0721050,5,f
val_roc_auc_mood/theme---holiday,0.5313625848534264,1780383635097,0b159a90989548dba96a7176e0721050,5,f
val_pr_auc_mood/theme---hopeful,0.0198417672454574,1780383635097,0b159a90989548dba96a7176e0721050,5,f
val_roc_auc_mood/theme---hopeful,0.6559420546409394,1780383635097,0b159a90989548dba96a7176e0721050,5,f
val_pr_auc_mood/theme---inspiring,0.0693313403896855,1780383635097,0b159a90989548dba96a7176e0721050,5,f
val_roc_auc_mood/theme---inspiring,0.6395404110907865,1780383635097,0b159a90989548dba96a7176e0721050,5,f
val_pr_auc_mood/theme---love,0.1013230716393606,1780383635097,0b159a90989548dba96a7176e0721050,5,f
val_roc_auc_mood/theme---love,0.6683738897356388,1780383635097,0b159a90989548dba96a7176e0721050,5,f
val_pr_auc_mood/theme---meditative,0.13655179849545007,1780383635097,0b159a90989548dba96a7176e0721050,5,f
val_roc_auc_mood/theme---meditative,0.7816073326384636,1780383635097,0b159a90989548dba96a7176e0721050,5,f
val_pr_auc_mood/theme---melancholic,0.056921167394123465,1780383635097,0b159a90989548dba96a7176e0721050,5,f
val_roc_auc_mood/theme---melancholic,0.6779541665751365,1780383635097,0b159a90989548dba96a7176e0721050,5,f
val_pr_auc_mood/theme---melodic,0.12707510867458674,1780383635097,0b159a90989548dba96a7176e0721050,5,f
val_roc_auc_mood/theme---melodic,0.5966545383758324,1780383635097,0b159a90989548dba96a7176e0721050,5,f
val_pr_auc_mood/theme---motivational,0.10132710808549325,1780383635097,0b159a90989548dba96a7176e0721050,5,f
val_roc_auc_mood/theme---motivational,0.8215973526518201,1780383635097,0b159a90989548dba96a7176e0721050,5,f
val_pr_auc_mood/theme---movie,0.10363884667257356,1780383635097,0b159a90989548dba96a7176e0721050,5,f
val_roc_auc_mood/theme---movie,0.7865047246417836,1780383635097,0b159a90989548dba96a7176e0721050,5,f
val_pr_auc_mood/theme---nature,0.041163705921936515,1780383635097,0b159a90989548dba96a7176e0721050,5,f
val_roc_auc_mood/theme---nature,0.7400465202445401,1780383635097,0b159a90989548dba96a7176e0721050,5,f
val_pr_auc_mood/theme---party,0.11118690312807566,1780383635097,0b159a90989548dba96a7176e0721050,5,f
val_roc_auc_mood/theme---party,0.8209642921181383,1780383635097,0b159a90989548dba96a7176e0721050,5,f
val_pr_auc_mood/theme---positive,0.03149944964983683,1780383635097,0b159a90989548dba96a7176e0721050,5,f
val_roc_auc_mood/theme---positive,0.6733171147672551,1780383635097,0b159a90989548dba96a7176e0721050,5,f
val_pr_auc_mood/theme---powerful,0.02209839986046113,1780383635097,0b159a90989548dba96a7176e0721050,5,f
val_roc_auc_mood/theme---powerful,0.6727653908264157,1780383635097,0b159a90989548dba96a7176e0721050,5,f
val_pr_auc_mood/theme---relaxing,0.1580419448722187,1780383635097,0b159a90989548dba96a7176e0721050,5,f
val_roc_auc_mood/theme---relaxing,0.7332877738671719,1780383635097,0b159a90989548dba96a7176e0721050,5,f
val_pr_auc_mood/theme---retro,0.0105954584791388,1780383635097,0b159a90989548dba96a7176e0721050,5,f
val_roc_auc_mood/theme---retro,0.5055090433914178,1780383635097,0b159a90989548dba96a7176e0721050,5,f
val_pr_auc_mood/theme---romantic,0.08761153680833722,1780383635097,0b159a90989548dba96a7176e0721050,5,f
val_roc_auc_mood/theme---romantic,0.7098975873681885,1780383635097,0b159a90989548dba96a7176e0721050,5,f
val_pr_auc_mood/theme---sad,0.07559080601124313,1780383635097,0b159a90989548dba96a7176e0721050,5,f
val_roc_auc_mood/theme---sad,0.7026978233153727,1780383635097,0b159a90989548dba96a7176e0721050,5,f
val_pr_auc_mood/theme---sexy,0.025972722428143614,1780383635097,0b159a90989548dba96a7176e0721050,5,f
val_roc_auc_mood/theme---sexy,0.7549980259143606,1780383635097,0b159a90989548dba96a7176e0721050,5,f
val_pr_auc_mood/theme---slow,0.03128211630710367,1780383635097,0b159a90989548dba96a7176e0721050,5,f
val_roc_auc_mood/theme---slow,0.7428697967256678,1780383635097,0b159a90989548dba96a7176e0721050,5,f
val_pr_auc_mood/theme---soft,0.054251546057272254,1780383635097,0b159a90989548dba96a7176e0721050,5,f
val_roc_auc_mood/theme---soft,0.6883718358737071,1780383635097,0b159a90989548dba96a7176e0721050,5,f
val_pr_auc_mood/theme---soundscape,0.030582396510576888,1780383635097,0b159a90989548dba96a7176e0721050,5,f
val_roc_auc_mood/theme---soundscape,0.7262273558741961,1780383635097,0b159a90989548dba96a7176e0721050,5,f
val_pr_auc_mood/theme---space,0.05946366680987693,1780383635097,0b159a90989548dba96a7176e0721050,5,f
val_roc_auc_mood/theme---space,0.759298074720891,1780383635097,0b159a90989548dba96a7176e0721050,5,f
val_pr_auc_mood/theme---sport,0.04348252462194647,1780383635097,0b159a90989548dba96a7176e0721050,5,f
val_roc_auc_mood/theme---sport,0.8691551540913921,1780383635097,0b159a90989548dba96a7176e0721050,5,f
val_pr_auc_mood/theme---summer,0.21134667741195987,1780383635097,0b159a90989548dba96a7176e0721050,5,f
val_roc_auc_mood/theme---summer,0.8314278015167264,1780383635097,0b159a90989548dba96a7176e0721050,5,f
val_pr_auc_mood/theme---trailer,0.13850933365579893,1780383635097,0b159a90989548dba96a7176e0721050,5,f
val_roc_auc_mood/theme---trailer,0.8929392490024575,1780383635097,0b159a90989548dba96a7176e0721050,5,f
val_pr_auc_mood/theme---travel,0.015308862275900673,1780383635097,0b159a90989548dba96a7176e0721050,5,f
val_roc_auc_mood/theme---travel,0.5503298041838638,1780383635097,0b159a90989548dba96a7176e0721050,5,f
val_pr_auc_mood/theme---upbeat,0.0430324641704437,1780383635097,0b159a90989548dba96a7176e0721050,5,f
val_roc_auc_mood/theme---upbeat,0.5781778961274874,1780383635097,0b159a90989548dba96a7176e0721050,5,f
val_pr_auc_mood/theme---uplifting,0.06589661821818404,1780383635097,0b159a90989548dba96a7176e0721050,5,f
val_roc_auc_mood/theme---uplifting,0.6843085727977815,1780383635097,0b159a90989548dba96a7176e0721050,5,f
val_macro_pr_auc,0.08747104675180574,1780383635097,0b159a90989548dba96a7176e0721050,5,f
val_macro_roc_auc,0.7167204617460458,1780383635097,0b159a90989548dba96a7176e0721050,5,f
val_pr_auc_mood/theme---happy,0.24052819603529166,1780384606154,0b159a90989548dba96a7176e0721050,6,f
val_roc_auc_mood/theme---happy,0.7340426566521037,1780384606154,0b159a90989548dba96a7176e0721050,6,f
val_pr_auc_mood/theme---heavy,0.07268137389285023,1780384606154,0b159a90989548dba96a7176e0721050,6,f
val_roc_auc_mood/theme---heavy,0.9043633469210546,1780384606154,0b159a90989548dba96a7176e0721050,6,f
val_pr_auc_mood/theme---holiday,0.014001176725134302,1780384606154,0b159a90989548dba96a7176e0721050,6,f
val_roc_auc_mood/theme---holiday,0.4855891387614244,1780384606154,0b159a90989548dba96a7176e0721050,6,f
val_pr_auc_mood/theme---hopeful,0.01945870425354183,1780384606154,0b159a90989548dba96a7176e0721050,6,f
val_roc_auc_mood/theme---hopeful,0.6655012686611199,1780384606154,0b159a90989548dba96a7176e0721050,6,f
val_pr_auc_mood/theme---inspiring,0.06865040537567177,1780384606154,0b159a90989548dba96a7176e0721050,6,f
val_roc_auc_mood/theme---inspiring,0.642534939507718,1780384606154,0b159a90989548dba96a7176e0721050,6,f
val_pr_auc_mood/theme---love,0.09590444210278168,1780384606154,0b159a90989548dba96a7176e0721050,6,f
val_roc_auc_mood/theme---love,0.6558141062700373,1780384606154,0b159a90989548dba96a7176e0721050,6,f
val_pr_auc_mood/theme---meditative,0.1412509825653997,1780384606154,0b159a90989548dba96a7176e0721050,6,f
val_roc_auc_mood/theme---meditative,0.784072357433713,1780384606154,0b159a90989548dba96a7176e0721050,6,f
val_pr_auc_mood/theme---melancholic,0.053981022347346586,1780384606154,0b159a90989548dba96a7176e0721050,6,f
val_roc_auc_mood/theme---melancholic,0.6590623405849632,1780384606154,0b159a90989548dba96a7176e0721050,6,f
val_pr_auc_mood/theme---melodic,0.13408354169853176,1780384606154,0b159a90989548dba96a7176e0721050,6,f
val_roc_auc_mood/theme---melodic,0.6082699222607683,1780384606154,0b159a90989548dba96a7176e0721050,6,f
val_pr_auc_mood/theme---motivational,0.1086118277966326,1780384606154,0b159a90989548dba96a7176e0721050,6,f
val_roc_auc_mood/theme---motivational,0.8227242643770681,1780384606154,0b159a90989548dba96a7176e0721050,6,f
val_pr_auc_mood/theme---movie,0.10657544139888193,1780384606154,0b159a90989548dba96a7176e0721050,6,f
val_roc_auc_mood/theme---movie,0.7712944726848775,1780384606154,0b159a90989548dba96a7176e0721050,6,f
val_pr_auc_mood/theme---nature,0.037748441851080464,1780384606154,0b159a90989548dba96a7176e0721050,6,f
val_roc_auc_mood/theme---nature,0.7403593997653404,1780384606154,0b159a90989548dba96a7176e0721050,6,f
val_pr_auc_mood/theme---party,0.09932103960585362,1780384606154,0b159a90989548dba96a7176e0721050,6,f
val_roc_auc_mood/theme---party,0.824031737493276,1780384606154,0b159a90989548dba96a7176e0721050,6,f
val_pr_auc_mood/theme---positive,0.030007160658157728,1780384606154,0b159a90989548dba96a7176e0721050,6,f
val_roc_auc_mood/theme---positive,0.6752942750133762,1780384606154,0b159a90989548dba96a7176e0721050,6,f
val_pr_auc_mood/theme---powerful,0.02182931611732559,1780384606154,0b159a90989548dba96a7176e0721050,6,f
val_roc_auc_mood/theme---powerful,0.6514944612856617,1780384606154,0b159a90989548dba96a7176e0721050,6,f
val_pr_auc_mood/theme---relaxing,0.15177974842967723,1780384606154,0b159a90989548dba96a7176e0721050,6,f
val_roc_auc_mood/theme---relaxing,0.7440791407736467,1780384606154,0b159a90989548dba96a7176e0721050,6,f
val_pr_auc_mood/theme---retro,0.011845265349990693,1780384606154,0b159a90989548dba96a7176e0721050,6,f
val_roc_auc_mood/theme---retro,0.5422273526112023,1780384606154,0b159a90989548dba96a7176e0721050,6,f
val_pr_auc_mood/theme---romantic,0.08401824080400466,1780384606154,0b159a90989548dba96a7176e0721050,6,f
val_roc_auc_mood/theme---romantic,0.7010802554334823,1780384606154,0b159a90989548dba96a7176e0721050,6,f
val_pr_auc_mood/theme---sad,0.07847207790912687,1780384606154,0b159a90989548dba96a7176e0721050,6,f
val_roc_auc_mood/theme---sad,0.7023460547009501,1780384606154,0b159a90989548dba96a7176e0721050,6,f
val_pr_auc_mood/theme---sexy,0.03186685331523716,1780384606154,0b159a90989548dba96a7176e0721050,6,f
val_roc_auc_mood/theme---sexy,0.7248950145364488,1780384606154,0b159a90989548dba96a7176e0721050,6,f
val_pr_auc_mood/theme---slow,0.033583949264118174,1780384606154,0b159a90989548dba96a7176e0721050,6,f
val_roc_auc_mood/theme---slow,0.7425325998882721,1780384606154,0b159a90989548dba96a7176e0721050,6,f
val_pr_auc_mood/theme---soft,0.05605188122173216,1780384606154,0b159a90989548dba96a7176e0721050,6,f
val_roc_auc_mood/theme---soft,0.6966755409635275,1780384606154,0b159a90989548dba96a7176e0721050,6,f
val_pr_auc_mood/theme---soundscape,0.028507784306996433,1780384606154,0b159a90989548dba96a7176e0721050,6,f
val_roc_auc_mood/theme---soundscape,0.728218858795067,1780384606154,0b159a90989548dba96a7176e0721050,6,f
val_pr_auc_mood/theme---space,0.05648146063891633,1780384606154,0b159a90989548dba96a7176e0721050,6,f
val_roc_auc_mood/theme---space,0.7667632060347251,1780384606154,0b159a90989548dba96a7176e0721050,6,f
val_pr_auc_mood/theme---sport,0.07931176265968284,1780384606154,0b159a90989548dba96a7176e0721050,6,f
val_roc_auc_mood/theme---sport,0.8885703898428323,1780384606154,0b159a90989548dba96a7176e0721050,6,f
val_pr_auc_mood/theme---summer,0.19353819171571854,1780384606154,0b159a90989548dba96a7176e0721050,6,f
val_roc_auc_mood/theme---summer,0.8261331769820048,1780384606154,0b159a90989548dba96a7176e0721050,6,f
val_pr_auc_mood/theme---trailer,0.1761544918517162,1780384606154,0b159a90989548dba96a7176e0721050,6,f
val_roc_auc_mood/theme---trailer,0.9121011245710662,1780384606154,0b159a90989548dba96a7176e0721050,6,f
val_pr_auc_mood/theme---travel,0.0139090712043887,1780384606154,0b159a90989548dba96a7176e0721050,6,f
val_roc_auc_mood/theme---travel,0.531683496740023,1780384606154,0b159a90989548dba96a7176e0721050,6,f
val_pr_auc_mood/theme---upbeat,0.04541160492879667,1780384606154,0b159a90989548dba96a7176e0721050,6,f
val_roc_auc_mood/theme---upbeat,0.5984198249525225,1780384606154,0b159a90989548dba96a7176e0721050,6,f
val_pr_auc_mood/theme---uplifting,0.059354451120542814,1780384606154,0b159a90989548dba96a7176e0721050,6,f
val_roc_auc_mood/theme---uplifting,0.6620688707019642,1780384606154,0b159a90989548dba96a7176e0721050,6,f
val_macro_pr_auc,0.08850784852015404,1780384606154,0b159a90989548dba96a7176e0721050,6,f
val_macro_roc_auc,0.7171892285686374,1780384606154,0b159a90989548dba96a7176e0721050,6,f
val_roc_auc_mood/theme---ballad,0.8079732169171824,1780384606154,0b159a90989548dba96a7176e0721050,6,f
val_pr_auc_mood/theme---advertising,0.1473595045462261,1780384606154,0b159a90989548dba96a7176e0721050,6,f
val_roc_auc_mood/theme---adventure,0.5792950783552286,1780384606154,0b159a90989548dba96a7176e0721050,6,f
val_pr_auc_mood/theme---adventure,0.04484102384163889,1780384606154,0b159a90989548dba96a7176e0721050,6,f
val_roc_auc_mood/theme---action,0.7128854598830581,1780384606154,0b159a90989548dba96a7176e0721050,6,f
val_pr_auc_mood/theme---action,0.11748333482803001,1780384606154,0b159a90989548dba96a7176e0721050,6,f
val_loss_std,0.024658287715691056,1780384606154,0b159a90989548dba96a7176e0721050,6,f
val_pr_auc_mood/theme---background,0.011676748110463401,1780384606154,0b159a90989548dba96a7176e0721050,6,f
stdev_train_loss,0.004333301946057987,1780384379483,0b159a90989548dba96a7176e0721050,6,f
val_roc_auc_mood/theme---advertising,0.7792586802162725,1780384606154,0b159a90989548dba96a7176e0721050,6,f
val_pr_auc_mood/theme---ballad,0.08432163751010144,1780384606154,0b159a90989548dba96a7176e0721050,6,f
val_roc_auc_mood/theme---cool,0.7374875109279381,1780384606154,0b159a90989548dba96a7176e0721050,6,f
val_roc_auc_mood/theme---background,0.5508952254641909,1780384606154,0b159a90989548dba96a7176e0721050,6,f
avg_train_loss,0.04640591947436638,1780384378922,0b159a90989548dba96a7176e0721050,6,f
val_loss_avg,0.0534377909126667,1780384606154,0b159a90989548dba96a7176e0721050,6,f
val_pr_auc_mood/theme---cool,0.027117972811559636,1780384606154,0b159a90989548dba96a7176e0721050,6,f
val_roc_auc_mood/theme---commercial,0.7438906752411575,1780384606154,0b159a90989548dba96a7176e0721050,6,f
val_pr_auc_mood/theme---commercial,0.08802718480950394,1780384606154,0b159a90989548dba96a7176e0721050,6,f
val_roc_auc_mood/theme---christmas,0.7370628407377334,1780384606154,0b159a90989548dba96a7176e0721050,6,f
val_pr_auc_mood/theme---christmas,0.07763759103489742,1780384606154,0b159a90989548dba96a7176e0721050,6,f
val_roc_auc_mood/theme---children,0.7223126013913574,1780384606154,0b159a90989548dba96a7176e0721050,6,f
val_pr_auc_mood/theme---children,0.09462797427896762,1780384606154,0b159a90989548dba96a7176e0721050,6,f
val_roc_auc_mood/theme---calm,0.6434455214877065,1780384606154,0b159a90989548dba96a7176e0721050,6,f
val_pr_auc_mood/theme---calm,0.06673006607768966,1780384606154,0b159a90989548dba96a7176e0721050,6,f
train_loss,0.04640591947436638,1780384379992,0b159a90989548dba96a7176e0721050,6,f
val_pr_auc_mood/theme---corporate,0.13556895710332223,1780384606154,0b159a90989548dba96a7176e0721050,6,f
val_roc_auc_mood/theme---corporate,0.8008060509026664,1780384606154,0b159a90989548dba96a7176e0721050,6,f
val_pr_auc_mood/theme---dark,0.13156895038909824,1780384606154,0b159a90989548dba96a7176e0721050,6,f
val_roc_auc_mood/theme---dark,0.7165465916516042,1780384606154,0b159a90989548dba96a7176e0721050,6,f
val_pr_auc_mood/theme---deep,0.14380155861571403,1780384606154,0b159a90989548dba96a7176e0721050,6,f
val_roc_auc_mood/theme---deep,0.8000326116074028,1780384606154,0b159a90989548dba96a7176e0721050,6,f
val_pr_auc_mood/theme---documentary,0.043317954875274026,1780384606154,0b159a90989548dba96a7176e0721050,6,f
val_roc_auc_mood/theme---documentary,0.6289730551559389,1780384606154,0b159a90989548dba96a7176e0721050,6,f
val_pr_auc_mood/theme---drama,0.054355967149816706,1780384606154,0b159a90989548dba96a7176e0721050,6,f
val_roc_auc_mood/theme---drama,0.6780411877394635,1780384606154,0b159a90989548dba96a7176e0721050,6,f
val_pr_auc_mood/theme---dramatic,0.021319226337899528,1780384606154,0b159a90989548dba96a7176e0721050,6,f
val_roc_auc_mood/theme---dramatic,0.6873204695891095,1780384606154,0b159a90989548dba96a7176e0721050,6,f
val_pr_auc_mood/theme---dream,0.11674011556682594,1780384606154,0b159a90989548dba96a7176e0721050,6,f
val_roc_auc_mood/theme---dream,0.6830890998636054,1780384606154,0b159a90989548dba96a7176e0721050,6,f
val_pr_auc_mood/theme---emotional,0.1459928048309116,1780384606154,0b159a90989548dba96a7176e0721050,6,f
val_roc_auc_mood/theme---emotional,0.6580527131026576,1780384606154,0b159a90989548dba96a7176e0721050,6,f
val_pr_auc_mood/theme---energetic,0.20632961028345762,1780384606154,0b159a90989548dba96a7176e0721050,6,f
val_roc_auc_mood/theme---energetic,0.7773531494978817,1780384606154,0b159a90989548dba96a7176e0721050,6,f
val_pr_auc_mood/theme---epic,0.43499350479551935,1780384606154,0b159a90989548dba96a7176e0721050,6,f
val_roc_auc_mood/theme---epic,0.893166075002677,1780384606154,0b159a90989548dba96a7176e0721050,6,f
val_pr_auc_mood/theme---fast,0.06316199295356739,1780384606154,0b159a90989548dba96a7176e0721050,6,f
val_roc_auc_mood/theme---fast,0.8657920469361148,1780384606154,0b159a90989548dba96a7176e0721050,6,f
val_pr_auc_mood/theme---film,0.15639455451653855,1780384606154,0b159a90989548dba96a7176e0721050,6,f
val_roc_auc_mood/theme---film,0.7146951575801954,1780384606154,0b159a90989548dba96a7176e0721050,6,f
val_pr_auc_mood/theme---fun,0.09415510408454883,1780384606154,0b159a90989548dba96a7176e0721050,6,f
val_roc_auc_mood/theme---fun,0.693500787716067,1780384606154,0b159a90989548dba96a7176e0721050,6,f
val_pr_auc_mood/theme---funny,0.01833141207455645,1780384606154,0b159a90989548dba96a7176e0721050,6,f
val_roc_auc_mood/theme---funny,0.7566874144298583,1780384606154,0b159a90989548dba96a7176e0721050,6,f
val_pr_auc_mood/theme---game,0.012894045293712577,1780384606154,0b159a90989548dba96a7176e0721050,6,f
val_roc_auc_mood/theme---game,0.591305410691004,1780384606154,0b159a90989548dba96a7176e0721050,6,f
val_pr_auc_mood/theme---groovy,0.07277081326365847,1780384606154,0b159a90989548dba96a7176e0721050,6,f
val_roc_auc_mood/theme---groovy,0.8104845725553881,1780384606154,0b159a90989548dba96a7176e0721050,6,f
val_roc_auc_mood/theme---game,0.6116158735332463,1780385597273,0b159a90989548dba96a7176e0721050,7,f
val_roc_auc_mood/theme---groovy,0.830026244055214,1780385597273,0b159a90989548dba96a7176e0721050,7,f
val_pr_auc_mood/theme---happy,0.23178135154614696,1780385597273,0b159a90989548dba96a7176e0721050,7,f
val_roc_auc_mood/theme---happy,0.7204811029983841,1780385597273,0b159a90989548dba96a7176e0721050,7,f
val_pr_auc_mood/theme---heavy,0.08059255468069935,1780385597273,0b159a90989548dba96a7176e0721050,7,f
val_roc_auc_mood/theme---heavy,0.9108034443667238,1780385597273,0b159a90989548dba96a7176e0721050,7,f
val_pr_auc_mood/theme---holiday,0.019544852269438424,1780385597273,0b159a90989548dba96a7176e0721050,7,f
val_roc_auc_mood/theme---holiday,0.5338806932382723,1780385597273,0b159a90989548dba96a7176e0721050,7,f
val_pr_auc_mood/theme---hopeful,0.02022145823986773,1780385597273,0b159a90989548dba96a7176e0721050,7,f
val_roc_auc_mood/theme---hopeful,0.6900410102082964,1780385597273,0b159a90989548dba96a7176e0721050,7,f
val_pr_auc_mood/theme---inspiring,0.08151597294598703,1780385597273,0b159a90989548dba96a7176e0721050,7,f
val_roc_auc_mood/theme---inspiring,0.6561116058534707,1780385597273,0b159a90989548dba96a7176e0721050,7,f
val_pr_auc_mood/theme---love,0.10436181481979862,1780385597273,0b159a90989548dba96a7176e0721050,7,f
val_roc_auc_mood/theme---love,0.6809047669101802,1780385597273,0b159a90989548dba96a7176e0721050,7,f
val_pr_auc_mood/theme---meditative,0.1326389765345624,1780385597273,0b159a90989548dba96a7176e0721050,7,f
val_roc_auc_mood/theme---meditative,0.7877895124709783,1780385597273,0b159a90989548dba96a7176e0721050,7,f
val_pr_auc_mood/theme---melancholic,0.060984527903586466,1780385597273,0b159a90989548dba96a7176e0721050,7,f
val_roc_auc_mood/theme---melancholic,0.6770510689502832,1780385597273,0b159a90989548dba96a7176e0721050,7,f
val_pr_auc_mood/theme---melodic,0.1264059910702251,1780385597273,0b159a90989548dba96a7176e0721050,7,f
val_roc_auc_mood/theme---melodic,0.5947905851966271,1780385597273,0b159a90989548dba96a7176e0721050,7,f
val_pr_auc_mood/theme---motivational,0.14289187846985932,1780385597273,0b159a90989548dba96a7176e0721050,7,f
val_roc_auc_mood/theme---motivational,0.8397853501475718,1780385597273,0b159a90989548dba96a7176e0721050,7,f
val_pr_auc_mood/theme---movie,0.11009877550995262,1780385597273,0b159a90989548dba96a7176e0721050,7,f
val_roc_auc_mood/theme---movie,0.7670975898209698,1780385597273,0b159a90989548dba96a7176e0721050,7,f
val_pr_auc_mood/theme---nature,0.038444504562148846,1780385597273,0b159a90989548dba96a7176e0721050,7,f
val_roc_auc_mood/theme---nature,0.7239620427739241,1780385597273,0b159a90989548dba96a7176e0721050,7,f
val_pr_auc_mood/theme---party,0.12434405343872834,1780385597273,0b159a90989548dba96a7176e0721050,7,f
val_roc_auc_mood/theme---party,0.8278260201337124,1780385597273,0b159a90989548dba96a7176e0721050,7,f
val_pr_auc_mood/theme---positive,0.04290687556962938,1780385597273,0b159a90989548dba96a7176e0721050,7,f
val_roc_auc_mood/theme---positive,0.7024979935794542,1780385597273,0b159a90989548dba96a7176e0721050,7,f
val_pr_auc_mood/theme---powerful,0.02194348816870585,1780385597273,0b159a90989548dba96a7176e0721050,7,f
val_roc_auc_mood/theme---powerful,0.6735133297447375,1780385597273,0b159a90989548dba96a7176e0721050,7,f
val_pr_auc_mood/theme---relaxing,0.1864707950269137,1780385597273,0b159a90989548dba96a7176e0721050,7,f
val_roc_auc_mood/theme---relaxing,0.749836680031684,1780385597273,0b159a90989548dba96a7176e0721050,7,f
val_pr_auc_mood/theme---retro,0.01151248205008858,1780385597273,0b159a90989548dba96a7176e0721050,7,f
val_roc_auc_mood/theme---retro,0.5404634211191885,1780385597273,0b159a90989548dba96a7176e0721050,7,f
val_pr_auc_mood/theme---romantic,0.06831603871870852,1780385597273,0b159a90989548dba96a7176e0721050,7,f
val_roc_auc_mood/theme---romantic,0.6983025543348239,1780385597273,0b159a90989548dba96a7176e0721050,7,f
val_pr_auc_mood/theme---sad,0.08095117009460735,1780385597273,0b159a90989548dba96a7176e0721050,7,f
val_roc_auc_mood/theme---sad,0.7234410043087003,1780385597273,0b159a90989548dba96a7176e0721050,7,f
val_pr_auc_mood/theme---sexy,0.020753275232345176,1780385597273,0b159a90989548dba96a7176e0721050,7,f
val_roc_auc_mood/theme---sexy,0.744323606475001,1780385597273,0b159a90989548dba96a7176e0721050,7,f
val_pr_auc_mood/theme---slow,0.05409506556206448,1780385597273,0b159a90989548dba96a7176e0721050,7,f
val_roc_auc_mood/theme---slow,0.7765995460424666,1780385597273,0b159a90989548dba96a7176e0721050,7,f
val_pr_auc_mood/theme---soft,0.057706436598907784,1780385597273,0b159a90989548dba96a7176e0721050,7,f
val_roc_auc_mood/theme---soft,0.6858286268372347,1780385597273,0b159a90989548dba96a7176e0721050,7,f
val_pr_auc_mood/theme---soundscape,0.028109622991783063,1780385597273,0b159a90989548dba96a7176e0721050,7,f
val_roc_auc_mood/theme---soundscape,0.7201348321236798,1780385597273,0b159a90989548dba96a7176e0721050,7,f
val_pr_auc_mood/theme---space,0.05879153488089909,1780385597273,0b159a90989548dba96a7176e0721050,7,f
val_roc_auc_mood/theme---space,0.770500120311825,1780385597273,0b159a90989548dba96a7176e0721050,7,f
val_pr_auc_mood/theme---sport,0.06420073317759808,1780385597273,0b159a90989548dba96a7176e0721050,7,f
val_roc_auc_mood/theme---sport,0.8755313496280552,1780385597273,0b159a90989548dba96a7176e0721050,7,f
val_pr_auc_mood/theme---summer,0.201257783498606,1780385597273,0b159a90989548dba96a7176e0721050,7,f
val_roc_auc_mood/theme---summer,0.8163819473439523,1780385597273,0b159a90989548dba96a7176e0721050,7,f
val_pr_auc_mood/theme---trailer,0.1620283961273437,1780385597273,0b159a90989548dba96a7176e0721050,7,f
val_roc_auc_mood/theme---trailer,0.9177107674187716,1780385597273,0b159a90989548dba96a7176e0721050,7,f
val_pr_auc_mood/theme---travel,0.01640289827072243,1780385597273,0b159a90989548dba96a7176e0721050,7,f
val_roc_auc_mood/theme---travel,0.5627715514663101,1780385597273,0b159a90989548dba96a7176e0721050,7,f
val_pr_auc_mood/theme---upbeat,0.04573689818442246,1780385597273,0b159a90989548dba96a7176e0721050,7,f
val_roc_auc_mood/theme---upbeat,0.5830969779539262,1780385597273,0b159a90989548dba96a7176e0721050,7,f
val_pr_auc_mood/theme---uplifting,0.057725034173016915,1780385597273,0b159a90989548dba96a7176e0721050,7,f
val_roc_auc_mood/theme---uplifting,0.6486211522182745,1780385597273,0b159a90989548dba96a7176e0721050,7,f
val_macro_pr_auc,0.09105319858671457,1780385597273,0b159a90989548dba96a7176e0721050,7,f
val_macro_roc_auc,0.7228749262806838,1780385597273,0b159a90989548dba96a7176e0721050,7,f
stdev_train_loss,0.004234665150268589,1780385375144,0b159a90989548dba96a7176e0721050,7,f
avg_train_loss,0.04577534569659889,1780385373841,0b159a90989548dba96a7176e0721050,7,f
train_loss,0.04577534569659889,1780385375799,0b159a90989548dba96a7176e0721050,7,f
val_loss_avg,0.05339329728479066,1780385597273,0b159a90989548dba96a7176e0721050,7,f
val_loss_std,0.024632526545245555,1780385597273,0b159a90989548dba96a7176e0721050,7,f
val_pr_auc_mood/theme---action,0.12849908052518605,1780385597273,0b159a90989548dba96a7176e0721050,7,f
val_roc_auc_mood/theme---action,0.7458330300604121,1780385597273,0b159a90989548dba96a7176e0721050,7,f
val_pr_auc_mood/theme---adventure,0.030431562543694734,1780385597273,0b159a90989548dba96a7176e0721050,7,f
val_roc_auc_mood/theme---adventure,0.5750778044011127,1780385597273,0b159a90989548dba96a7176e0721050,7,f
val_pr_auc_mood/theme---advertising,0.1653696709548766,1780385597273,0b159a90989548dba96a7176e0721050,7,f
val_roc_auc_mood/theme---advertising,0.7807681212019693,1780385597273,0b159a90989548dba96a7176e0721050,7,f
val_pr_auc_mood/theme---background,0.010915063277251155,1780385597273,0b159a90989548dba96a7176e0721050,7,f
val_roc_auc_mood/theme---background,0.5511273209549071,1780385597273,0b159a90989548dba96a7176e0721050,7,f
val_pr_auc_mood/theme---ballad,0.0916259136088884,1780385597273,0b159a90989548dba96a7176e0721050,7,f
val_roc_auc_mood/theme---ballad,0.802322796934866,1780385597273,0b159a90989548dba96a7176e0721050,7,f
val_pr_auc_mood/theme---calm,0.06277959662833596,1780385597273,0b159a90989548dba96a7176e0721050,7,f
val_roc_auc_mood/theme---calm,0.6519350376502892,1780385597273,0b159a90989548dba96a7176e0721050,7,f
val_pr_auc_mood/theme---children,0.11127642213540746,1780385597273,0b159a90989548dba96a7176e0721050,7,f
val_roc_auc_mood/theme---children,0.7404221531132138,1780385597273,0b159a90989548dba96a7176e0721050,7,f
val_pr_auc_mood/theme---christmas,0.06275776999639879,1780385597273,0b159a90989548dba96a7176e0721050,7,f
val_roc_auc_mood/theme---christmas,0.7561550284189769,1780385597273,0b159a90989548dba96a7176e0721050,7,f
val_pr_auc_mood/theme---commercial,0.07984868336538216,1780385597273,0b159a90989548dba96a7176e0721050,7,f
val_roc_auc_mood/theme---commercial,0.7481817485836779,1780385597273,0b159a90989548dba96a7176e0721050,7,f
val_pr_auc_mood/theme---cool,0.040552189829998385,1780385597273,0b159a90989548dba96a7176e0721050,7,f
val_roc_auc_mood/theme---cool,0.799409891345073,1780385597273,0b159a90989548dba96a7176e0721050,7,f
val_pr_auc_mood/theme---corporate,0.12036206543489163,1780385597273,0b159a90989548dba96a7176e0721050,7,f
val_roc_auc_mood/theme---corporate,0.7872683523804265,1780385597273,0b159a90989548dba96a7176e0721050,7,f
val_pr_auc_mood/theme---dark,0.1265492989165525,1780385597273,0b159a90989548dba96a7176e0721050,7,f
val_roc_auc_mood/theme---dark,0.711647821981062,1780385597273,0b159a90989548dba96a7176e0721050,7,f
val_pr_auc_mood/theme---deep,0.17501687651957265,1780385597273,0b159a90989548dba96a7176e0721050,7,f
val_roc_auc_mood/theme---deep,0.8150533626837799,1780385597273,0b159a90989548dba96a7176e0721050,7,f
val_pr_auc_mood/theme---documentary,0.04339847203510151,1780385597273,0b159a90989548dba96a7176e0721050,7,f
val_roc_auc_mood/theme---documentary,0.6039574203842065,1780385597273,0b159a90989548dba96a7176e0721050,7,f
val_pr_auc_mood/theme---drama,0.047117346197900256,1780385597273,0b159a90989548dba96a7176e0721050,7,f
val_roc_auc_mood/theme---drama,0.6811422413793102,1780385597273,0b159a90989548dba96a7176e0721050,7,f
val_pr_auc_mood/theme---dramatic,0.022095540086529423,1780385597273,0b159a90989548dba96a7176e0721050,7,f
val_roc_auc_mood/theme---dramatic,0.7100896090920444,1780385597273,0b159a90989548dba96a7176e0721050,7,f
val_pr_auc_mood/theme---dream,0.1228912459857928,1780385597273,0b159a90989548dba96a7176e0721050,7,f
val_roc_auc_mood/theme---dream,0.6805909979641612,1780385597273,0b159a90989548dba96a7176e0721050,7,f
val_pr_auc_mood/theme---emotional,0.14447126336307475,1780385597273,0b159a90989548dba96a7176e0721050,7,f
val_roc_auc_mood/theme---emotional,0.6473775576994223,1780385597273,0b159a90989548dba96a7176e0721050,7,f
val_pr_auc_mood/theme---energetic,0.21111731307867398,1780385597273,0b159a90989548dba96a7176e0721050,7,f
val_roc_auc_mood/theme---energetic,0.769563131255434,1780385597273,0b159a90989548dba96a7176e0721050,7,f
val_pr_auc_mood/theme---epic,0.4422184753511019,1780385597273,0b159a90989548dba96a7176e0721050,7,f
val_roc_auc_mood/theme---epic,0.8890840053043843,1780385597273,0b159a90989548dba96a7176e0721050,7,f
val_pr_auc_mood/theme---fast,0.05792063244172356,1780385597273,0b159a90989548dba96a7176e0721050,7,f
val_roc_auc_mood/theme---fast,0.8729933996088657,1780385597273,0b159a90989548dba96a7176e0721050,7,f
val_pr_auc_mood/theme---film,0.1372820149101702,1780385597273,0b159a90989548dba96a7176e0721050,7,f
val_roc_auc_mood/theme---film,0.7170442526312676,1780385597273,0b159a90989548dba96a7176e0721050,7,f
val_pr_auc_mood/theme---fun,0.08678343887289547,1780385597273,0b159a90989548dba96a7176e0721050,7,f
val_roc_auc_mood/theme---fun,0.6627643286662079,1780385597273,0b159a90989548dba96a7176e0721050,7,f
val_pr_auc_mood/theme---funny,0.01617024899255075,1780385597273,0b159a90989548dba96a7176e0721050,7,f
val_roc_auc_mood/theme---funny,0.7394640864272812,1780385597273,0b159a90989548dba96a7176e0721050,7,f
val_pr_auc_mood/theme---game,0.01599505964676734,1780385597273,0b159a90989548dba96a7176e0721050,7,f
val_pr_auc_mood/theme---groovy,0.09279863583993403,1780385597273,0b159a90989548dba96a7176e0721050,7,f
val_pr_auc_mood/theme---groovy,0.06878094290594422,1780386617124,0b159a90989548dba96a7176e0721050,8,f
val_pr_auc_mood/theme---happy,0.24640474360457343,1780386617124,0b159a90989548dba96a7176e0721050,8,f
val_macro_roc_auc,0.7123878857569453,1780386617124,0b159a90989548dba96a7176e0721050,8,f
val_macro_pr_auc,0.08469033816814557,1780386617124,0b159a90989548dba96a7176e0721050,8,f
val_roc_auc_mood/theme---uplifting,0.6464381320496428,1780386617124,0b159a90989548dba96a7176e0721050,8,f
val_pr_auc_mood/theme---uplifting,0.062090018143281696,1780386617124,0b159a90989548dba96a7176e0721050,8,f
val_roc_auc_mood/theme---upbeat,0.5599733713153332,1780386617124,0b159a90989548dba96a7176e0721050,8,f
val_pr_auc_mood/theme---upbeat,0.040775308515678614,1780386617124,0b159a90989548dba96a7176e0721050,8,f
val_roc_auc_mood/theme---travel,0.5907546071985948,1780386617124,0b159a90989548dba96a7176e0721050,8,f
val_pr_auc_mood/theme---travel,0.017058507670425726,1780386617124,0b159a90989548dba96a7176e0721050,8,f
val_roc_auc_mood/theme---trailer,0.9004477144291642,1780386617124,0b159a90989548dba96a7176e0721050,8,f
val_pr_auc_mood/theme---trailer,0.14647018427120811,1780386617124,0b159a90989548dba96a7176e0721050,8,f
val_roc_auc_mood/theme---summer,0.7915907859319339,1780386617124,0b159a90989548dba96a7176e0721050,8,f
val_pr_auc_mood/theme---summer,0.16814812296054074,1780386617124,0b159a90989548dba96a7176e0721050,8,f
val_roc_auc_mood/theme---sport,0.8764192628223054,1780386617124,0b159a90989548dba96a7176e0721050,8,f
val_pr_auc_mood/theme---sport,0.05178088871813226,1780386617124,0b159a90989548dba96a7176e0721050,8,f
val_roc_auc_mood/theme---space,0.7614144032098614,1780386617124,0b159a90989548dba96a7176e0721050,8,f
val_pr_auc_mood/theme---space,0.055762699422747634,1780386617124,0b159a90989548dba96a7176e0721050,8,f
val_roc_auc_mood/theme---soundscape,0.7410603646663126,1780386617124,0b159a90989548dba96a7176e0721050,8,f
val_pr_auc_mood/theme---soundscape,0.029446126554739754,1780386617124,0b159a90989548dba96a7176e0721050,8,f
val_roc_auc_mood/theme---soft,0.6935284261023408,1780386617124,0b159a90989548dba96a7176e0721050,8,f
val_pr_auc_mood/theme---soft,0.054395097872914355,1780386617124,0b159a90989548dba96a7176e0721050,8,f
val_roc_auc_mood/theme---slow,0.7726286758229868,1780386617124,0b159a90989548dba96a7176e0721050,8,f
val_pr_auc_mood/theme---slow,0.05116914937335332,1780386617124,0b159a90989548dba96a7176e0721050,8,f
val_roc_auc_mood/theme---sexy,0.7827859732242203,1780386617124,0b159a90989548dba96a7176e0721050,8,f
val_pr_auc_mood/theme---sexy,0.02929629162528537,1780386617124,0b159a90989548dba96a7176e0721050,8,f
val_roc_auc_mood/theme---sad,0.7008682542784556,1780386617124,0b159a90989548dba96a7176e0721050,8,f
val_pr_auc_mood/theme---sad,0.07451588296226716,1780386617124,0b159a90989548dba96a7176e0721050,8,f
val_roc_auc_mood/theme---romantic,0.6867949354975249,1780386617124,0b159a90989548dba96a7176e0721050,8,f
val_pr_auc_mood/theme---romantic,0.06464321728057781,1780386617124,0b159a90989548dba96a7176e0721050,8,f
val_roc_auc_mood/theme---retro,0.5143870662317365,1780386617124,0b159a90989548dba96a7176e0721050,8,f
val_pr_auc_mood/theme---retro,0.011021290313954572,1780386617124,0b159a90989548dba96a7176e0721050,8,f
val_roc_auc_mood/theme---relaxing,0.7346382258551842,1780386617124,0b159a90989548dba96a7176e0721050,8,f
val_pr_auc_mood/theme---relaxing,0.16612223876148505,1780386617124,0b159a90989548dba96a7176e0721050,8,f
val_roc_auc_mood/theme---powerful,0.6522084029804233,1780386617124,0b159a90989548dba96a7176e0721050,8,f
val_pr_auc_mood/theme---powerful,0.021193832718237052,1780386617124,0b159a90989548dba96a7176e0721050,8,f
val_roc_auc_mood/theme---positive,0.6483706193151417,1780386617124,0b159a90989548dba96a7176e0721050,8,f
val_pr_auc_mood/theme---positive,0.02881119568783148,1780386617124,0b159a90989548dba96a7176e0721050,8,f
val_roc_auc_mood/theme---party,0.8276595199672123,1780386617124,0b159a90989548dba96a7176e0721050,8,f
val_pr_auc_mood/theme---party,0.10543751106547286,1780386617124,0b159a90989548dba96a7176e0721050,8,f
val_roc_auc_mood/theme---nature,0.7274037175027275,1780386617124,0b159a90989548dba96a7176e0721050,8,f
val_pr_auc_mood/theme---nature,0.03388833007696408,1780386617124,0b159a90989548dba96a7176e0721050,8,f
val_roc_auc_mood/theme---movie,0.8013731327529583,1780386617124,0b159a90989548dba96a7176e0721050,8,f
val_pr_auc_mood/theme---movie,0.12465186247088751,1780386617124,0b159a90989548dba96a7176e0721050,8,f
val_roc_auc_mood/theme---motivational,0.8132510508899025,1780386617124,0b159a90989548dba96a7176e0721050,8,f
val_pr_auc_mood/theme---motivational,0.08651949554820448,1780386617124,0b159a90989548dba96a7176e0721050,8,f
val_roc_auc_mood/theme---melodic,0.5986799207414347,1780386617124,0b159a90989548dba96a7176e0721050,8,f
val_pr_auc_mood/theme---melodic,0.12921150438048135,1780386617124,0b159a90989548dba96a7176e0721050,8,f
val_roc_auc_mood/theme---melancholic,0.6601582617567445,1780386617124,0b159a90989548dba96a7176e0721050,8,f
val_pr_auc_mood/theme---melancholic,0.05328436786974713,1780386617124,0b159a90989548dba96a7176e0721050,8,f
val_roc_auc_mood/theme---meditative,0.7630966170306771,1780386617124,0b159a90989548dba96a7176e0721050,8,f
val_pr_auc_mood/theme---meditative,0.13599007745433134,1780386617124,0b159a90989548dba96a7176e0721050,8,f
val_roc_auc_mood/theme---love,0.6642061281337047,1780386617124,0b159a90989548dba96a7176e0721050,8,f
val_pr_auc_mood/theme---love,0.09478335359385384,1780386617124,0b159a90989548dba96a7176e0721050,8,f
val_roc_auc_mood/theme---inspiring,0.6383349780173935,1780386617124,0b159a90989548dba96a7176e0721050,8,f
val_pr_auc_mood/theme---inspiring,0.06217602885346083,1780386617124,0b159a90989548dba96a7176e0721050,8,f
val_roc_auc_mood/theme---hopeful,0.6729067091520623,1780386617124,0b159a90989548dba96a7176e0721050,8,f
val_pr_auc_mood/theme---hopeful,0.029849735422163702,1780386617124,0b159a90989548dba96a7176e0721050,8,f
val_roc_auc_mood/theme---holiday,0.5235807197845955,1780386617124,0b159a90989548dba96a7176e0721050,8,f
val_pr_auc_mood/theme---holiday,0.019804434358868674,1780386617124,0b159a90989548dba96a7176e0721050,8,f
val_roc_auc_mood/theme---heavy,0.9083190622060349,1780386617124,0b159a90989548dba96a7176e0721050,8,f
stdev_train_loss,0.004385477323556241,1780386381720,0b159a90989548dba96a7176e0721050,8,f
train_loss,0.04558927385545674,1780386382147,0b159a90989548dba96a7176e0721050,8,f
val_pr_auc_mood/theme---heavy,0.08697660267592189,1780386617124,0b159a90989548dba96a7176e0721050,8,f
avg_train_loss,0.04558927385545674,1780386380633,0b159a90989548dba96a7176e0721050,8,f
val_loss_avg,0.0577378659460274,1780386617124,0b159a90989548dba96a7176e0721050,8,f
val_loss_std,0.032434526384448124,1780386617124,0b159a90989548dba96a7176e0721050,8,f
val_pr_auc_mood/theme---action,0.13601656669625262,1780386617124,0b159a90989548dba96a7176e0721050,8,f
val_roc_auc_mood/theme---action,0.735220903995924,1780386617124,0b159a90989548dba96a7176e0721050,8,f
val_pr_auc_mood/theme---adventure,0.02667111875159684,1780386617124,0b159a90989548dba96a7176e0721050,8,f
val_roc_auc_mood/theme---adventure,0.5326330937233192,1780386617124,0b159a90989548dba96a7176e0721050,8,f
val_pr_auc_mood/theme---advertising,0.13409765118872102,1780386617124,0b159a90989548dba96a7176e0721050,8,f
val_roc_auc_mood/theme---advertising,0.7450477865564831,1780386617124,0b159a90989548dba96a7176e0721050,8,f
val_pr_auc_mood/theme---background,0.013947046307231058,1780386617124,0b159a90989548dba96a7176e0721050,8,f
val_roc_auc_mood/theme---background,0.5901276525198939,1780386617124,0b159a90989548dba96a7176e0721050,8,f
val_pr_auc_mood/theme---ballad,0.08237196801885122,1780386617124,0b159a90989548dba96a7176e0721050,8,f
val_roc_auc_mood/theme---ballad,0.7878905098732685,1780386617124,0b159a90989548dba96a7176e0721050,8,f
val_pr_auc_mood/theme---calm,0.04710691513746581,1780386617124,0b159a90989548dba96a7176e0721050,8,f
val_roc_auc_mood/theme---calm,0.6096356658484836,1780386617124,0b159a90989548dba96a7176e0721050,8,f
val_pr_auc_mood/theme---children,0.08565158376286053,1780386617124,0b159a90989548dba96a7176e0721050,8,f
val_roc_auc_mood/theme---happy,0.7020636333712371,1780386617124,0b159a90989548dba96a7176e0721050,8,f
val_roc_auc_mood/theme---children,0.7326325588611768,1780386617124,0b159a90989548dba96a7176e0721050,8,f
val_pr_auc_mood/theme---christmas,0.09550549341730183,1780386617124,0b159a90989548dba96a7176e0721050,8,f
val_roc_auc_mood/theme---christmas,0.7548790743533234,1780386617124,0b159a90989548dba96a7176e0721050,8,f
val_pr_auc_mood/theme---commercial,0.08214237330751388,1780386617124,0b159a90989548dba96a7176e0721050,8,f
val_roc_auc_mood/theme---commercial,0.7114836931557189,1780386617124,0b159a90989548dba96a7176e0721050,8,f
val_pr_auc_mood/theme---cool,0.02265331281512304,1780386617124,0b159a90989548dba96a7176e0721050,8,f
val_roc_auc_mood/theme---cool,0.7246862120644437,1780386617124,0b159a90989548dba96a7176e0721050,8,f
val_pr_auc_mood/theme---corporate,0.13840291333021987,1780386617124,0b159a90989548dba96a7176e0721050,8,f
val_roc_auc_mood/theme---corporate,0.8090850954194961,1780386617124,0b159a90989548dba96a7176e0721050,8,f
val_pr_auc_mood/theme---dark,0.11047038657191138,1780386617124,0b159a90989548dba96a7176e0721050,8,f
val_roc_auc_mood/theme---dark,0.678537182037602,1780386617124,0b159a90989548dba96a7176e0721050,8,f
val_pr_auc_mood/theme---deep,0.12885630395335343,1780386617124,0b159a90989548dba96a7176e0721050,8,f
val_roc_auc_mood/theme---deep,0.8128598438525179,1780386617124,0b159a90989548dba96a7176e0721050,8,f
val_pr_auc_mood/theme---documentary,0.046997996348981136,1780386617124,0b159a90989548dba96a7176e0721050,8,f
val_roc_auc_mood/theme---documentary,0.6575266785557228,1780386617124,0b159a90989548dba96a7176e0721050,8,f
val_pr_auc_mood/theme---drama,0.05665064482219247,1780386617124,0b159a90989548dba96a7176e0721050,8,f
val_roc_auc_mood/theme---drama,0.6995988984674328,1780386617124,0b159a90989548dba96a7176e0721050,8,f
val_pr_auc_mood/theme---dramatic,0.015875508705238774,1780386617124,0b159a90989548dba96a7176e0721050,8,f
val_roc_auc_mood/theme---dramatic,0.6422193081054078,1780386617124,0b159a90989548dba96a7176e0721050,8,f
val_pr_auc_mood/theme---dream,0.11022938470150004,1780386617124,0b159a90989548dba96a7176e0721050,8,f
val_roc_auc_mood/theme---dream,0.652373465562073,1780386617124,0b159a90989548dba96a7176e0721050,8,f
val_pr_auc_mood/theme---emotional,0.16493882296699147,1780386617124,0b159a90989548dba96a7176e0721050,8,f
val_roc_auc_mood/theme---emotional,0.6735678306155554,1780386617124,0b159a90989548dba96a7176e0721050,8,f
val_pr_auc_mood/theme---energetic,0.17757834998122157,1780386617124,0b159a90989548dba96a7176e0721050,8,f
val_roc_auc_mood/theme---energetic,0.7551976545767861,1780386617124,0b159a90989548dba96a7176e0721050,8,f
val_pr_auc_mood/theme---epic,0.4167060993186903,1780386617124,0b159a90989548dba96a7176e0721050,8,f
val_roc_auc_mood/theme---epic,0.8968890279962771,1780386617124,0b159a90989548dba96a7176e0721050,8,f
val_pr_auc_mood/theme---fast,0.05297613732730968,1780386617124,0b159a90989548dba96a7176e0721050,8,f
val_roc_auc_mood/theme---fast,0.8668309973924381,1780386617124,0b159a90989548dba96a7176e0721050,8,f
val_pr_auc_mood/theme---film,0.12936617782612844,1780386617124,0b159a90989548dba96a7176e0721050,8,f
val_roc_auc_mood/theme---film,0.7086596992625795,1780386617124,0b159a90989548dba96a7176e0721050,8,f
val_pr_auc_mood/theme---fun,0.08715998477394638,1780386617124,0b159a90989548dba96a7176e0721050,8,f
val_roc_auc_mood/theme---fun,0.6456653427119621,1780386617124,0b159a90989548dba96a7176e0721050,8,f
val_pr_auc_mood/theme---funny,0.01791171402589852,1780386617124,0b159a90989548dba96a7176e0721050,8,f
val_roc_auc_mood/theme---funny,0.7512454410529585,1780386617124,0b159a90989548dba96a7176e0721050,8,f
val_pr_auc_mood/theme---game,0.011915440226114335,1780386617124,0b159a90989548dba96a7176e0721050,8,f
val_roc_auc_mood/theme---game,0.5432692307692307,1780386617124,0b159a90989548dba96a7176e0721050,8,f
val_roc_auc_mood/theme---groovy,0.8206160828210185,1780386617124,0b159a90989548dba96a7176e0721050,8,f
val_roc_auc_mood/theme---cool,0.7308136630448357,1780387616836,0b159a90989548dba96a7176e0721050,9,f
stdev_train_loss,0.004408856723851811,1780387374279,0b159a90989548dba96a7176e0721050,9,f
avg_train_loss,0.045519039270800275,1780387373162,0b159a90989548dba96a7176e0721050,9,f
val_loss_avg,0.05402799069817789,1780387616836,0b159a90989548dba96a7176e0721050,9,f
val_loss_std,0.02676392825971525,1780387616836,0b159a90989548dba96a7176e0721050,9,f
val_pr_auc_mood/theme---action,0.12521263504948643,1780387616836,0b159a90989548dba96a7176e0721050,9,f
val_roc_auc_mood/theme---action,0.7574253342067592,1780387616836,0b159a90989548dba96a7176e0721050,9,f
val_pr_auc_mood/theme---adventure,0.03264595411642478,1780387616836,0b159a90989548dba96a7176e0721050,9,f
val_roc_auc_mood/theme---adventure,0.5927249442287036,1780387616836,0b159a90989548dba96a7176e0721050,9,f
val_pr_auc_mood/theme---advertising,0.15433709795257738,1780387616836,0b159a90989548dba96a7176e0721050,9,f
val_roc_auc_mood/theme---advertising,0.7891230910969039,1780387616836,0b159a90989548dba96a7176e0721050,9,f
val_pr_auc_mood/theme---background,0.013080208772883253,1780387616836,0b159a90989548dba96a7176e0721050,9,f
val_roc_auc_mood/theme---background,0.5317556366047745,1780387616836,0b159a90989548dba96a7176e0721050,9,f
val_pr_auc_mood/theme---ballad,0.06645262209296374,1780387616836,0b159a90989548dba96a7176e0721050,9,f
val_roc_auc_mood/theme---ballad,0.7845380194518127,1780387616836,0b159a90989548dba96a7176e0721050,9,f
val_pr_auc_mood/theme---calm,0.07778520786937362,1780387616836,0b159a90989548dba96a7176e0721050,9,f
val_roc_auc_mood/theme---calm,0.6786568623372302,1780387616836,0b159a90989548dba96a7176e0721050,9,f
val_pr_auc_mood/theme---children,0.10388120774593228,1780387616836,0b159a90989548dba96a7176e0721050,9,f
val_roc_auc_mood/theme---children,0.7205580032719033,1780387616836,0b159a90989548dba96a7176e0721050,9,f
val_pr_auc_mood/theme---christmas,0.0860782662801131,1780387616836,0b159a90989548dba96a7176e0721050,9,f
val_roc_auc_mood/theme---christmas,0.7587903085488923,1780387616836,0b159a90989548dba96a7176e0721050,9,f
train_loss,0.045519039270800275,1780387374710,0b159a90989548dba96a7176e0721050,9,f
val_pr_auc_mood/theme---commercial,0.07204121085244691,1780387616836,0b159a90989548dba96a7176e0721050,9,f
val_roc_auc_mood/theme---commercial,0.7266536518144235,1780387616836,0b159a90989548dba96a7176e0721050,9,f
val_pr_auc_mood/theme---cool,0.030920241675335955,1780387616836,0b159a90989548dba96a7176e0721050,9,f
val_pr_auc_mood/theme---corporate,0.11928042192219711,1780387616836,0b159a90989548dba96a7176e0721050,9,f
val_roc_auc_mood/theme---corporate,0.7682488636154511,1780387616836,0b159a90989548dba96a7176e0721050,9,f
val_pr_auc_mood/theme---dark,0.12293293100191105,1780387616836,0b159a90989548dba96a7176e0721050,9,f
val_roc_auc_mood/theme---dark,0.7031195258582545,1780387616836,0b159a90989548dba96a7176e0721050,9,f
val_pr_auc_mood/theme---deep,0.14189230707842682,1780387616836,0b159a90989548dba96a7176e0721050,9,f
val_roc_auc_mood/theme---deep,0.8069159901699298,1780387616836,0b159a90989548dba96a7176e0721050,9,f
val_pr_auc_mood/theme---documentary,0.04712646530543402,1780387616836,0b159a90989548dba96a7176e0721050,9,f
val_roc_auc_mood/theme---documentary,0.625271536759945,1780387616836,0b159a90989548dba96a7176e0721050,9,f
val_pr_auc_mood/theme---drama,0.05544500241359937,1780387616836,0b159a90989548dba96a7176e0721050,9,f
val_roc_auc_mood/theme---drama,0.6980753113026819,1780387616836,0b159a90989548dba96a7176e0721050,9,f
val_pr_auc_mood/theme---dramatic,0.020072199042315525,1780387616836,0b159a90989548dba96a7176e0721050,9,f
val_roc_auc_mood/theme---dramatic,0.6903412638940927,1780387616836,0b159a90989548dba96a7176e0721050,9,f
val_pr_auc_mood/theme---dream,0.11838293373316895,1780387616836,0b159a90989548dba96a7176e0721050,9,f
val_roc_auc_mood/theme---dream,0.6948002123185046,1780387616836,0b159a90989548dba96a7176e0721050,9,f
val_pr_auc_mood/theme---emotional,0.15654251861986526,1780387616836,0b159a90989548dba96a7176e0721050,9,f
val_roc_auc_mood/theme---emotional,0.6813259991950336,1780387616836,0b159a90989548dba96a7176e0721050,9,f
val_pr_auc_mood/theme---energetic,0.2034529799915189,1780387616836,0b159a90989548dba96a7176e0721050,9,f
val_roc_auc_mood/theme---energetic,0.775620297338671,1780387616836,0b159a90989548dba96a7176e0721050,9,f
val_pr_auc_mood/theme---epic,0.42170727398515334,1780387616836,0b159a90989548dba96a7176e0721050,9,f
val_roc_auc_mood/theme---epic,0.8939963264667363,1780387616836,0b159a90989548dba96a7176e0721050,9,f
val_pr_auc_mood/theme---fast,0.06266967951601012,1780387616836,0b159a90989548dba96a7176e0721050,9,f
val_roc_auc_mood/theme---fast,0.8807345990873533,1780387616836,0b159a90989548dba96a7176e0721050,9,f
val_pr_auc_mood/theme---film,0.13535859553555715,1780387616836,0b159a90989548dba96a7176e0721050,9,f
val_roc_auc_mood/theme---film,0.7130738677968358,1780387616836,0b159a90989548dba96a7176e0721050,9,f
val_pr_auc_mood/theme---fun,0.09809478238823485,1780387616836,0b159a90989548dba96a7176e0721050,9,f
val_roc_auc_mood/theme---fun,0.6970022411076842,1780387616836,0b159a90989548dba96a7176e0721050,9,f
val_pr_auc_mood/theme---funny,0.0201346228288698,1780387616836,0b159a90989548dba96a7176e0721050,9,f
val_roc_auc_mood/theme---funny,0.772783229978025,1780387616836,0b159a90989548dba96a7176e0721050,9,f
val_pr_auc_mood/theme---game,0.013415389809832236,1780387616836,0b159a90989548dba96a7176e0721050,9,f
val_roc_auc_mood/theme---game,0.5771471642764016,1780387616836,0b159a90989548dba96a7176e0721050,9,f
val_pr_auc_mood/theme---groovy,0.0692862734028973,1780387616836,0b159a90989548dba96a7176e0721050,9,f
val_roc_auc_mood/theme---groovy,0.8074578065189654,1780387616836,0b159a90989548dba96a7176e0721050,9,f
val_pr_auc_mood/theme---happy,0.2534061375529286,1780387616836,0b159a90989548dba96a7176e0721050,9,f
val_roc_auc_mood/theme---happy,0.7343471332814652,1780387616836,0b159a90989548dba96a7176e0721050,9,f
val_pr_auc_mood/theme---heavy,0.11098646920596321,1780387616836,0b159a90989548dba96a7176e0721050,9,f
val_roc_auc_mood/theme---heavy,0.9252836135298328,1780387616836,0b159a90989548dba96a7176e0721050,9,f
val_pr_auc_mood/theme---holiday,0.016926479060501317,1780387616836,0b159a90989548dba96a7176e0721050,9,f
val_roc_auc_mood/theme---holiday,0.5162008418976828,1780387616836,0b159a90989548dba96a7176e0721050,9,f
val_pr_auc_mood/theme---hopeful,0.0349707787413787,1780387616836,0b159a90989548dba96a7176e0721050,9,f
val_roc_auc_mood/theme---hopeful,0.7001386676107865,1780387616836,0b159a90989548dba96a7176e0721050,9,f
val_pr_auc_mood/theme---inspiring,0.07480686011271429,1780387616836,0b159a90989548dba96a7176e0721050,9,f
val_roc_auc_mood/theme---inspiring,0.643303127306569,1780387616836,0b159a90989548dba96a7176e0721050,9,f
val_pr_auc_mood/theme---love,0.10849769603306238,1780387616836,0b159a90989548dba96a7176e0721050,9,f
val_roc_auc_mood/theme---love,0.6961843695800705,1780387616836,0b159a90989548dba96a7176e0721050,9,f
val_pr_auc_mood/theme---meditative,0.13175902575728027,1780387616836,0b159a90989548dba96a7176e0721050,9,f
val_roc_auc_mood/theme---meditative,0.7673630717108979,1780387616836,0b159a90989548dba96a7176e0721050,9,f
val_pr_auc_mood/theme---melancholic,0.0514337951449829,1780387616836,0b159a90989548dba96a7176e0721050,9,f
val_roc_auc_mood/theme---melancholic,0.6721401705145948,1780387616836,0b159a90989548dba96a7176e0721050,9,f
val_pr_auc_mood/theme---melodic,0.12227161869362624,1780387616836,0b159a90989548dba96a7176e0721050,9,f
val_roc_auc_mood/theme---melodic,0.5886736851434504,1780387616836,0b159a90989548dba96a7176e0721050,9,f
val_pr_auc_mood/theme---motivational,0.12905864107843018,1780387616836,0b159a90989548dba96a7176e0721050,9,f
val_roc_auc_mood/theme---motivational,0.8370986494946785,1780387616836,0b159a90989548dba96a7176e0721050,9,f
val_pr_auc_mood/theme---movie,0.11778706119221932,1780387616836,0b159a90989548dba96a7176e0721050,9,f
val_roc_auc_mood/theme---movie,0.7842425579995058,1780387616836,0b159a90989548dba96a7176e0721050,9,f
val_pr_auc_mood/theme---nature,0.035189176857196164,1780387616836,0b159a90989548dba96a7176e0721050,9,f
val_roc_auc_mood/theme---nature,0.7318951853605319,1780387616836,0b159a90989548dba96a7176e0721050,9,f
val_pr_auc_mood/theme---party,0.09547326244050258,1780387616836,0b159a90989548dba96a7176e0721050,9,f
val_roc_auc_mood/theme---party,0.8288186172801558,1780387616836,0b159a90989548dba96a7176e0721050,9,f
val_pr_auc_mood/theme---positive,0.035729063568800484,1780387616836,0b159a90989548dba96a7176e0721050,9,f
val_roc_auc_mood/theme---positive,0.6944723113964688,1780387616836,0b159a90989548dba96a7176e0721050,9,f
val_pr_auc_mood/theme---powerful,0.019956616691686573,1780387616836,0b159a90989548dba96a7176e0721050,9,f
val_roc_auc_mood/theme---powerful,0.6455449471626483,1780387616836,0b159a90989548dba96a7176e0721050,9,f
val_pr_auc_mood/theme---relaxing,0.20513668314458158,1780387616836,0b159a90989548dba96a7176e0721050,9,f
val_roc_auc_mood/theme---relaxing,0.7439770657934492,1780387616836,0b159a90989548dba96a7176e0721050,9,f
val_pr_auc_mood/theme---retro,0.010743200073016743,1780387616836,0b159a90989548dba96a7176e0721050,9,f
val_roc_auc_mood/theme---retro,0.5123183377539704,1780387616836,0b159a90989548dba96a7176e0721050,9,f
val_pr_auc_mood/theme---romantic,0.1131027502629663,1780387616836,0b159a90989548dba96a7176e0721050,9,f
val_roc_auc_mood/theme---romantic,0.7574256059184011,1780387616836,0b159a90989548dba96a7176e0721050,9,f
val_pr_auc_mood/theme---sad,0.08202697481055667,1780387616836,0b159a90989548dba96a7176e0721050,9,f
val_roc_auc_mood/theme---sad,0.7250183794448013,1780387616836,0b159a90989548dba96a7176e0721050,9,f
val_pr_auc_mood/theme---sexy,0.0288299365916454,1780387616836,0b159a90989548dba96a7176e0721050,9,f
val_roc_auc_mood/theme---sexy,0.7842360288575428,1780387616836,0b159a90989548dba96a7176e0721050,9,f
val_pr_auc_mood/theme---slow,0.048163260838202215,1780387616836,0b159a90989548dba96a7176e0721050,9,f
val_roc_auc_mood/theme---slow,0.7618610245751068,1780387616836,0b159a90989548dba96a7176e0721050,9,f
val_pr_auc_mood/theme---soft,0.06189810139552015,1780387616836,0b159a90989548dba96a7176e0721050,9,f
val_roc_auc_mood/theme---soft,0.7205308842542187,1780387616836,0b159a90989548dba96a7176e0721050,9,f
val_pr_auc_mood/theme---soundscape,0.02994433839525259,1780387616836,0b159a90989548dba96a7176e0721050,9,f
val_roc_auc_mood/theme---soundscape,0.7268764383076651,1780387616836,0b159a90989548dba96a7176e0721050,9,f
val_pr_auc_mood/theme---space,0.0594589859652537,1780387616836,0b159a90989548dba96a7176e0721050,9,f
val_roc_auc_mood/theme---space,0.770337771825,1780387616836,0b159a90989548dba96a7176e0721050,9,f
val_pr_auc_mood/theme---sport,0.046681256644862175,1780387616836,0b159a90989548dba96a7176e0721050,9,f
val_roc_auc_mood/theme---sport,0.8490058168801387,1780387616836,0b159a90989548dba96a7176e0721050,9,f
val_pr_auc_mood/theme---summer,0.11197858775298251,1780387616836,0b159a90989548dba96a7176e0721050,9,f
val_roc_auc_mood/theme---summer,0.7776109635446742,1780387616836,0b159a90989548dba96a7176e0721050,9,f
val_pr_auc_mood/theme---trailer,0.16540557033127226,1780387616836,0b159a90989548dba96a7176e0721050,9,f
val_roc_auc_mood/theme---trailer,0.9175824175824175,1780387616836,0b159a90989548dba96a7176e0721050,9,f
val_pr_auc_mood/theme---travel,0.014100775029505089,1780387616836,0b159a90989548dba96a7176e0721050,9,f
val_roc_auc_mood/theme---travel,0.5366971728739458,1780387616836,0b159a90989548dba96a7176e0721050,9,f
val_pr_auc_mood/theme---upbeat,0.045131085233702614,1780387616836,0b159a90989548dba96a7176e0721050,9,f
val_roc_auc_mood/theme---upbeat,0.6196422673602511,1780387616836,0b159a90989548dba96a7176e0721050,9,f
val_pr_auc_mood/theme---uplifting,0.06464330182531569,1780387616836,0b159a90989548dba96a7176e0721050,9,f
val_roc_auc_mood/theme---uplifting,0.6817946134492897,1780387616836,0b159a90989548dba96a7176e0721050,9,f
val_macro_pr_auc,0.08917368784657927,1780387616836,0b159a90989548dba96a7176e0721050,9,f
val_macro_roc_auc,0.7233495622853753,1780387616836,0b159a90989548dba96a7176e0721050,9,f
avg_train_loss,0.044701302494735584,1780388379627,0b159a90989548dba96a7176e0721050,10,f
val_roc_auc_mood/theme---dark,0.6775249393563592,1780388617310,0b159a90989548dba96a7176e0721050,10,f
val_pr_auc_mood/theme---heavy,0.10356561317999383,1780388617310,0b159a90989548dba96a7176e0721050,10,f
stdev_train_loss,0.004253010836905173,1780388380737,0b159a90989548dba96a7176e0721050,10,f
val_roc_auc_mood/theme---heavy,0.9244715662863713,1780388617310,0b159a90989548dba96a7176e0721050,10,f
val_pr_auc_mood/theme---holiday,0.02010756741847957,1780388617310,0b159a90989548dba96a7176e0721050,10,f
val_roc_auc_mood/theme---holiday,0.5236641510865031,1780388617310,0b159a90989548dba96a7176e0721050,10,f
val_pr_auc_mood/theme---hopeful,0.04552290830601873,1780388617310,0b159a90989548dba96a7176e0721050,10,f
val_roc_auc_mood/theme---hopeful,0.6529695521331209,1780388617310,0b159a90989548dba96a7176e0721050,10,f
val_pr_auc_mood/theme---inspiring,0.07215592145454182,1780388617310,0b159a90989548dba96a7176e0721050,10,f
val_roc_auc_mood/theme---inspiring,0.6430263390135105,1780388617310,0b159a90989548dba96a7176e0721050,10,f
val_pr_auc_mood/theme---love,0.09521979433065472,1780388617310,0b159a90989548dba96a7176e0721050,10,f
val_roc_auc_mood/theme---love,0.6776948546801914,1780388617310,0b159a90989548dba96a7176e0721050,10,f
val_pr_auc_mood/theme---meditative,0.1186086562618891,1780388617310,0b159a90989548dba96a7176e0721050,10,f
val_roc_auc_mood/theme---meditative,0.7488335912084764,1780388617310,0b159a90989548dba96a7176e0721050,10,f
val_pr_auc_mood/theme---melancholic,0.05562526535634853,1780388617310,0b159a90989548dba96a7176e0721050,10,f
val_roc_auc_mood/theme---melancholic,0.6803778853358913,1780388617310,0b159a90989548dba96a7176e0721050,10,f
val_pr_auc_mood/theme---melodic,0.11787553951813154,1780388617310,0b159a90989548dba96a7176e0721050,10,f
val_roc_auc_mood/theme---melodic,0.5806425831202047,1780388617310,0b159a90989548dba96a7176e0721050,10,f
val_pr_auc_mood/theme---motivational,0.12753408768843655,1780388617310,0b159a90989548dba96a7176e0721050,10,f
val_roc_auc_mood/theme---motivational,0.817436723012253,1780388617310,0b159a90989548dba96a7176e0721050,10,f
val_pr_auc_mood/theme---movie,0.10956846912492524,1780388617310,0b159a90989548dba96a7176e0721050,10,f
val_roc_auc_mood/theme---movie,0.7764509172210134,1780388617310,0b159a90989548dba96a7176e0721050,10,f
val_pr_auc_mood/theme---nature,0.036876693837590575,1780388617310,0b159a90989548dba96a7176e0721050,10,f
val_roc_auc_mood/theme---nature,0.733978304275334,1780388617310,0b159a90989548dba96a7176e0721050,10,f
val_pr_auc_mood/theme---party,0.09284829867928578,1780388617310,0b159a90989548dba96a7176e0721050,10,f
val_roc_auc_mood/theme---party,0.8441750557135173,1780388617310,0b159a90989548dba96a7176e0721050,10,f
val_pr_auc_mood/theme---positive,0.03449238764038655,1780388617310,0b159a90989548dba96a7176e0721050,10,f
val_roc_auc_mood/theme---positive,0.6999774277688603,1780388617310,0b159a90989548dba96a7176e0721050,10,f
val_pr_auc_mood/theme---powerful,0.020411711939446922,1780388617310,0b159a90989548dba96a7176e0721050,10,f
val_roc_auc_mood/theme---powerful,0.6798764767543984,1780388617310,0b159a90989548dba96a7176e0721050,10,f
val_pr_auc_mood/theme---relaxing,0.17060457826859998,1780388617310,0b159a90989548dba96a7176e0721050,10,f
val_roc_auc_mood/theme---relaxing,0.7336164553034078,1780388617310,0b159a90989548dba96a7176e0721050,10,f
val_pr_auc_mood/theme---retro,0.010735476579636458,1780388617310,0b159a90989548dba96a7176e0721050,10,f
val_roc_auc_mood/theme---retro,0.5097632311074507,1780388617310,0b159a90989548dba96a7176e0721050,10,f
val_pr_auc_mood/theme---romantic,0.0616699224374259,1780388617310,0b159a90989548dba96a7176e0721050,10,f
val_roc_auc_mood/theme---romantic,0.7055084745762712,1780388617310,0b159a90989548dba96a7176e0721050,10,f
val_pr_auc_mood/theme---sad,0.0767003879336638,1780388617310,0b159a90989548dba96a7176e0721050,10,f
val_roc_auc_mood/theme---sad,0.7095601031110118,1780388617310,0b159a90989548dba96a7176e0721050,10,f
val_pr_auc_mood/theme---sexy,0.021323607687028973,1780388617310,0b159a90989548dba96a7176e0721050,10,f
val_roc_auc_mood/theme---sexy,0.7406123254728832,1780388617310,0b159a90989548dba96a7176e0721050,10,f
val_pr_auc_mood/theme---slow,0.03879321383658616,1780388617310,0b159a90989548dba96a7176e0721050,10,f
val_roc_auc_mood/theme---slow,0.7798154979692699,1780388617310,0b159a90989548dba96a7176e0721050,10,f
val_pr_auc_mood/theme---soft,0.058376133197933194,1780388617310,0b159a90989548dba96a7176e0721050,10,f
val_roc_auc_mood/theme---soft,0.7109864078660859,1780388617310,0b159a90989548dba96a7176e0721050,10,f
val_pr_auc_mood/theme---soundscape,0.027766182785713103,1780388617310,0b159a90989548dba96a7176e0721050,10,f
val_roc_auc_mood/theme---soundscape,0.7185785094707028,1780388617310,0b159a90989548dba96a7176e0721050,10,f
val_pr_auc_mood/theme---space,0.05216081394632698,1780388617310,0b159a90989548dba96a7176e0721050,10,f
val_roc_auc_mood/theme---space,0.7514821547123098,1780388617310,0b159a90989548dba96a7176e0721050,10,f
val_pr_auc_mood/theme---sport,0.041570524177205435,1780388617310,0b159a90989548dba96a7176e0721050,10,f
val_roc_auc_mood/theme---sport,0.8757410929022875,1780388617310,0b159a90989548dba96a7176e0721050,10,f
val_pr_auc_mood/theme---summer,0.16804071192520303,1780388617310,0b159a90989548dba96a7176e0721050,10,f
val_roc_auc_mood/theme---summer,0.7708594289030829,1780388617310,0b159a90989548dba96a7176e0721050,10,f
val_pr_auc_mood/theme---trailer,0.14444593976258494,1780388617310,0b159a90989548dba96a7176e0721050,10,f
val_roc_auc_mood/theme---trailer,0.8981902673074093,1780388617310,0b159a90989548dba96a7176e0721050,10,f
val_pr_auc_mood/theme---travel,0.018740313325682302,1780388617310,0b159a90989548dba96a7176e0721050,10,f
val_roc_auc_mood/theme---travel,0.5645877855538699,1780388617310,0b159a90989548dba96a7176e0721050,10,f
val_pr_auc_mood/theme---upbeat,0.04329885262517049,1780388617310,0b159a90989548dba96a7176e0721050,10,f
val_roc_auc_mood/theme---upbeat,0.5937608372553876,1780388617310,0b159a90989548dba96a7176e0721050,10,f
val_pr_auc_mood/theme---uplifting,0.07025622909125602,1780388617310,0b159a90989548dba96a7176e0721050,10,f
val_roc_auc_mood/theme---uplifting,0.687215338294475,1780388617310,0b159a90989548dba96a7176e0721050,10,f
val_macro_pr_auc,0.08732747519493565,1780388617310,0b159a90989548dba96a7176e0721050,10,f
val_macro_roc_auc,0.7204245500046822,1780388617310,0b159a90989548dba96a7176e0721050,10,f
val_pr_auc_mood/theme---dark,0.1242624210157364,1780388617310,0b159a90989548dba96a7176e0721050,10,f
val_roc_auc_mood/theme---corporate,0.7617664108651245,1780388617310,0b159a90989548dba96a7176e0721050,10,f
val_pr_auc_mood/theme---corporate,0.12335844444714643,1780388617310,0b159a90989548dba96a7176e0721050,10,f
val_roc_auc_mood/theme---cool,0.7516235793680529,1780388617310,0b159a90989548dba96a7176e0721050,10,f
val_pr_auc_mood/theme---cool,0.027923027483259453,1780388617310,0b159a90989548dba96a7176e0721050,10,f
val_roc_auc_mood/theme---commercial,0.725734956361966,1780388617310,0b159a90989548dba96a7176e0721050,10,f
val_pr_auc_mood/theme---commercial,0.07019001427527465,1780388617310,0b159a90989548dba96a7176e0721050,10,f
val_roc_auc_mood/theme---christmas,0.7561332792019487,1780388617310,0b159a90989548dba96a7176e0721050,10,f
val_pr_auc_mood/theme---christmas,0.09287921735162462,1780388617310,0b159a90989548dba96a7176e0721050,10,f
val_roc_auc_mood/theme---children,0.7440477141168713,1780388617310,0b159a90989548dba96a7176e0721050,10,f
val_pr_auc_mood/theme---children,0.10484131741870452,1780388617310,0b159a90989548dba96a7176e0721050,10,f
val_roc_auc_mood/theme---calm,0.6709837958147855,1780388617310,0b159a90989548dba96a7176e0721050,10,f
val_pr_auc_mood/theme---calm,0.07470637232142531,1780388617310,0b159a90989548dba96a7176e0721050,10,f
val_roc_auc_mood/theme---ballad,0.8061726348364279,1780388617310,0b159a90989548dba96a7176e0721050,10,f
val_pr_auc_mood/theme---ballad,0.10249023567917186,1780388617310,0b159a90989548dba96a7176e0721050,10,f
val_roc_auc_mood/theme---background,0.5613063660477453,1780388617310,0b159a90989548dba96a7176e0721050,10,f
val_pr_auc_mood/theme---background,0.010969972863640116,1780388617310,0b159a90989548dba96a7176e0721050,10,f
val_roc_auc_mood/theme---advertising,0.77718901514094,1780388617310,0b159a90989548dba96a7176e0721050,10,f
val_pr_auc_mood/theme---advertising,0.14622284400814517,1780388617310,0b159a90989548dba96a7176e0721050,10,f
val_roc_auc_mood/theme---happy,0.738925504219283,1780388617310,0b159a90989548dba96a7176e0721050,10,f
val_roc_auc_mood/theme---adventure,0.5811437935498085,1780388617310,0b159a90989548dba96a7176e0721050,10,f
val_roc_auc_mood/theme---deep,0.808748451919232,1780388617310,0b159a90989548dba96a7176e0721050,10,f
val_pr_auc_mood/theme---happy,0.2697635622081618,1780388617310,0b159a90989548dba96a7176e0721050,10,f
train_loss,0.044701302494735584,1780388381189,0b159a90989548dba96a7176e0721050,10,f
val_roc_auc_mood/theme---groovy,0.8351373100568381,1780388617310,0b159a90989548dba96a7176e0721050,10,f
val_pr_auc_mood/theme---groovy,0.0771350997336189,1780388617310,0b159a90989548dba96a7176e0721050,10,f
val_pr_auc_mood/theme---adventure,0.03326628708228805,1780388617310,0b159a90989548dba96a7176e0721050,10,f
val_roc_auc_mood/theme---game,0.6365099413298565,1780388617310,0b159a90989548dba96a7176e0721050,10,f
val_pr_auc_mood/theme---deep,0.1317056582862644,1780388617310,0b159a90989548dba96a7176e0721050,10,f
val_pr_auc_mood/theme---game,0.022491756661202907,1780388617310,0b159a90989548dba96a7176e0721050,10,f
val_roc_auc_mood/theme---funny,0.7695847762808197,1780388617310,0b159a90989548dba96a7176e0721050,10,f
val_pr_auc_mood/theme---funny,0.020729303158858993,1780388617310,0b159a90989548dba96a7176e0721050,10,f
val_roc_auc_mood/theme---fun,0.6537133601082832,1780388617310,0b159a90989548dba96a7176e0721050,10,f
val_pr_auc_mood/theme---fun,0.08307002810683495,1780388617310,0b159a90989548dba96a7176e0721050,10,f
val_roc_auc_mood/theme---film,0.7090842523354116,1780388617310,0b159a90989548dba96a7176e0721050,10,f
val_pr_auc_mood/theme---film,0.14684678995898165,1780388617310,0b159a90989548dba96a7176e0721050,10,f
val_roc_auc_mood/theme---fast,0.891613021512386,1780388617310,0b159a90989548dba96a7176e0721050,10,f
val_pr_auc_mood/theme---fast,0.0648440406615735,1780388617310,0b159a90989548dba96a7176e0721050,10,f
val_roc_auc_mood/theme---epic,0.8921249660239358,1780388617310,0b159a90989548dba96a7176e0721050,10,f
val_pr_auc_mood/theme---epic,0.4350236426430356,1780388617310,0b159a90989548dba96a7176e0721050,10,f
val_roc_auc_mood/theme---energetic,0.7815487922345136,1780388617310,0b159a90989548dba96a7176e0721050,10,f
val_pr_auc_mood/theme---energetic,0.17779100825797023,1780388617310,0b159a90989548dba96a7176e0721050,10,f
val_roc_auc_mood/theme---emotional,0.6684522284966237,1780388617310,0b159a90989548dba96a7176e0721050,10,f
val_pr_auc_mood/theme---emotional,0.14994298914971713,1780388617310,0b159a90989548dba96a7176e0721050,10,f
val_roc_auc_mood/theme---dream,0.6394334589775118,1780388617310,0b159a90989548dba96a7176e0721050,10,f
val_pr_auc_mood/theme---dream,0.099988229627768,1780388617310,0b159a90989548dba96a7176e0721050,10,f
val_roc_auc_mood/theme---dramatic,0.6399478581241415,1780388617310,0b159a90989548dba96a7176e0721050,10,f
val_pr_auc_mood/theme---dramatic,0.014110816276531941,1780388617310,0b159a90989548dba96a7176e0721050,10,f
val_roc_auc_mood/theme---drama,0.7107249760536397,1780388617310,0b159a90989548dba96a7176e0721050,10,f
val_pr_auc_mood/theme---drama,0.05613222738871433,1780388617310,0b159a90989548dba96a7176e0721050,10,f
val_roc_auc_mood/theme---documentary,0.6524174782383867,1780388617310,0b159a90989548dba96a7176e0721050,10,f
val_pr_auc_mood/theme---documentary,0.04751834076265141,1780388617310,0b159a90989548dba96a7176e0721050,10,f
val_loss_avg,0.05485129484301641,1780388617310,0b159a90989548dba96a7176e0721050,10,f
val_loss_std,0.02964229180570462,1780388617310,0b159a90989548dba96a7176e0721050,10,f
val_pr_auc_mood/theme---action,0.1272391617719476,1780388617310,0b159a90989548dba96a7176e0721050,10,f
val_roc_auc_mood/theme---action,0.76832860227576,1780388617310,0b159a90989548dba96a7176e0721050,10,f
val_roc_auc_mood/theme---drama,0.708821240421456,1780389597376,0b159a90989548dba96a7176e0721050,11,f
stdev_train_loss,0.0043556182607699945,1780389343233,0b159a90989548dba96a7176e0721050,11,f
val_loss_avg,0.05465759709814029,1780389597376,0b159a90989548dba96a7176e0721050,11,f
val_loss_std,0.027534135829669196,1780389597376,0b159a90989548dba96a7176e0721050,11,f
val_pr_auc_mood/theme---action,0.07876443323594891,1780389597376,0b159a90989548dba96a7176e0721050,11,f
val_roc_auc_mood/theme---action,0.73004342868234,1780389597376,0b159a90989548dba96a7176e0721050,11,f
val_pr_auc_mood/theme---adventure,0.026537902710249972,1780389597376,0b159a90989548dba96a7176e0721050,11,f
val_roc_auc_mood/theme---adventure,0.5549519402902862,1780389597376,0b159a90989548dba96a7176e0721050,11,f
val_pr_auc_mood/theme---advertising,0.1601109027254117,1780389597376,0b159a90989548dba96a7176e0721050,11,f
val_roc_auc_mood/theme---advertising,0.768796821054003,1780389597376,0b159a90989548dba96a7176e0721050,11,f
val_pr_auc_mood/theme---background,0.011067896614387302,1780389597376,0b159a90989548dba96a7176e0721050,11,f
val_roc_auc_mood/theme---background,0.5382211538461538,1780389597376,0b159a90989548dba96a7176e0721050,11,f
val_pr_auc_mood/theme---ballad,0.06002778164563444,1780389597376,0b159a90989548dba96a7176e0721050,11,f
val_roc_auc_mood/theme---ballad,0.7604903477748305,1780389597376,0b159a90989548dba96a7176e0721050,11,f
val_pr_auc_mood/theme---calm,0.0536541227279013,1780389597376,0b159a90989548dba96a7176e0721050,11,f
val_roc_auc_mood/theme---calm,0.618442401297999,1780389597376,0b159a90989548dba96a7176e0721050,11,f
val_pr_auc_mood/theme---children,0.10652190097263502,1780389597376,0b159a90989548dba96a7176e0721050,11,f
val_roc_auc_mood/theme---children,0.7244664903702454,1780389597376,0b159a90989548dba96a7176e0721050,11,f
val_pr_auc_mood/theme---christmas,0.11325429934592549,1780389597376,0b159a90989548dba96a7176e0721050,11,f
val_roc_auc_mood/theme---christmas,0.7448816842593665,1780389597376,0b159a90989548dba96a7176e0721050,11,f
val_pr_auc_mood/theme---commercial,0.0865422558837839,1780389597376,0b159a90989548dba96a7176e0721050,11,f
val_roc_auc_mood/theme---commercial,0.7499961721022814,1780389597376,0b159a90989548dba96a7176e0721050,11,f
val_pr_auc_mood/theme---cool,0.033650465946541724,1780389597376,0b159a90989548dba96a7176e0721050,11,f
val_roc_auc_mood/theme---cool,0.7614275009366804,1780389597376,0b159a90989548dba96a7176e0721050,11,f
val_pr_auc_mood/theme---corporate,0.1219210375569415,1780389597376,0b159a90989548dba96a7176e0721050,11,f
val_roc_auc_mood/theme---corporate,0.7756123594471742,1780389597376,0b159a90989548dba96a7176e0721050,11,f
val_pr_auc_mood/theme---dark,0.09086596996020571,1780389597376,0b159a90989548dba96a7176e0721050,11,f
val_roc_auc_mood/theme---dark,0.6217521860198982,1780389597376,0b159a90989548dba96a7176e0721050,11,f
val_pr_auc_mood/theme---deep,0.14945543286725915,1780389597376,0b159a90989548dba96a7176e0721050,11,f
val_roc_auc_mood/theme---deep,0.8026376578654151,1780389597376,0b159a90989548dba96a7176e0721050,11,f
val_pr_auc_mood/theme---documentary,0.042931424450298294,1780389597376,0b159a90989548dba96a7176e0721050,11,f
avg_train_loss,0.04448134153020493,1780389342173,0b159a90989548dba96a7176e0721050,11,f
train_loss,0.04448134153020493,1780389343673,0b159a90989548dba96a7176e0721050,11,f
val_roc_auc_mood/theme---documentary,0.6393439362499089,1780389597376,0b159a90989548dba96a7176e0721050,11,f
val_pr_auc_mood/theme---drama,0.05190610676173474,1780389597376,0b159a90989548dba96a7176e0721050,11,f
val_pr_auc_mood/theme---dramatic,0.021690445188541536,1780389597376,0b159a90989548dba96a7176e0721050,11,f
val_roc_auc_mood/theme---dramatic,0.676915511427501,1780389597376,0b159a90989548dba96a7176e0721050,11,f
val_pr_auc_mood/theme---dream,0.12850624308960318,1780389597376,0b159a90989548dba96a7176e0721050,11,f
val_roc_auc_mood/theme---dream,0.6883795932353713,1780389597376,0b159a90989548dba96a7176e0721050,11,f
val_pr_auc_mood/theme---emotional,0.15652652469632206,1780389597376,0b159a90989548dba96a7176e0721050,11,f
val_roc_auc_mood/theme---emotional,0.6601545698105077,1780389597376,0b159a90989548dba96a7176e0721050,11,f
val_pr_auc_mood/theme---energetic,0.18345497439120187,1780389597376,0b159a90989548dba96a7176e0721050,11,f
val_roc_auc_mood/theme---energetic,0.7731743422437128,1780389597376,0b159a90989548dba96a7176e0721050,11,f
val_pr_auc_mood/theme---epic,0.4204270984463746,1780389597376,0b159a90989548dba96a7176e0721050,11,f
val_roc_auc_mood/theme---epic,0.8800912617680732,1780389597376,0b159a90989548dba96a7176e0721050,11,f
val_pr_auc_mood/theme---fast,0.0476420959812312,1780389597376,0b159a90989548dba96a7176e0721050,11,f
val_roc_auc_mood/theme---fast,0.8550256681877445,1780389597376,0b159a90989548dba96a7176e0721050,11,f
val_pr_auc_mood/theme---film,0.14440479199560644,1780389597376,0b159a90989548dba96a7176e0721050,11,f
val_roc_auc_mood/theme---film,0.7147498909031738,1780389597376,0b159a90989548dba96a7176e0721050,11,f
val_pr_auc_mood/theme---fun,0.09817057788217393,1780389597376,0b159a90989548dba96a7176e0721050,11,f
val_roc_auc_mood/theme---fun,0.6947788847715624,1780389597376,0b159a90989548dba96a7176e0721050,11,f
val_pr_auc_mood/theme---funny,0.015285076452857604,1780389597376,0b159a90989548dba96a7176e0721050,11,f
val_roc_auc_mood/theme---funny,0.7290748645259271,1780389597376,0b159a90989548dba96a7176e0721050,11,f
val_pr_auc_mood/theme---game,0.051657050666940506,1780389597376,0b159a90989548dba96a7176e0721050,11,f
val_roc_auc_mood/theme---game,0.6283613102998696,1780389597376,0b159a90989548dba96a7176e0721050,11,f
val_pr_auc_mood/theme---groovy,0.1000714194773907,1780389597376,0b159a90989548dba96a7176e0721050,11,f
val_roc_auc_mood/theme---groovy,0.8270611008003712,1780389597376,0b159a90989548dba96a7176e0721050,11,f
val_pr_auc_mood/theme---happy,0.267212277371109,1780389597376,0b159a90989548dba96a7176e0721050,11,f
val_roc_auc_mood/theme---happy,0.7325038153091148,1780389597376,0b159a90989548dba96a7176e0721050,11,f
val_pr_auc_mood/theme---heavy,0.07823363071025147,1780389597376,0b159a90989548dba96a7176e0721050,11,f
val_roc_auc_mood/theme---heavy,0.9150244820183796,1780389597376,0b159a90989548dba96a7176e0721050,11,f
val_pr_auc_mood/theme---holiday,0.015529435031442062,1780389597376,0b159a90989548dba96a7176e0721050,11,f
val_roc_auc_mood/theme---holiday,0.4901020137282414,1780389597376,0b159a90989548dba96a7176e0721050,11,f
val_pr_auc_mood/theme---hopeful,0.024936629940641566,1780389597376,0b159a90989548dba96a7176e0721050,11,f
val_roc_auc_mood/theme---hopeful,0.6959638874137015,1780389597376,0b159a90989548dba96a7176e0721050,11,f
val_pr_auc_mood/theme---inspiring,0.07215007102350175,1780389597376,0b159a90989548dba96a7176e0721050,11,f
val_roc_auc_mood/theme---inspiring,0.6592826369500336,1780389597376,0b159a90989548dba96a7176e0721050,11,f
val_pr_auc_mood/theme---love,0.0991018342690832,1780389597376,0b159a90989548dba96a7176e0721050,11,f
val_roc_auc_mood/theme---love,0.6631050612287801,1780389597376,0b159a90989548dba96a7176e0721050,11,f
val_pr_auc_mood/theme---meditative,0.14574809588629728,1780389597376,0b159a90989548dba96a7176e0721050,11,f
val_roc_auc_mood/theme---meditative,0.7776223513777698,1780389597376,0b159a90989548dba96a7176e0721050,11,f
val_pr_auc_mood/theme---melancholic,0.048409149202263926,1780389597376,0b159a90989548dba96a7176e0721050,11,f
val_roc_auc_mood/theme---melancholic,0.6679615133963549,1780389597376,0b159a90989548dba96a7176e0721050,11,f
val_pr_auc_mood/theme---melodic,0.12534685819073846,1780389597376,0b159a90989548dba96a7176e0721050,11,f
val_roc_auc_mood/theme---melodic,0.6097916297384214,1780389597376,0b159a90989548dba96a7176e0721050,11,f
val_pr_auc_mood/theme---motivational,0.14784340309275745,1780389597376,0b159a90989548dba96a7176e0721050,11,f
val_roc_auc_mood/theme---motivational,0.8320543779626152,1780389597376,0b159a90989548dba96a7176e0721050,11,f
val_pr_auc_mood/theme---movie,0.1088845064359691,1780389597376,0b159a90989548dba96a7176e0721050,11,f
val_roc_auc_mood/theme---movie,0.7776839539698266,1780389597376,0b159a90989548dba96a7176e0721050,11,f
val_pr_auc_mood/theme---nature,0.037510132804897074,1780389597376,0b159a90989548dba96a7176e0721050,11,f
val_roc_auc_mood/theme---nature,0.7353739116115353,1780389597376,0b159a90989548dba96a7176e0721050,11,f
val_pr_auc_mood/theme---party,0.09951386340694064,1780389597376,0b159a90989548dba96a7176e0721050,11,f
val_roc_auc_mood/theme---party,0.8382771075078767,1780389597376,0b159a90989548dba96a7176e0721050,11,f
val_pr_auc_mood/theme---positive,0.034032203619950456,1780389597376,0b159a90989548dba96a7176e0721050,11,f
val_roc_auc_mood/theme---positive,0.6846701110219368,1780389597376,0b159a90989548dba96a7176e0721050,11,f
val_pr_auc_mood/theme---powerful,0.021702795052099023,1780389597376,0b159a90989548dba96a7176e0721050,11,f
val_roc_auc_mood/theme---powerful,0.6795648355384311,1780389597376,0b159a90989548dba96a7176e0721050,11,f
val_pr_auc_mood/theme---relaxing,0.21322224538414308,1780389597376,0b159a90989548dba96a7176e0721050,11,f
val_roc_auc_mood/theme---relaxing,0.7455541242374999,1780389597376,0b159a90989548dba96a7176e0721050,11,f
val_pr_auc_mood/theme---retro,0.011388973989119963,1780389597376,0b159a90989548dba96a7176e0721050,11,f
val_roc_auc_mood/theme---retro,0.5303467552091102,1780389597376,0b159a90989548dba96a7176e0721050,11,f
val_pr_auc_mood/theme---romantic,0.06361607022368362,1780389597376,0b159a90989548dba96a7176e0721050,11,f
val_roc_auc_mood/theme---romantic,0.6861830361250667,1780389597376,0b159a90989548dba96a7176e0721050,11,f
val_pr_auc_mood/theme---sad,0.07934781407344835,1780389597376,0b159a90989548dba96a7176e0721050,11,f
val_roc_auc_mood/theme---sad,0.7155029453641922,1780389597376,0b159a90989548dba96a7176e0721050,11,f
val_pr_auc_mood/theme---sexy,0.020468222325204743,1780389597376,0b159a90989548dba96a7176e0721050,11,f
val_roc_auc_mood/theme---sexy,0.7393776246365887,1780389597376,0b159a90989548dba96a7176e0721050,11,f
val_pr_auc_mood/theme---slow,0.025181975359121908,1780389597376,0b159a90989548dba96a7176e0721050,11,f
val_roc_auc_mood/theme---slow,0.7149327871080087,1780389597376,0b159a90989548dba96a7176e0721050,11,f
val_pr_auc_mood/theme---soft,0.054792057985837014,1780389597376,0b159a90989548dba96a7176e0721050,11,f
val_roc_auc_mood/theme---soft,0.6746032083560152,1780389597376,0b159a90989548dba96a7176e0721050,11,f
val_pr_auc_mood/theme---soundscape,0.030395845912267818,1780389597376,0b159a90989548dba96a7176e0721050,11,f
val_roc_auc_mood/theme---soundscape,0.7327476839558623,1780389597376,0b159a90989548dba96a7176e0721050,11,f
val_pr_auc_mood/theme---space,0.05482891062381156,1780389597376,0b159a90989548dba96a7176e0721050,11,f
val_roc_auc_mood/theme---space,0.7619507330324089,1780389597376,0b159a90989548dba96a7176e0721050,11,f
val_pr_auc_mood/theme---sport,0.04681457654123496,1780389597376,0b159a90989548dba96a7176e0721050,11,f
val_roc_auc_mood/theme---sport,0.8450766262095195,1780389597376,0b159a90989548dba96a7176e0721050,11,f
val_pr_auc_mood/theme---summer,0.14533198078127205,1780389597376,0b159a90989548dba96a7176e0721050,11,f
val_roc_auc_mood/theme---summer,0.7869831596589882,1780389597376,0b159a90989548dba96a7176e0721050,11,f
val_pr_auc_mood/theme---trailer,0.13421566765251075,1780389597376,0b159a90989548dba96a7176e0721050,11,f
val_roc_auc_mood/theme---trailer,0.900515664342528,1780389597376,0b159a90989548dba96a7176e0721050,11,f
val_pr_auc_mood/theme---travel,0.01747702054970618,1780389597376,0b159a90989548dba96a7176e0721050,11,f
val_roc_auc_mood/theme---travel,0.5569313256877491,1780389597376,0b159a90989548dba96a7176e0721050,11,f
val_pr_auc_mood/theme---upbeat,0.04358406185669586,1780389597376,0b159a90989548dba96a7176e0721050,11,f
val_roc_auc_mood/theme---upbeat,0.5864926513087276,1780389597376,0b159a90989548dba96a7176e0721050,11,f
val_pr_auc_mood/theme---uplifting,0.06474770756478235,1780389597376,0b159a90989548dba96a7176e0721050,11,f
val_roc_auc_mood/theme---uplifting,0.674790879826851,1780389597376,0b159a90989548dba96a7176e0721050,11,f
val_macro_pr_auc,0.08726100443810511,1780389597376,0b159a90989548dba96a7176e0721050,11,f
val_macro_roc_auc,0.7149754145075712,1780389597376,0b159a90989548dba96a7176e0721050,11,f
val_roc_auc_mood/theme---documentary,0.6598978601908878,1780390550005,0b159a90989548dba96a7176e0721050,12,f
val_pr_auc_mood/theme---documentary,0.05048231803558513,1780390550005,0b159a90989548dba96a7176e0721050,12,f
avg_train_loss,0.04392348210643888,1780390297717,0b159a90989548dba96a7176e0721050,12,f
val_macro_roc_auc,0.7186828125312167,1780390550005,0b159a90989548dba96a7176e0721050,12,f
val_loss_avg,0.055118905224501136,1780390550005,0b159a90989548dba96a7176e0721050,12,f
val_loss_std,0.03076069958624175,1780390550005,0b159a90989548dba96a7176e0721050,12,f
val_pr_auc_mood/theme---action,0.1390368549503354,1780390550005,0b159a90989548dba96a7176e0721050,12,f
val_roc_auc_mood/theme---action,0.7300870999830167,1780390550005,0b159a90989548dba96a7176e0721050,12,f
val_pr_auc_mood/theme---adventure,0.032503962067686284,1780390550005,0b159a90989548dba96a7176e0721050,12,f
val_roc_auc_mood/theme---adventure,0.5857638601999505,1780390550005,0b159a90989548dba96a7176e0721050,12,f
val_pr_auc_mood/theme---advertising,0.15158430352378588,1780390550005,0b159a90989548dba96a7176e0721050,12,f
val_roc_auc_mood/theme---advertising,0.7682086788203654,1780390550005,0b159a90989548dba96a7176e0721050,12,f
val_pr_auc_mood/theme---background,0.012441830822719458,1780390550005,0b159a90989548dba96a7176e0721050,12,f
val_roc_auc_mood/theme---background,0.5595490716180371,1780390550005,0b159a90989548dba96a7176e0721050,12,f
val_pr_auc_mood/theme---ballad,0.07725084950222891,1780390550005,0b159a90989548dba96a7176e0721050,12,f
val_roc_auc_mood/theme---ballad,0.8036260315355142,1780390550005,0b159a90989548dba96a7176e0721050,12,f
val_pr_auc_mood/theme---calm,0.04308998417564631,1780390550005,0b159a90989548dba96a7176e0721050,12,f
val_roc_auc_mood/theme---calm,0.5882155635062613,1780390550005,0b159a90989548dba96a7176e0721050,12,f
val_pr_auc_mood/theme---children,0.10207547938599379,1780390550005,0b159a90989548dba96a7176e0721050,12,f
val_roc_auc_mood/theme---children,0.7476025435968576,1780390550005,0b159a90989548dba96a7176e0721050,12,f
val_pr_auc_mood/theme---christmas,0.10343666986901226,1780390550005,0b159a90989548dba96a7176e0721050,12,f
val_roc_auc_mood/theme---christmas,0.7447548138267023,1780390550005,0b159a90989548dba96a7176e0721050,12,f
val_pr_auc_mood/theme---commercial,0.08261891664700427,1780390550005,0b159a90989548dba96a7176e0721050,12,f
val_roc_auc_mood/theme---commercial,0.7372913795743378,1780390550005,0b159a90989548dba96a7176e0721050,12,f
val_pr_auc_mood/theme---cool,0.03623530401530776,1780390550005,0b159a90989548dba96a7176e0721050,12,f
val_roc_auc_mood/theme---cool,0.7417884351192707,1780390550005,0b159a90989548dba96a7176e0721050,12,f
val_roc_auc_mood/theme---deep,0.812137729688598,1780390550005,0b159a90989548dba96a7176e0721050,12,f
val_pr_auc_mood/theme---deep,0.15155609302551937,1780390550005,0b159a90989548dba96a7176e0721050,12,f
stdev_train_loss,0.004209714357934657,1780390298859,0b159a90989548dba96a7176e0721050,12,f
val_pr_auc_mood/theme---corporate,0.13590757761396535,1780390550005,0b159a90989548dba96a7176e0721050,12,f
val_roc_auc_mood/theme---corporate,0.8060992105117871,1780390550005,0b159a90989548dba96a7176e0721050,12,f
val_pr_auc_mood/theme---dark,0.12547548270201725,1780390550005,0b159a90989548dba96a7176e0721050,12,f
val_roc_auc_mood/theme---dark,0.6662763167943789,1780390550005,0b159a90989548dba96a7176e0721050,12,f
val_macro_pr_auc,0.09059776341746473,1780390550005,0b159a90989548dba96a7176e0721050,12,f
val_roc_auc_mood/theme---uplifting,0.6506529420198485,1780390550005,0b159a90989548dba96a7176e0721050,12,f
val_pr_auc_mood/theme---uplifting,0.06541621619938998,1780390550005,0b159a90989548dba96a7176e0721050,12,f
val_roc_auc_mood/theme---upbeat,0.5815157707868879,1780390550005,0b159a90989548dba96a7176e0721050,12,f
val_pr_auc_mood/theme---upbeat,0.04570708709357281,1780390550005,0b159a90989548dba96a7176e0721050,12,f
val_roc_auc_mood/theme---travel,0.5534728679641321,1780390550005,0b159a90989548dba96a7176e0721050,12,f
val_pr_auc_mood/theme---travel,0.014967985002367463,1780390550005,0b159a90989548dba96a7176e0721050,12,f
val_roc_auc_mood/theme---trailer,0.9080732047066641,1780390550005,0b159a90989548dba96a7176e0721050,12,f
val_pr_auc_mood/theme---trailer,0.1628090652435585,1780390550005,0b159a90989548dba96a7176e0721050,12,f
val_roc_auc_mood/theme---summer,0.8050612820216702,1780390550005,0b159a90989548dba96a7176e0721050,12,f
val_pr_auc_mood/theme---summer,0.1910883933162378,1780390550005,0b159a90989548dba96a7176e0721050,12,f
val_roc_auc_mood/theme---sport,0.8654566810224286,1780390550005,0b159a90989548dba96a7176e0721050,12,f
val_pr_auc_mood/theme---sport,0.049454771927023265,1780390550005,0b159a90989548dba96a7176e0721050,12,f
val_roc_auc_mood/theme---space,0.776547601446061,1780390550005,0b159a90989548dba96a7176e0721050,12,f
val_pr_auc_mood/theme---space,0.06554327618318014,1780390550005,0b159a90989548dba96a7176e0721050,12,f
val_roc_auc_mood/theme---soundscape,0.7285507759485454,1780390550005,0b159a90989548dba96a7176e0721050,12,f
val_pr_auc_mood/theme---soundscape,0.02962484113442371,1780390550005,0b159a90989548dba96a7176e0721050,12,f
val_roc_auc_mood/theme---soft,0.7013643168209036,1780390550005,0b159a90989548dba96a7176e0721050,12,f
val_pr_auc_mood/theme---soft,0.05833626000172962,1780390550005,0b159a90989548dba96a7176e0721050,12,f
val_roc_auc_mood/theme---slow,0.7784163827335089,1780390550005,0b159a90989548dba96a7176e0721050,12,f
val_pr_auc_mood/theme---slow,0.04744599361747499,1780390550005,0b159a90989548dba96a7176e0721050,12,f
val_roc_auc_mood/theme---sexy,0.745522414845124,1780390550005,0b159a90989548dba96a7176e0721050,12,f
val_pr_auc_mood/theme---sexy,0.020274410700335435,1780390550005,0b159a90989548dba96a7176e0721050,12,f
val_roc_auc_mood/theme---sad,0.7117433019719516,1780390550005,0b159a90989548dba96a7176e0721050,12,f
val_pr_auc_mood/theme---sad,0.07795316645043834,1780390550005,0b159a90989548dba96a7176e0721050,12,f
val_roc_auc_mood/theme---romantic,0.7171035076096356,1780390550005,0b159a90989548dba96a7176e0721050,12,f
train_loss,0.04392348210643888,1780390299300,0b159a90989548dba96a7176e0721050,12,f
val_pr_auc_mood/theme---romantic,0.07050177566764894,1780390550005,0b159a90989548dba96a7176e0721050,12,f
val_roc_auc_mood/theme---retro,0.544918645144973,1780390550005,0b159a90989548dba96a7176e0721050,12,f
val_pr_auc_mood/theme---retro,0.011640651010021357,1780390550005,0b159a90989548dba96a7176e0721050,12,f
val_roc_auc_mood/theme---relaxing,0.7500637968626234,1780390550005,0b159a90989548dba96a7176e0721050,12,f
val_pr_auc_mood/theme---relaxing,0.23253618561283323,1780390550005,0b159a90989548dba96a7176e0721050,12,f
val_roc_auc_mood/theme---powerful,0.6732696829758902,1780390550005,0b159a90989548dba96a7176e0721050,12,f
val_pr_auc_mood/theme---powerful,0.021582408450836345,1780390550005,0b159a90989548dba96a7176e0721050,12,f
val_roc_auc_mood/theme---positive,0.6727820692883897,1780390550005,0b159a90989548dba96a7176e0721050,12,f
val_pr_auc_mood/theme---positive,0.03791189001946486,1780390550005,0b159a90989548dba96a7176e0721050,12,f
val_roc_auc_mood/theme---party,0.8303267245574937,1780390550005,0b159a90989548dba96a7176e0721050,12,f
val_pr_auc_mood/theme---party,0.09510302488420506,1780390550005,0b159a90989548dba96a7176e0721050,12,f
val_roc_auc_mood/theme---nature,0.7248265782919249,1780390550005,0b159a90989548dba96a7176e0721050,12,f
val_pr_auc_mood/theme---nature,0.04113272952981205,1780390550005,0b159a90989548dba96a7176e0721050,12,f
val_roc_auc_mood/theme---movie,0.7749659955332404,1780390550005,0b159a90989548dba96a7176e0721050,12,f
val_pr_auc_mood/theme---movie,0.10938816256422938,1780390550005,0b159a90989548dba96a7176e0721050,12,f
val_roc_auc_mood/theme---motivational,0.8304945890349701,1780390550005,0b159a90989548dba96a7176e0721050,12,f
val_pr_auc_mood/theme---motivational,0.12602397295946297,1780390550005,0b159a90989548dba96a7176e0721050,12,f
val_roc_auc_mood/theme---melodic,0.5943094629156009,1780390550005,0b159a90989548dba96a7176e0721050,12,f
val_pr_auc_mood/theme---melodic,0.12378860218422405,1780390550005,0b159a90989548dba96a7176e0721050,12,f
val_roc_auc_mood/theme---melancholic,0.6769534367746235,1780390550005,0b159a90989548dba96a7176e0721050,12,f
val_pr_auc_mood/theme---melancholic,0.05922210303703434,1780390550005,0b159a90989548dba96a7176e0721050,12,f
val_roc_auc_mood/theme---meditative,0.7806110873232901,1780390550005,0b159a90989548dba96a7176e0721050,12,f
val_pr_auc_mood/theme---meditative,0.15030590498753588,1780390550005,0b159a90989548dba96a7176e0721050,12,f
val_roc_auc_mood/theme---love,0.6639275766016712,1780390550005,0b159a90989548dba96a7176e0721050,12,f
val_pr_auc_mood/theme---love,0.0945771813164751,1780390550005,0b159a90989548dba96a7176e0721050,12,f
val_roc_auc_mood/theme---inspiring,0.6370051907833509,1780390550005,0b159a90989548dba96a7176e0721050,12,f
val_pr_auc_mood/theme---inspiring,0.07349568673837518,1780390550005,0b159a90989548dba96a7176e0721050,12,f
val_roc_auc_mood/theme---hopeful,0.6630229539151473,1780390550005,0b159a90989548dba96a7176e0721050,12,f
val_pr_auc_mood/theme---hopeful,0.023174970256196827,1780390550005,0b159a90989548dba96a7176e0721050,12,f
val_roc_auc_mood/theme---holiday,0.49912776366187567,1780390550005,0b159a90989548dba96a7176e0721050,12,f
val_pr_auc_mood/theme---holiday,0.02097889203516785,1780390550005,0b159a90989548dba96a7176e0721050,12,f
val_roc_auc_mood/theme---heavy,0.9223248671378148,1780390550005,0b159a90989548dba96a7176e0721050,12,f
val_pr_auc_mood/theme---heavy,0.08696538801161859,1780390550005,0b159a90989548dba96a7176e0721050,12,f
val_roc_auc_mood/theme---happy,0.716668038183015,1780390550005,0b159a90989548dba96a7176e0721050,12,f
val_pr_auc_mood/theme---happy,0.2503081343072105,1780390550005,0b159a90989548dba96a7176e0721050,12,f
val_roc_auc_mood/theme---groovy,0.8165961025403085,1780390550005,0b159a90989548dba96a7176e0721050,12,f
val_pr_auc_mood/theme---groovy,0.0874152847940712,1780390550005,0b159a90989548dba96a7176e0721050,12,f
val_roc_auc_mood/theme---game,0.6057590449804432,1780390550005,0b159a90989548dba96a7176e0721050,12,f
val_pr_auc_mood/theme---game,0.012211478481122782,1780390550005,0b159a90989548dba96a7176e0721050,12,f
val_roc_auc_mood/theme---funny,0.7477478513984606,1780390550005,0b159a90989548dba96a7176e0721050,12,f
val_pr_auc_mood/theme---funny,0.022692017608125673,1780390550005,0b159a90989548dba96a7176e0721050,12,f
val_roc_auc_mood/theme---fun,0.6590942374686577,1780390550005,0b159a90989548dba96a7176e0721050,12,f
val_pr_auc_mood/theme---fun,0.08348806938782051,1780390550005,0b159a90989548dba96a7176e0721050,12,f
val_roc_auc_mood/theme---film,0.7073313067211042,1780390550005,0b159a90989548dba96a7176e0721050,12,f
val_pr_auc_mood/theme---film,0.1457125012613701,1780390550005,0b159a90989548dba96a7176e0721050,12,f
val_roc_auc_mood/theme---fast,0.8711090286831812,1780390550005,0b159a90989548dba96a7176e0721050,12,f
val_pr_auc_mood/theme---fast,0.04309643912237121,1780390550005,0b159a90989548dba96a7176e0721050,12,f
val_roc_auc_mood/theme---epic,0.8959648790452106,1780390550005,0b159a90989548dba96a7176e0721050,12,f
val_pr_auc_mood/theme---epic,0.4489326118088929,1780390550005,0b159a90989548dba96a7176e0721050,12,f
val_roc_auc_mood/theme---energetic,0.7720367446430096,1780390550005,0b159a90989548dba96a7176e0721050,12,f
val_pr_auc_mood/theme---energetic,0.19307056179569848,1780390550005,0b159a90989548dba96a7176e0721050,12,f
val_roc_auc_mood/theme---emotional,0.6650681172323791,1780390550005,0b159a90989548dba96a7176e0721050,12,f
val_pr_auc_mood/theme---emotional,0.14757211332139267,1780390550005,0b159a90989548dba96a7176e0721050,12,f
val_roc_auc_mood/theme---dream,0.6945959565418959,1780390550005,0b159a90989548dba96a7176e0721050,12,f
val_pr_auc_mood/theme---dream,0.12017513950170981,1780390550005,0b159a90989548dba96a7176e0721050,12,f
val_roc_auc_mood/theme---dramatic,0.677984888222805,1780390550005,0b159a90989548dba96a7176e0721050,12,f
val_pr_auc_mood/theme---dramatic,0.01711388149493881,1780390550005,0b159a90989548dba96a7176e0721050,12,f
val_roc_auc_mood/theme---drama,0.7025712404214559,1780390550005,0b159a90989548dba96a7176e0721050,12,f
val_pr_auc_mood/theme---drama,0.05103989602161832,1780390550005,0b159a90989548dba96a7176e0721050,12,f
val_roc_auc_mood/theme---party,0.8293789543789545,1780391508882,0b159a90989548dba96a7176e0721050,13,f
val_roc_auc_mood/theme---positive,0.6671348314606742,1780391508882,0b159a90989548dba96a7176e0721050,13,f
val_pr_auc_mood/theme---powerful,0.021197539280156753,1780391508882,0b159a90989548dba96a7176e0721050,13,f
val_roc_auc_mood/theme---powerful,0.6688443777091538,1780391508882,0b159a90989548dba96a7176e0721050,13,f
val_pr_auc_mood/theme---relaxing,0.1986086362734517,1780391508882,0b159a90989548dba96a7176e0721050,13,f
val_macro_roc_auc,0.7203912717276236,1780391508882,0b159a90989548dba96a7176e0721050,13,f
val_macro_pr_auc,0.08872037505310283,1780391508882,0b159a90989548dba96a7176e0721050,13,f
val_roc_auc_mood/theme---uplifting,0.6558478033298176,1780391508882,0b159a90989548dba96a7176e0721050,13,f
val_pr_auc_mood/theme---uplifting,0.0630489039924652,1780391508882,0b159a90989548dba96a7176e0721050,13,f
val_roc_auc_mood/theme---upbeat,0.6000299314672611,1780391508882,0b159a90989548dba96a7176e0721050,13,f
val_pr_auc_mood/theme---upbeat,0.0460894236275145,1780391508882,0b159a90989548dba96a7176e0721050,13,f
val_roc_auc_mood/theme---travel,0.5780953468517702,1780391508882,0b159a90989548dba96a7176e0721050,13,f
val_pr_auc_mood/theme---travel,0.017561049302582933,1780391508882,0b159a90989548dba96a7176e0721050,13,f
val_roc_auc_mood/theme---trailer,0.9073295306548483,1780391508882,0b159a90989548dba96a7176e0721050,13,f
val_pr_auc_mood/theme---trailer,0.146514212569491,1780391508882,0b159a90989548dba96a7176e0721050,13,f
val_roc_auc_mood/theme---summer,0.8023399397692041,1780391508882,0b159a90989548dba96a7176e0721050,13,f
val_pr_auc_mood/theme---summer,0.1437599701767795,1780391508882,0b159a90989548dba96a7176e0721050,13,f
val_roc_auc_mood/theme---sport,0.8748951283628839,1780391508882,0b159a90989548dba96a7176e0721050,13,f
val_pr_auc_mood/theme---sport,0.05055154992098857,1780391508882,0b159a90989548dba96a7176e0721050,13,f
val_roc_auc_mood/theme---space,0.7602170831195262,1780391508882,0b159a90989548dba96a7176e0721050,13,f
val_pr_auc_mood/theme---space,0.0565406382768653,1780391508882,0b159a90989548dba96a7176e0721050,13,f
val_roc_auc_mood/theme---soundscape,0.7194414940697469,1780391508882,0b159a90989548dba96a7176e0721050,13,f
val_pr_auc_mood/theme---soundscape,0.0264185218044994,1780391508882,0b159a90989548dba96a7176e0721050,13,f
val_roc_auc_mood/theme---soft,0.6973581246597714,1780391508882,0b159a90989548dba96a7176e0721050,13,f
val_pr_auc_mood/theme---soft,0.055872333835325985,1780391508882,0b159a90989548dba96a7176e0721050,13,f
val_roc_auc_mood/theme---slow,0.7731722169937141,1780391508882,0b159a90989548dba96a7176e0721050,13,f
val_pr_auc_mood/theme---slow,0.03956559756136414,1780391508882,0b159a90989548dba96a7176e0721050,13,f
val_roc_auc_mood/theme---sexy,0.7508416783317182,1780391508882,0b159a90989548dba96a7176e0721050,13,f
train_loss,0.04383905689232924,1780391258837,0b159a90989548dba96a7176e0721050,13,f
stdev_train_loss,0.004441361246169793,1780391258407,0b159a90989548dba96a7176e0721050,13,f
val_pr_auc_mood/theme---sexy,0.021198651636045,1780391508882,0b159a90989548dba96a7176e0721050,13,f
val_roc_auc_mood/theme---sad,0.7243399685455578,1780391508882,0b159a90989548dba96a7176e0721050,13,f
avg_train_loss,0.04383905689232924,1780391257287,0b159a90989548dba96a7176e0721050,13,f
val_pr_auc_mood/theme---sad,0.08306981742547266,1780391508882,0b159a90989548dba96a7176e0721050,13,f
val_roc_auc_mood/theme---romantic,0.702704319181435,1780391508882,0b159a90989548dba96a7176e0721050,13,f
val_pr_auc_mood/theme---romantic,0.0641176303797876,1780391508882,0b159a90989548dba96a7176e0721050,13,f
val_roc_auc_mood/theme---retro,0.5511961660430218,1780391508882,0b159a90989548dba96a7176e0721050,13,f
val_pr_auc_mood/theme---retro,0.01206497255723983,1780391508882,0b159a90989548dba96a7176e0721050,13,f
val_roc_auc_mood/theme---relaxing,0.74646922643497,1780391508882,0b159a90989548dba96a7176e0721050,13,f
val_loss_avg,0.05579427922590574,1780391508882,0b159a90989548dba96a7176e0721050,13,f
val_loss_std,0.031368369786081186,1780391508882,0b159a90989548dba96a7176e0721050,13,f
val_pr_auc_mood/theme---action,0.13772491645405205,1780391508882,0b159a90989548dba96a7176e0721050,13,f
val_roc_auc_mood/theme---action,0.7422762452386151,1780391508882,0b159a90989548dba96a7176e0721050,13,f
val_pr_auc_mood/theme---adventure,0.029369772016610327,1780391508882,0b159a90989548dba96a7176e0721050,13,f
val_roc_auc_mood/theme---adventure,0.5603018535349362,1780391508882,0b159a90989548dba96a7176e0721050,13,f
val_pr_auc_mood/theme---advertising,0.1440013934730663,1780391508882,0b159a90989548dba96a7176e0721050,13,f
val_roc_auc_mood/theme---advertising,0.752062685539332,1780391508882,0b159a90989548dba96a7176e0721050,13,f
val_pr_auc_mood/theme---background,0.013481558758897831,1780391508882,0b159a90989548dba96a7176e0721050,13,f
val_roc_auc_mood/theme---background,0.5998176392572944,1780391508882,0b159a90989548dba96a7176e0721050,13,f
val_pr_auc_mood/theme---ballad,0.0804383779042982,1780391508882,0b159a90989548dba96a7176e0721050,13,f
val_roc_auc_mood/theme---ballad,0.7981183687002653,1780391508882,0b159a90989548dba96a7176e0721050,13,f
val_pr_auc_mood/theme---calm,0.07319880416170386,1780391508882,0b159a90989548dba96a7176e0721050,13,f
val_roc_auc_mood/theme---calm,0.6925885093813704,1780391508882,0b159a90989548dba96a7176e0721050,13,f
val_pr_auc_mood/theme---children,0.10072810060786022,1780391508882,0b159a90989548dba96a7176e0721050,13,f
val_roc_auc_mood/theme---children,0.7231659429995186,1780391508882,0b159a90989548dba96a7176e0721050,13,f
val_pr_auc_mood/theme---christmas,0.10989230417757681,1780391508882,0b159a90989548dba96a7176e0721050,13,f
val_roc_auc_mood/theme---christmas,0.761516210416425,1780391508882,0b159a90989548dba96a7176e0721050,13,f
val_pr_auc_mood/theme---commercial,0.06891443705185156,1780391508882,0b159a90989548dba96a7176e0721050,13,f
val_roc_auc_mood/theme---commercial,0.727939825447864,1780391508882,0b159a90989548dba96a7176e0721050,13,f
val_pr_auc_mood/theme---cool,0.025805945484151,1780391508882,0b159a90989548dba96a7176e0721050,13,f
val_roc_auc_mood/theme---cool,0.7238041713500687,1780391508882,0b159a90989548dba96a7176e0721050,13,f
val_pr_auc_mood/theme---corporate,0.14549571234185912,1780391508882,0b159a90989548dba96a7176e0721050,13,f
val_roc_auc_mood/theme---corporate,0.7966469754688161,1780391508882,0b159a90989548dba96a7176e0721050,13,f
val_pr_auc_mood/theme---dark,0.10360119307982735,1780391508882,0b159a90989548dba96a7176e0721050,13,f
val_roc_auc_mood/theme---dark,0.6612441977885831,1780391508882,0b159a90989548dba96a7176e0721050,13,f
val_pr_auc_mood/theme---deep,0.15615964788933415,1780391508882,0b159a90989548dba96a7176e0721050,13,f
val_roc_auc_mood/theme---deep,0.8110429114400742,1780391508882,0b159a90989548dba96a7176e0721050,13,f
val_pr_auc_mood/theme---documentary,0.051727634989589294,1780391508882,0b159a90989548dba96a7176e0721050,13,f
val_roc_auc_mood/theme---documentary,0.647286179303761,1780391508882,0b159a90989548dba96a7176e0721050,13,f
val_pr_auc_mood/theme---drama,0.05164361157448776,1780391508882,0b159a90989548dba96a7176e0721050,13,f
val_roc_auc_mood/theme---drama,0.7015176005747126,1780391508882,0b159a90989548dba96a7176e0721050,13,f
val_pr_auc_mood/theme---dramatic,0.021593508437741243,1780391508882,0b159a90989548dba96a7176e0721050,13,f
val_roc_auc_mood/theme---dramatic,0.6946421880854253,1780391508882,0b159a90989548dba96a7176e0721050,13,f
val_pr_auc_mood/theme---dream,0.12676081555463803,1780391508882,0b159a90989548dba96a7176e0721050,13,f
val_roc_auc_mood/theme---dream,0.6902393958329135,1780391508882,0b159a90989548dba96a7176e0721050,13,f
val_pr_auc_mood/theme---emotional,0.14728849010915573,1780391508882,0b159a90989548dba96a7176e0721050,13,f
val_roc_auc_mood/theme---emotional,0.6633337805368882,1780391508882,0b159a90989548dba96a7176e0721050,13,f
val_pr_auc_mood/theme---energetic,0.19558149462672483,1780391508882,0b159a90989548dba96a7176e0721050,13,f
val_roc_auc_mood/theme---energetic,0.765759514753294,1780391508882,0b159a90989548dba96a7176e0721050,13,f
val_pr_auc_mood/theme---epic,0.41568516467645744,1780391508882,0b159a90989548dba96a7176e0721050,13,f
val_roc_auc_mood/theme---epic,0.8916505366159017,1780391508882,0b159a90989548dba96a7176e0721050,13,f
val_pr_auc_mood/theme---fast,0.05382454553462438,1780391508882,0b159a90989548dba96a7176e0721050,13,f
val_roc_auc_mood/theme---fast,0.8617992177314212,1780391508882,0b159a90989548dba96a7176e0721050,13,f
val_pr_auc_mood/theme---film,0.13890829702862242,1780391508882,0b159a90989548dba96a7176e0721050,13,f
val_roc_auc_mood/theme---film,0.712017662591253,1780391508882,0b159a90989548dba96a7176e0721050,13,f
val_pr_auc_mood/theme---fun,0.08323938044083327,1780391508882,0b159a90989548dba96a7176e0721050,13,f
val_roc_auc_mood/theme---fun,0.6193548864283548,1780391508882,0b159a90989548dba96a7176e0721050,13,f
val_pr_auc_mood/theme---funny,0.02443427415616016,1780391508882,0b159a90989548dba96a7176e0721050,13,f
val_roc_auc_mood/theme---funny,0.7702865952575444,1780391508882,0b159a90989548dba96a7176e0721050,13,f
val_pr_auc_mood/theme---game,0.012775120412246776,1780391508882,0b159a90989548dba96a7176e0721050,13,f
val_roc_auc_mood/theme---game,0.597202982398957,1780391508882,0b159a90989548dba96a7176e0721050,13,f
val_pr_auc_mood/theme---groovy,0.10225694797073966,1780391508882,0b159a90989548dba96a7176e0721050,13,f
val_roc_auc_mood/theme---groovy,0.8317915555040019,1780391508882,0b159a90989548dba96a7176e0721050,13,f
val_pr_auc_mood/theme---happy,0.25497103104891294,1780391508882,0b159a90989548dba96a7176e0721050,13,f
val_roc_auc_mood/theme---happy,0.7250041145490453,1780391508882,0b159a90989548dba96a7176e0721050,13,f
val_pr_auc_mood/theme---heavy,0.09628465957692771,1780391508882,0b159a90989548dba96a7176e0721050,13,f
val_roc_auc_mood/theme---heavy,0.926626305506645,1780391508882,0b159a90989548dba96a7176e0721050,13,f
val_pr_auc_mood/theme---holiday,0.02096260533571824,1780391508882,0b159a90989548dba96a7176e0721050,13,f
val_roc_auc_mood/theme---holiday,0.5213280746330919,1780391508882,0b159a90989548dba96a7176e0721050,13,f
val_pr_auc_mood/theme---hopeful,0.02304675629371039,1780391508882,0b159a90989548dba96a7176e0721050,13,f
val_roc_auc_mood/theme---hopeful,0.6924455655868296,1780391508882,0b159a90989548dba96a7176e0721050,13,f
val_pr_auc_mood/theme---inspiring,0.07992559452675979,1780391508882,0b159a90989548dba96a7176e0721050,13,f
val_roc_auc_mood/theme---inspiring,0.6317462132152369,1780391508882,0b159a90989548dba96a7176e0721050,13,f
val_pr_auc_mood/theme---love,0.09641268288652022,1780391508882,0b159a90989548dba96a7176e0721050,13,f
val_roc_auc_mood/theme---love,0.6640576549114416,1780391508882,0b159a90989548dba96a7176e0721050,13,f
val_pr_auc_mood/theme---meditative,0.13701289789377272,1780391508882,0b159a90989548dba96a7176e0721050,13,f
val_roc_auc_mood/theme---meditative,0.7702426300876319,1780391508882,0b159a90989548dba96a7176e0721050,13,f
val_pr_auc_mood/theme---melancholic,0.0544455645574934,1780391508882,0b159a90989548dba96a7176e0721050,13,f
val_roc_auc_mood/theme---melancholic,0.6820132242781931,1780391508882,0b159a90989548dba96a7176e0721050,13,f
val_pr_auc_mood/theme---melodic,0.12273401670047553,1780391508882,0b159a90989548dba96a7176e0721050,13,f
val_roc_auc_mood/theme---melodic,0.5953646875237396,1780391508882,0b159a90989548dba96a7176e0721050,13,f
val_pr_auc_mood/theme---motivational,0.12444217718566031,1780391508882,0b159a90989548dba96a7176e0721050,13,f
val_roc_auc_mood/theme---motivational,0.8085502191217244,1780391508882,0b159a90989548dba96a7176e0721050,13,f
val_pr_auc_mood/theme---movie,0.11828022997861064,1780391508882,0b159a90989548dba96a7176e0721050,13,f
val_roc_auc_mood/theme---movie,0.7960091830052032,1780391508882,0b159a90989548dba96a7176e0721050,13,f
val_pr_auc_mood/theme---nature,0.04249803122121694,1780391508882,0b159a90989548dba96a7176e0721050,13,f
val_roc_auc_mood/theme---nature,0.7214795907865215,1780391508882,0b159a90989548dba96a7176e0721050,13,f
val_pr_auc_mood/theme---party,0.10048846142638643,1780391508882,0b159a90989548dba96a7176e0721050,13,f
val_pr_auc_mood/theme---positive,0.03612539680845319,1780391508882,0b159a90989548dba96a7176e0721050,13,f
val_roc_auc_mood/theme---retro,0.5358979513751533,1780392469706,0b159a90989548dba96a7176e0721050,14,f
val_pr_auc_mood/theme---romantic,0.06437020002833484,1780392469706,0b159a90989548dba96a7176e0721050,14,f
val_roc_auc_mood/theme---romantic,0.7039695246508033,1780392469706,0b159a90989548dba96a7176e0721050,14,f
val_pr_auc_mood/theme---sad,0.07932068513288312,1780392469706,0b159a90989548dba96a7176e0721050,14,f
val_roc_auc_mood/theme---sad,0.7171352261834966,1780392469706,0b159a90989548dba96a7176e0721050,14,f
val_pr_auc_mood/theme---sexy,0.021918449573696715,1780392469706,0b159a90989548dba96a7176e0721050,14,f
val_roc_auc_mood/theme---sexy,0.7581134919780338,1780392469706,0b159a90989548dba96a7176e0721050,14,f
val_pr_auc_mood/theme---slow,0.03542798424902706,1780392469706,0b159a90989548dba96a7176e0721050,14,f
val_roc_auc_mood/theme---slow,0.7655173455059714,1780392469706,0b159a90989548dba96a7176e0721050,14,f
val_pr_auc_mood/theme---soft,0.061846060298053146,1780392469706,0b159a90989548dba96a7176e0721050,14,f
val_roc_auc_mood/theme---soft,0.7006562159771366,1780392469706,0b159a90989548dba96a7176e0721050,14,f
val_pr_auc_mood/theme---soundscape,0.02934238747062145,1780392469706,0b159a90989548dba96a7176e0721050,14,f
val_roc_auc_mood/theme---soundscape,0.7297604295745559,1780392469706,0b159a90989548dba96a7176e0721050,14,f
val_pr_auc_mood/theme---space,0.05607315647905096,1780392469706,0b159a90989548dba96a7176e0721050,14,f
val_roc_auc_mood/theme---space,0.7534825199964051,1780392469706,0b159a90989548dba96a7176e0721050,14,f
val_pr_auc_mood/theme---sport,0.07366930267393391,1780392469706,0b159a90989548dba96a7176e0721050,14,f
val_roc_auc_mood/theme---sport,0.896163096370043,1780392469706,0b159a90989548dba96a7176e0721050,14,f
val_pr_auc_mood/theme---summer,0.17879371887537673,1780392469706,0b159a90989548dba96a7176e0721050,14,f
val_roc_auc_mood/theme---summer,0.8192839227600748,1780392469706,0b159a90989548dba96a7176e0721050,14,f
val_pr_auc_mood/theme---trailer,0.15541713084315992,1780392469706,0b159a90989548dba96a7176e0721050,14,f
val_roc_auc_mood/theme---trailer,0.9118104499416765,1780392469706,0b159a90989548dba96a7176e0721050,14,f
val_pr_auc_mood/theme---travel,0.029645633809153242,1780392469706,0b159a90989548dba96a7176e0721050,14,f
val_roc_auc_mood/theme---travel,0.5981609270406804,1780392469706,0b159a90989548dba96a7176e0721050,14,f
val_pr_auc_mood/theme---upbeat,0.04773825197839683,1780392469706,0b159a90989548dba96a7176e0721050,14,f
val_roc_auc_mood/theme---upbeat,0.5987521674510775,1780392469706,0b159a90989548dba96a7176e0721050,14,f
val_pr_auc_mood/theme---uplifting,0.06560801181651713,1780392469706,0b159a90989548dba96a7176e0721050,14,f
val_roc_auc_mood/theme---uplifting,0.6500598047360637,1780392469706,0b159a90989548dba96a7176e0721050,14,f
val_macro_pr_auc,0.08927529716692646,1780392469706,0b159a90989548dba96a7176e0721050,14,f
val_macro_roc_auc,0.7196237099314973,1780392469706,0b159a90989548dba96a7176e0721050,14,f
val_roc_auc_mood/theme---action,0.7560812286192591,1780392469706,0b159a90989548dba96a7176e0721050,14,f
val_pr_auc_mood/theme---adventure,0.030958460345653326,1780392469706,0b159a90989548dba96a7176e0721050,14,f
val_roc_auc_mood/theme---adventure,0.5810095293177999,1780392469706,0b159a90989548dba96a7176e0721050,14,f
val_pr_auc_mood/theme---advertising,0.15968302198979534,1780392469706,0b159a90989548dba96a7176e0721050,14,f
val_roc_auc_mood/theme---advertising,0.7686107000939909,1780392469706,0b159a90989548dba96a7176e0721050,14,f
val_pr_auc_mood/theme---background,0.010590895351742857,1780392469706,0b159a90989548dba96a7176e0721050,14,f
val_roc_auc_mood/theme---background,0.5623342175066313,1780392469706,0b159a90989548dba96a7176e0721050,14,f
val_pr_auc_mood/theme---ballad,0.08040896382371084,1780392469706,0b159a90989548dba96a7176e0721050,14,f
val_roc_auc_mood/theme---ballad,0.8021708296492779,1780392469706,0b159a90989548dba96a7176e0721050,14,f
val_pr_auc_mood/theme---calm,0.04157445521457649,1780392469706,0b159a90989548dba96a7176e0721050,14,f
val_roc_auc_mood/theme---calm,0.6233072970836626,1780392469706,0b159a90989548dba96a7176e0721050,14,f
val_pr_auc_mood/theme---children,0.1185116037852455,1780392469706,0b159a90989548dba96a7176e0721050,14,f
val_roc_auc_mood/theme---children,0.7276676622318762,1780392469706,0b159a90989548dba96a7176e0721050,14,f
val_pr_auc_mood/theme---christmas,0.08381248215335717,1780392469706,0b159a90989548dba96a7176e0721050,14,f
val_roc_auc_mood/theme---christmas,0.7553394327804198,1780392469706,0b159a90989548dba96a7176e0721050,14,f
val_pr_auc_mood/theme---commercial,0.061674664428629046,1780392469706,0b159a90989548dba96a7176e0721050,14,f
val_roc_auc_mood/theme---commercial,0.7172714745062012,1780392469706,0b159a90989548dba96a7176e0721050,14,f
val_pr_auc_mood/theme---cool,0.029680396555219042,1780392469706,0b159a90989548dba96a7176e0721050,14,f
val_roc_auc_mood/theme---cool,0.7814958786062195,1780392469706,0b159a90989548dba96a7176e0721050,14,f
val_pr_auc_mood/theme---corporate,0.12676881549404653,1780392469706,0b159a90989548dba96a7176e0721050,14,f
val_roc_auc_mood/theme---corporate,0.7623944128526473,1780392469706,0b159a90989548dba96a7176e0721050,14,f
val_pr_auc_mood/theme---dark,0.12576714735006883,1780392469706,0b159a90989548dba96a7176e0721050,14,f
val_roc_auc_mood/theme---dark,0.6954204201473874,1780392469706,0b159a90989548dba96a7176e0721050,14,f
val_pr_auc_mood/theme---deep,0.14691864343115654,1780392469706,0b159a90989548dba96a7176e0721050,14,f
val_roc_auc_mood/theme---deep,0.8112874984955954,1780392469706,0b159a90989548dba96a7176e0721050,14,f
val_pr_auc_mood/theme---documentary,0.04182009249682776,1780392469706,0b159a90989548dba96a7176e0721050,14,f
val_roc_auc_mood/theme---documentary,0.6105803759858747,1780392469706,0b159a90989548dba96a7176e0721050,14,f
train_loss,0.043327007096233675,1780392224023,0b159a90989548dba96a7176e0721050,14,f
stdev_train_loss,0.00426865178968392,1780392223586,0b159a90989548dba96a7176e0721050,14,f
avg_train_loss,0.043327007096233675,1780392222462,0b159a90989548dba96a7176e0721050,14,f
val_pr_auc_mood/theme---action,0.1349448871754582,1780392469706,0b159a90989548dba96a7176e0721050,14,f
val_loss_std,0.029192455066666175,1780392469706,0b159a90989548dba96a7176e0721050,14,f
val_loss_avg,0.055106756905812175,1780392469706,0b159a90989548dba96a7176e0721050,14,f
val_pr_auc_mood/theme---drama,0.050104816883075325,1780392469706,0b159a90989548dba96a7176e0721050,14,f
val_roc_auc_mood/theme---drama,0.6851891762452107,1780392469706,0b159a90989548dba96a7176e0721050,14,f
val_pr_auc_mood/theme---dramatic,0.031158033463853662,1780392469706,0b159a90989548dba96a7176e0721050,14,f
val_roc_auc_mood/theme---dramatic,0.677134070188585,1780392469706,0b159a90989548dba96a7176e0721050,14,f
val_pr_auc_mood/theme---dream,0.11514412696977348,1780392469706,0b159a90989548dba96a7176e0721050,14,f
val_roc_auc_mood/theme---dream,0.6602184999294511,1780392469706,0b159a90989548dba96a7176e0721050,14,f
val_pr_auc_mood/theme---emotional,0.14555337922786526,1780392469706,0b159a90989548dba96a7176e0721050,14,f
val_roc_auc_mood/theme---emotional,0.6520187175015143,1780392469706,0b159a90989548dba96a7176e0721050,14,f
val_pr_auc_mood/theme---energetic,0.17722036333151933,1780392469706,0b159a90989548dba96a7176e0721050,14,f
val_roc_auc_mood/theme---energetic,0.7681128746947066,1780392469706,0b159a90989548dba96a7176e0721050,14,f
val_pr_auc_mood/theme---epic,0.43120601885893567,1780392469706,0b159a90989548dba96a7176e0721050,14,f
val_roc_auc_mood/theme---epic,0.8869408363465642,1780392469706,0b159a90989548dba96a7176e0721050,14,f
val_pr_auc_mood/theme---fast,0.03822735388591767,1780392469706,0b159a90989548dba96a7176e0721050,14,f
val_roc_auc_mood/theme---fast,0.8533857561929596,1780392469706,0b159a90989548dba96a7176e0721050,14,f
val_pr_auc_mood/theme---film,0.14819013355019317,1780392469706,0b159a90989548dba96a7176e0721050,14,f
val_roc_auc_mood/theme---film,0.7183060776177692,1780392469706,0b159a90989548dba96a7176e0721050,14,f
val_pr_auc_mood/theme---fun,0.0872669303930286,1780392469706,0b159a90989548dba96a7176e0721050,14,f
val_roc_auc_mood/theme---fun,0.6392349169015021,1780392469706,0b159a90989548dba96a7176e0721050,14,f
val_pr_auc_mood/theme---funny,0.018483825571994364,1780392469706,0b159a90989548dba96a7176e0721050,14,f
val_roc_auc_mood/theme---funny,0.7565723621385919,1780392469706,0b159a90989548dba96a7176e0721050,14,f
val_pr_auc_mood/theme---game,0.013598630935671565,1780392469706,0b159a90989548dba96a7176e0721050,14,f
val_roc_auc_mood/theme---game,0.6349718872229465,1780392469706,0b159a90989548dba96a7176e0721050,14,f
val_pr_auc_mood/theme---groovy,0.09920560078310421,1780392469706,0b159a90989548dba96a7176e0721050,14,f
val_roc_auc_mood/theme---groovy,0.8446562173761745,1780392469706,0b159a90989548dba96a7176e0721050,14,f
val_pr_auc_mood/theme---happy,0.24607921555437715,1780392469706,0b159a90989548dba96a7176e0721050,14,f
val_roc_auc_mood/theme---happy,0.718585418038183,1780392469706,0b159a90989548dba96a7176e0721050,14,f
val_pr_auc_mood/theme---heavy,0.1259439256711442,1780392469706,0b159a90989548dba96a7176e0721050,14,f
val_roc_auc_mood/theme---heavy,0.9161420519871039,1780392469706,0b159a90989548dba96a7176e0721050,14,f
val_pr_auc_mood/theme---holiday,0.023751744028687394,1780392469706,0b159a90989548dba96a7176e0721050,14,f
val_roc_auc_mood/theme---holiday,0.5303310705752968,1780392469706,0b159a90989548dba96a7176e0721050,14,f
val_pr_auc_mood/theme---hopeful,0.0511799555203856,1780392469706,0b159a90989548dba96a7176e0721050,14,f
val_roc_auc_mood/theme---hopeful,0.6970629019885526,1780392469706,0b159a90989548dba96a7176e0721050,14,f
val_pr_auc_mood/theme---inspiring,0.06870464022571703,1780392469706,0b159a90989548dba96a7176e0721050,14,f
val_roc_auc_mood/theme---inspiring,0.6154237267738519,1780392469706,0b159a90989548dba96a7176e0721050,14,f
val_pr_auc_mood/theme---love,0.09579932412452855,1780392469706,0b159a90989548dba96a7176e0721050,14,f
val_roc_auc_mood/theme---love,0.6705957323803017,1780392469706,0b159a90989548dba96a7176e0721050,14,f
val_pr_auc_mood/theme---meditative,0.13084027062701153,1780392469706,0b159a90989548dba96a7176e0721050,14,f
val_roc_auc_mood/theme---meditative,0.7724210637648179,1780392469706,0b159a90989548dba96a7176e0721050,14,f
val_pr_auc_mood/theme---melancholic,0.05058864485057773,1780392469706,0b159a90989548dba96a7176e0721050,14,f
val_roc_auc_mood/theme---melancholic,0.6741660381595358,1780392469706,0b159a90989548dba96a7176e0721050,14,f
val_pr_auc_mood/theme---melodic,0.1254892807307778,1780392469706,0b159a90989548dba96a7176e0721050,14,f
val_roc_auc_mood/theme---melodic,0.6041479387708591,1780392469706,0b159a90989548dba96a7176e0721050,14,f
val_pr_auc_mood/theme---motivational,0.15068150149506365,1780392469706,0b159a90989548dba96a7176e0721050,14,f
val_roc_auc_mood/theme---motivational,0.8091691261962258,1780392469706,0b159a90989548dba96a7176e0721050,14,f
val_pr_auc_mood/theme---movie,0.10011446864019334,1780392469706,0b159a90989548dba96a7176e0721050,14,f
val_roc_auc_mood/theme---movie,0.7600927896137045,1780392469706,0b159a90989548dba96a7176e0721050,14,f
val_pr_auc_mood/theme---nature,0.03657898252187743,1780392469706,0b159a90989548dba96a7176e0721050,14,f
val_roc_auc_mood/theme---nature,0.733801280335934,1780392469706,0b159a90989548dba96a7176e0721050,14,f
val_pr_auc_mood/theme---party,0.09908211516839452,1780392469706,0b159a90989548dba96a7176e0721050,14,f
val_roc_auc_mood/theme---party,0.8362086631317401,1780392469706,0b159a90989548dba96a7176e0721050,14,f
val_pr_auc_mood/theme---positive,0.03323393374420787,1780392469706,0b159a90989548dba96a7176e0721050,14,f
val_roc_auc_mood/theme---positive,0.6789100120385232,1780392469706,0b159a90989548dba96a7176e0721050,14,f
val_pr_auc_mood/theme---powerful,0.02127206190926035,1780392469706,0b159a90989548dba96a7176e0721050,14,f
val_roc_auc_mood/theme---powerful,0.6690200300308808,1780392469706,0b159a90989548dba96a7176e0721050,14,f
val_pr_auc_mood/theme---relaxing,0.18079534046020296,1780392469706,0b159a90989548dba96a7176e0721050,14,f
val_roc_auc_mood/theme---relaxing,0.7423744886043493,1780392469706,0b159a90989548dba96a7176e0721050,14,f
val_pr_auc_mood/theme---retro,0.011636519396849187,1780392469706,0b159a90989548dba96a7176e0721050,14,f
val_roc_auc_mood/theme---upbeat,0.5361582445710511,1780393426833,0b159a90989548dba96a7176e0721050,15,f
val_roc_auc_mood/theme---uplifting,0.6775915876635301,1780393426833,0b159a90989548dba96a7176e0721050,15,f
val_macro_pr_auc,0.08794181601719334,1780393426833,0b159a90989548dba96a7176e0721050,15,f
val_macro_roc_auc,0.7138037043205331,1780393426833,0b159a90989548dba96a7176e0721050,15,f
train_loss,0.043037588413890056,1780393186882,0b159a90989548dba96a7176e0721050,15,f
val_loss_avg,0.05756615252431642,1780393426833,0b159a90989548dba96a7176e0721050,15,f
val_loss_std,0.03516648102721256,1780393426833,0b159a90989548dba96a7176e0721050,15,f
val_pr_auc_mood/theme---action,0.11966336942131212,1780393426833,0b159a90989548dba96a7176e0721050,15,f
val_roc_auc_mood/theme---action,0.7531601038406484,1780393426833,0b159a90989548dba96a7176e0721050,15,f
val_pr_auc_mood/theme---adventure,0.02913718972533248,1780393426833,0b159a90989548dba96a7176e0721050,15,f
val_roc_auc_mood/theme---adventure,0.5659547219697596,1780393426833,0b159a90989548dba96a7176e0721050,15,f
val_pr_auc_mood/theme---advertising,0.12917721869508206,1780393426833,0b159a90989548dba96a7176e0721050,15,f
val_roc_auc_mood/theme---advertising,0.728218729352206,1780393426833,0b159a90989548dba96a7176e0721050,15,f
val_pr_auc_mood/theme---background,0.0218860815331399,1780393426833,0b159a90989548dba96a7176e0721050,15,f
val_roc_auc_mood/theme---background,0.5757377320954907,1780393426833,0b159a90989548dba96a7176e0721050,15,f
val_pr_auc_mood/theme---ballad,0.08223470959912342,1780393426833,0b159a90989548dba96a7176e0721050,15,f
val_roc_auc_mood/theme---ballad,0.7822124594753904,1780393426833,0b159a90989548dba96a7176e0721050,15,f
val_pr_auc_mood/theme---calm,0.05011517041436168,1780393426833,0b159a90989548dba96a7176e0721050,15,f
val_roc_auc_mood/theme---calm,0.6494986895203229,1780393426833,0b159a90989548dba96a7176e0721050,15,f
val_pr_auc_mood/theme---children,0.10201622078315122,1780393426833,0b159a90989548dba96a7176e0721050,15,f
val_roc_auc_mood/theme---children,0.7237203868786178,1780393426833,0b159a90989548dba96a7176e0721050,15,f
val_pr_auc_mood/theme---christmas,0.09401293085062698,1780393426833,0b159a90989548dba96a7176e0721050,15,f
val_roc_auc_mood/theme---christmas,0.7514100742373274,1780393426833,0b159a90989548dba96a7176e0721050,15,f
val_pr_auc_mood/theme---commercial,0.07093530238590394,1780393426833,0b159a90989548dba96a7176e0721050,15,f
val_roc_auc_mood/theme---commercial,0.7292795896493646,1780393426833,0b159a90989548dba96a7176e0721050,15,f
val_pr_auc_mood/theme---cool,0.02438334202929286,1780393426833,0b159a90989548dba96a7176e0721050,15,f
val_roc_auc_mood/theme---cool,0.6828322093168477,1780393426833,0b159a90989548dba96a7176e0721050,15,f
val_pr_auc_mood/theme---corporate,0.1307947097775835,1780393426833,0b159a90989548dba96a7176e0721050,15,f
val_roc_auc_mood/theme---corporate,0.825226816835054,1780393426833,0b159a90989548dba96a7176e0721050,15,f
val_pr_auc_mood/theme---dark,0.11061620950059717,1780393426833,0b159a90989548dba96a7176e0721050,15,f
val_roc_auc_mood/theme---dark,0.6581286724103862,1780393426833,0b159a90989548dba96a7176e0721050,15,f
val_pr_auc_mood/theme---deep,0.1458348880212658,1780393426833,0b159a90989548dba96a7176e0721050,15,f
val_roc_auc_mood/theme---deep,0.7949739301257488,1780393426833,0b159a90989548dba96a7176e0721050,15,f
val_pr_auc_mood/theme---documentary,0.05092769657075624,1780393426833,0b159a90989548dba96a7176e0721050,15,f
val_roc_auc_mood/theme---documentary,0.6593719130993975,1780393426833,0b159a90989548dba96a7176e0721050,15,f
val_pr_auc_mood/theme---drama,0.056338649416726824,1780393426833,0b159a90989548dba96a7176e0721050,15,f
val_roc_auc_mood/theme---drama,0.7111590038314175,1780393426833,0b159a90989548dba96a7176e0721050,15,f
val_pr_auc_mood/theme---dramatic,0.029793690504571375,1780393426833,0b159a90989548dba96a7176e0721050,15,f
val_roc_auc_mood/theme---dramatic,0.6443892843761708,1780393426833,0b159a90989548dba96a7176e0721050,15,f
val_pr_auc_mood/theme---dream,0.10372464992371247,1780393426833,0b159a90989548dba96a7176e0721050,15,f
val_roc_auc_mood/theme---dream,0.6776696028434553,1780393426833,0b159a90989548dba96a7176e0721050,15,f
val_pr_auc_mood/theme---emotional,0.13597676893284075,1780393426833,0b159a90989548dba96a7176e0721050,15,f
avg_train_loss,0.043037588413890056,1780393185575,0b159a90989548dba96a7176e0721050,15,f
stdev_train_loss,0.004256368516619198,1780393186208,0b159a90989548dba96a7176e0721050,15,f
val_roc_auc_mood/theme---emotional,0.6367227297304989,1780393426833,0b159a90989548dba96a7176e0721050,15,f
val_pr_auc_mood/theme---energetic,0.19421376898014123,1780393426833,0b159a90989548dba96a7176e0721050,15,f
val_roc_auc_mood/theme---energetic,0.7665892635318197,1780393426833,0b159a90989548dba96a7176e0721050,15,f
val_pr_auc_mood/theme---epic,0.4426031810023255,1780393426833,0b159a90989548dba96a7176e0721050,15,f
val_roc_auc_mood/theme---epic,0.8937146340057162,1780393426833,0b159a90989548dba96a7176e0721050,15,f
val_pr_auc_mood/theme---fast,0.044758342120390676,1780393426833,0b159a90989548dba96a7176e0721050,15,f
val_roc_auc_mood/theme---fast,0.845664928292047,1780393426833,0b159a90989548dba96a7176e0721050,15,f
val_pr_auc_mood/theme---film,0.14924461017556087,1780393426833,0b159a90989548dba96a7176e0721050,15,f
val_roc_auc_mood/theme---film,0.7134466461046886,1780393426833,0b159a90989548dba96a7176e0721050,15,f
val_pr_auc_mood/theme---fun,0.08680805451095856,1780393426833,0b159a90989548dba96a7176e0721050,15,f
val_roc_auc_mood/theme---fun,0.6373887767102314,1780393426833,0b159a90989548dba96a7176e0721050,15,f
val_pr_auc_mood/theme---funny,0.018881605351958652,1780393426833,0b159a90989548dba96a7176e0721050,15,f
val_roc_auc_mood/theme---funny,0.7520047861753169,1780393426833,0b159a90989548dba96a7176e0721050,15,f
val_pr_auc_mood/theme---game,0.010146752856643447,1780393426833,0b159a90989548dba96a7176e0721050,15,f
val_roc_auc_mood/theme---game,0.5699254400260756,1780393426833,0b159a90989548dba96a7176e0721050,15,f
val_pr_auc_mood/theme---groovy,0.10140195548431512,1780393426833,0b159a90989548dba96a7176e0721050,15,f
val_roc_auc_mood/theme---groovy,0.8371672369794688,1780393426833,0b159a90989548dba96a7176e0721050,15,f
val_pr_auc_mood/theme---happy,0.23831914445333496,1780393426833,0b159a90989548dba96a7176e0721050,15,f
val_roc_auc_mood/theme---happy,0.6912206744868036,1780393426833,0b159a90989548dba96a7176e0721050,15,f
val_pr_auc_mood/theme---heavy,0.07955702096624055,1780393426833,0b159a90989548dba96a7176e0721050,15,f
val_roc_auc_mood/theme---heavy,0.921778142261029,1780393426833,0b159a90989548dba96a7176e0721050,15,f
val_pr_auc_mood/theme---holiday,0.02122599365396294,1780393426833,0b159a90989548dba96a7176e0721050,15,f
val_roc_auc_mood/theme---holiday,0.564446888391672,1780393426833,0b159a90989548dba96a7176e0721050,15,f
val_pr_auc_mood/theme---hopeful,0.059917387340043336,1780393426833,0b159a90989548dba96a7176e0721050,15,f
val_roc_auc_mood/theme---hopeful,0.7041659290729922,1780393426833,0b159a90989548dba96a7176e0721050,15,f
val_pr_auc_mood/theme---inspiring,0.05995099698455008,1780393426833,0b159a90989548dba96a7176e0721050,15,f
val_roc_auc_mood/theme---inspiring,0.5934511488719874,1780393426833,0b159a90989548dba96a7176e0721050,15,f
val_pr_auc_mood/theme---love,0.10139398810763844,1780393426833,0b159a90989548dba96a7176e0721050,15,f
val_roc_auc_mood/theme---love,0.6855402848583592,1780393426833,0b159a90989548dba96a7176e0721050,15,f
val_pr_auc_mood/theme---meditative,0.13428317802577056,1780393426833,0b159a90989548dba96a7176e0721050,15,f
val_roc_auc_mood/theme---meditative,0.7560700169395821,1780393426833,0b159a90989548dba96a7176e0721050,15,f
val_pr_auc_mood/theme---melancholic,0.05343208197921935,1780393426833,0b159a90989548dba96a7176e0721050,15,f
val_roc_auc_mood/theme---melancholic,0.690617059758214,1780393426833,0b159a90989548dba96a7176e0721050,15,f
val_pr_auc_mood/theme---melodic,0.11768628925203772,1780393426833,0b159a90989548dba96a7176e0721050,15,f
val_roc_auc_mood/theme---melodic,0.585320072928009,1780393426833,0b159a90989548dba96a7176e0721050,15,f
val_pr_auc_mood/theme---motivational,0.12161069840674084,1780393426833,0b159a90989548dba96a7176e0721050,15,f
val_roc_auc_mood/theme---motivational,0.7953206332170646,1780393426833,0b159a90989548dba96a7176e0721050,15,f
val_pr_auc_mood/theme---movie,0.08826398362945508,1780393426833,0b159a90989548dba96a7176e0721050,15,f
val_roc_auc_mood/theme---movie,0.766644196930842,1780393426833,0b159a90989548dba96a7176e0721050,15,f
val_pr_auc_mood/theme---nature,0.03140791044741513,1780393426833,0b159a90989548dba96a7176e0721050,15,f
val_roc_auc_mood/theme---nature,0.7124060846833123,1780393426833,0b159a90989548dba96a7176e0721050,15,f
val_pr_auc_mood/theme---party,0.1001820869470708,1780393426833,0b159a90989548dba96a7176e0721050,15,f
val_roc_auc_mood/theme---party,0.8246080842234689,1780393426833,0b159a90989548dba96a7176e0721050,15,f
val_pr_auc_mood/theme---positive,0.03714131636119493,1780393426833,0b159a90989548dba96a7176e0721050,15,f
val_roc_auc_mood/theme---positive,0.6304800361155699,1780393426833,0b159a90989548dba96a7176e0721050,15,f
val_pr_auc_mood/theme---powerful,0.02148178969929085,1780393426833,0b159a90989548dba96a7176e0721050,15,f
val_roc_auc_mood/theme---powerful,0.6581182536759498,1780393426833,0b159a90989548dba96a7176e0721050,15,f
val_pr_auc_mood/theme---relaxing,0.1972821603397138,1780393426833,0b159a90989548dba96a7176e0721050,15,f
val_roc_auc_mood/theme---relaxing,0.7360560473301269,1780393426833,0b159a90989548dba96a7176e0721050,15,f
val_pr_auc_mood/theme---retro,0.011842038785425616,1780393426833,0b159a90989548dba96a7176e0721050,15,f
val_roc_auc_mood/theme---retro,0.5285439134635962,1780393426833,0b159a90989548dba96a7176e0721050,15,f
val_pr_auc_mood/theme---romantic,0.08670585193757324,1780393426833,0b159a90989548dba96a7176e0721050,15,f
val_roc_auc_mood/theme---romantic,0.7222551942435451,1780393426833,0b159a90989548dba96a7176e0721050,15,f
val_pr_auc_mood/theme---sad,0.08436947638523157,1780393426833,0b159a90989548dba96a7176e0721050,15,f
val_roc_auc_mood/theme---sad,0.7200982718668862,1780393426833,0b159a90989548dba96a7176e0721050,15,f
val_pr_auc_mood/theme---sexy,0.023258381371912402,1780393426833,0b159a90989548dba96a7176e0721050,15,f
val_roc_auc_mood/theme---sexy,0.7722192311833747,1780393426833,0b159a90989548dba96a7176e0721050,15,f
val_pr_auc_mood/theme---slow,0.041817142629385635,1780393426833,0b159a90989548dba96a7176e0721050,15,f
val_roc_auc_mood/theme---slow,0.7659652636929597,1780393426833,0b159a90989548dba96a7176e0721050,15,f
val_pr_auc_mood/theme---soft,0.05823443844273553,1780393426833,0b159a90989548dba96a7176e0721050,15,f
val_roc_auc_mood/theme---soft,0.7011601796407185,1780393426833,0b159a90989548dba96a7176e0721050,15,f
val_pr_auc_mood/theme---soundscape,0.027178913490889665,1780393426833,0b159a90989548dba96a7176e0721050,15,f
val_roc_auc_mood/theme---soundscape,0.7353292618162507,1780393426833,0b159a90989548dba96a7176e0721050,15,f
val_pr_auc_mood/theme---space,0.054483192610519586,1780393426833,0b159a90989548dba96a7176e0721050,15,f
val_roc_auc_mood/theme---space,0.7457477742312364,1780393426833,0b159a90989548dba96a7176e0721050,15,f
val_pr_auc_mood/theme---sport,0.059957589103985534,1780393426833,0b159a90989548dba96a7176e0721050,15,f
val_roc_auc_mood/theme---sport,0.8857038984283238,1780393426833,0b159a90989548dba96a7176e0721050,15,f
val_pr_auc_mood/theme---summer,0.1519584504808469,1780393426833,0b159a90989548dba96a7176e0721050,15,f
val_roc_auc_mood/theme---summer,0.7967906520857209,1780393426833,0b159a90989548dba96a7176e0721050,15,f
val_pr_auc_mood/theme---trailer,0.1822020280235941,1780393426833,0b159a90989548dba96a7176e0721050,15,f
val_roc_auc_mood/theme---trailer,0.9096473776995934,1780393426833,0b159a90989548dba96a7176e0721050,15,f
val_pr_auc_mood/theme---travel,0.03407492329296251,1780393426833,0b159a90989548dba96a7176e0721050,15,f
val_roc_auc_mood/theme---travel,0.5939846762046146,1780393426833,0b159a90989548dba96a7176e0721050,15,f
val_pr_auc_mood/theme---upbeat,0.040228008261867246,1780393426833,0b159a90989548dba96a7176e0721050,15,f
val_pr_auc_mood/theme---uplifting,0.06966816698454277,1780393426833,0b159a90989548dba96a7176e0721050,15,f
val_pr_auc_mood/theme---uplifting,0.06466475544577317,1780394386303,0b159a90989548dba96a7176e0721050,16,f
val_roc_auc_mood/theme---uplifting,0.6693249822746224,1780394386303,0b159a90989548dba96a7176e0721050,16,f
val_macro_pr_auc,0.08865053905068744,1780394386303,0b159a90989548dba96a7176e0721050,16,f
train_loss,0.04281460297672881,1780394153791,0b159a90989548dba96a7176e0721050,16,f
val_macro_roc_auc,0.7156642460613236,1780394386303,0b159a90989548dba96a7176e0721050,16,f
avg_train_loss,0.04281460297672881,1780394152186,0b159a90989548dba96a7176e0721050,16,f
val_pr_auc_mood/theme---adventure,0.030348412536396516,1780394386303,0b159a90989548dba96a7176e0721050,16,f
val_roc_auc_mood/theme---action,0.7461726957323435,1780394386303,0b159a90989548dba96a7176e0721050,16,f
val_pr_auc_mood/theme---action,0.14000056870181235,1780394386303,0b159a90989548dba96a7176e0721050,16,f
val_loss_std,0.032417854614931775,1780394386303,0b159a90989548dba96a7176e0721050,16,f
val_loss_avg,0.05670880364983758,1780394386303,0b159a90989548dba96a7176e0721050,16,f
stdev_train_loss,0.004283835691782952,1780394153353,0b159a90989548dba96a7176e0721050,16,f
val_roc_auc_mood/theme---adventure,0.5712426671073287,1780394386303,0b159a90989548dba96a7176e0721050,16,f
val_pr_auc_mood/theme---advertising,0.14651944032641295,1780394386303,0b159a90989548dba96a7176e0721050,16,f
val_roc_auc_mood/theme---advertising,0.754813553328308,1780394386303,0b159a90989548dba96a7176e0721050,16,f
val_pr_auc_mood/theme---background,0.01205960840376238,1780394386303,0b159a90989548dba96a7176e0721050,16,f
val_roc_auc_mood/theme---background,0.5668517904509284,1780394386303,0b159a90989548dba96a7176e0721050,16,f
val_pr_auc_mood/theme---ballad,0.1126144249245613,1780394386303,0b159a90989548dba96a7176e0721050,16,f
val_roc_auc_mood/theme---ballad,0.821300287356322,1780394386303,0b159a90989548dba96a7176e0721050,16,f
val_pr_auc_mood/theme---calm,0.045868335534662935,1780394386303,0b159a90989548dba96a7176e0721050,16,f
val_roc_auc_mood/theme---calm,0.6617974372841868,1780394386303,0b159a90989548dba96a7176e0721050,16,f
val_pr_auc_mood/theme---children,0.08945933709384626,1780394386303,0b159a90989548dba96a7176e0721050,16,f
val_roc_auc_mood/theme---children,0.7280783614015794,1780394386303,0b159a90989548dba96a7176e0721050,16,f
val_pr_auc_mood/theme---christmas,0.10538665674948754,1780394386303,0b159a90989548dba96a7176e0721050,16,f
val_roc_auc_mood/theme---christmas,0.7705421354831227,1780394386303,0b159a90989548dba96a7176e0721050,16,f
val_pr_auc_mood/theme---commercial,0.07595138875178638,1780394386303,0b159a90989548dba96a7176e0721050,16,f
val_roc_auc_mood/theme---commercial,0.7075218190169958,1780394386303,0b159a90989548dba96a7176e0721050,16,f
val_pr_auc_mood/theme---cool,0.027705094864401335,1780394386303,0b159a90989548dba96a7176e0721050,16,f
val_roc_auc_mood/theme---cool,0.7464171974522292,1780394386303,0b159a90989548dba96a7176e0721050,16,f
val_pr_auc_mood/theme---corporate,0.13386636093069632,1780394386303,0b159a90989548dba96a7176e0721050,16,f
val_roc_auc_mood/theme---corporate,0.7929226706417124,1780394386303,0b159a90989548dba96a7176e0721050,16,f
val_pr_auc_mood/theme---dark,0.10283388137723043,1780394386303,0b159a90989548dba96a7176e0721050,16,f
val_roc_auc_mood/theme---dark,0.6549792035650338,1780394386303,0b159a90989548dba96a7176e0721050,16,f
val_pr_auc_mood/theme---deep,0.1680680131714772,1780394386303,0b159a90989548dba96a7176e0721050,16,f
val_roc_auc_mood/theme---deep,0.8132830182819119,1780394386303,0b159a90989548dba96a7176e0721050,16,f
val_pr_auc_mood/theme---documentary,0.046015236084480216,1780394386303,0b159a90989548dba96a7176e0721050,16,f
val_roc_auc_mood/theme---documentary,0.6603066846107439,1780394386303,0b159a90989548dba96a7176e0721050,16,f
val_pr_auc_mood/theme---drama,0.0583446550501619,1780394386303,0b159a90989548dba96a7176e0721050,16,f
val_roc_auc_mood/theme---drama,0.7136284722222223,1780394386303,0b159a90989548dba96a7176e0721050,16,f
val_pr_auc_mood/theme---dramatic,0.01714519002753829,1780394386303,0b159a90989548dba96a7176e0721050,16,f
val_roc_auc_mood/theme---dramatic,0.6391829024603471,1780394386303,0b159a90989548dba96a7176e0721050,16,f
val_pr_auc_mood/theme---dream,0.10134175422979122,1780394386303,0b159a90989548dba96a7176e0721050,16,f
val_roc_auc_mood/theme---dream,0.6417044607042793,1780394386303,0b159a90989548dba96a7176e0721050,16,f
val_pr_auc_mood/theme---emotional,0.15578995484492814,1780394386303,0b159a90989548dba96a7176e0721050,16,f
val_roc_auc_mood/theme---emotional,0.6619051684534482,1780394386303,0b159a90989548dba96a7176e0721050,16,f
val_pr_auc_mood/theme---energetic,0.1861014067597734,1780394386303,0b159a90989548dba96a7176e0721050,16,f
val_roc_auc_mood/theme---energetic,0.766610909152129,1780394386303,0b159a90989548dba96a7176e0721050,16,f
val_pr_auc_mood/theme---epic,0.45260363565938694,1780394386303,0b159a90989548dba96a7176e0721050,16,f
val_roc_auc_mood/theme---epic,0.8911382187481982,1780394386303,0b159a90989548dba96a7176e0721050,16,f
val_pr_auc_mood/theme---fast,0.05050085297155659,1780394386303,0b159a90989548dba96a7176e0721050,16,f
val_roc_auc_mood/theme---fast,0.8483132333767927,1780394386303,0b159a90989548dba96a7176e0721050,16,f
val_pr_auc_mood/theme---film,0.14625142454244458,1780394386303,0b159a90989548dba96a7176e0721050,16,f
val_roc_auc_mood/theme---film,0.714205516231389,1780394386303,0b159a90989548dba96a7176e0721050,16,f
val_pr_auc_mood/theme---fun,0.08542219485901459,1780394386303,0b159a90989548dba96a7176e0721050,16,f
val_roc_auc_mood/theme---fun,0.6143564026893292,1780394386303,0b159a90989548dba96a7176e0721050,16,f
val_pr_auc_mood/theme---funny,0.023062227930008804,1780394386303,0b159a90989548dba96a7176e0721050,16,f
val_roc_auc_mood/theme---funny,0.7535349816491596,1780394386303,0b159a90989548dba96a7176e0721050,16,f
val_pr_auc_mood/theme---game,0.01416508580367243,1780394386303,0b159a90989548dba96a7176e0721050,16,f
val_roc_auc_mood/theme---game,0.614681795958279,1780394386303,0b159a90989548dba96a7176e0721050,16,f
val_pr_auc_mood/theme---groovy,0.08236334594159442,1780394386303,0b159a90989548dba96a7176e0721050,16,f
val_roc_auc_mood/theme---groovy,0.8128262382554229,1780394386303,0b159a90989548dba96a7176e0721050,16,f
val_pr_auc_mood/theme---happy,0.23523245205130938,1780394386303,0b159a90989548dba96a7176e0721050,16,f
val_roc_auc_mood/theme---happy,0.6837082560296847,1780394386303,0b159a90989548dba96a7176e0721050,16,f
val_pr_auc_mood/theme---heavy,0.0956624681339334,1780394386303,0b159a90989548dba96a7176e0721050,16,f
val_roc_auc_mood/theme---heavy,0.9243992056409143,1780394386303,0b159a90989548dba96a7176e0721050,16,f
val_pr_auc_mood/theme---holiday,0.025008052280556914,1780394386303,0b159a90989548dba96a7176e0721050,16,f
val_roc_auc_mood/theme---holiday,0.532803670977284,1780394386303,0b159a90989548dba96a7176e0721050,16,f
val_pr_auc_mood/theme---hopeful,0.026213987341493217,1780394386303,0b159a90989548dba96a7176e0721050,16,f
val_roc_auc_mood/theme---hopeful,0.7017318699474834,1780394386303,0b159a90989548dba96a7176e0721050,16,f
val_pr_auc_mood/theme---inspiring,0.08154039660196793,1780394386303,0b159a90989548dba96a7176e0721050,16,f
val_roc_auc_mood/theme---inspiring,0.6329837376849267,1780394386303,0b159a90989548dba96a7176e0721050,16,f
val_pr_auc_mood/theme---love,0.0907403362375564,1780394386303,0b159a90989548dba96a7176e0721050,16,f
val_roc_auc_mood/theme---love,0.6594812634677039,1780394386303,0b159a90989548dba96a7176e0721050,16,f
val_pr_auc_mood/theme---meditative,0.12461457768281453,1780394386303,0b159a90989548dba96a7176e0721050,16,f
val_roc_auc_mood/theme---meditative,0.7648553994278413,1780394386303,0b159a90989548dba96a7176e0721050,16,f
val_pr_auc_mood/theme---melancholic,0.048082655501546834,1780394386303,0b159a90989548dba96a7176e0721050,16,f
val_roc_auc_mood/theme---melancholic,0.6638536396054684,1780394386303,0b159a90989548dba96a7176e0721050,16,f
val_pr_auc_mood/theme---melodic,0.11693360900541855,1780394386303,0b159a90989548dba96a7176e0721050,16,f
val_roc_auc_mood/theme---melodic,0.5902175495682561,1780394386303,0b159a90989548dba96a7176e0721050,16,f
val_pr_auc_mood/theme---motivational,0.15176396721370655,1780394386303,0b159a90989548dba96a7176e0721050,16,f
val_roc_auc_mood/theme---motivational,0.8324443251945264,1780394386303,0b159a90989548dba96a7176e0721050,16,f
val_pr_auc_mood/theme---movie,0.10210101748299198,1780394386303,0b159a90989548dba96a7176e0721050,16,f
val_roc_auc_mood/theme---movie,0.7662219897950616,1780394386303,0b159a90989548dba96a7176e0721050,16,f
val_pr_auc_mood/theme---nature,0.03425257201243167,1780394386303,0b159a90989548dba96a7176e0721050,16,f
val_roc_auc_mood/theme---nature,0.7274119511743274,1780394386303,0b159a90989548dba96a7176e0721050,16,f
val_pr_auc_mood/theme---party,0.11101027898377157,1780394386303,0b159a90989548dba96a7176e0721050,16,f
val_roc_auc_mood/theme---party,0.8200133200133201,1780394386303,0b159a90989548dba96a7176e0721050,16,f
val_pr_auc_mood/theme---positive,0.03906649538494791,1780394386303,0b159a90989548dba96a7176e0721050,16,f
val_roc_auc_mood/theme---positive,0.6415111690743713,1780394386303,0b159a90989548dba96a7176e0721050,16,f
val_pr_auc_mood/theme---powerful,0.021261394284755927,1780394386303,0b159a90989548dba96a7176e0721050,16,f
val_roc_auc_mood/theme---powerful,0.6550698359633964,1780394386303,0b159a90989548dba96a7176e0721050,16,f
val_pr_auc_mood/theme---relaxing,0.17360210184973202,1780394386303,0b159a90989548dba96a7176e0721050,16,f
val_roc_auc_mood/theme---relaxing,0.744508876440278,1780394386303,0b159a90989548dba96a7176e0721050,16,f
val_pr_auc_mood/theme---retro,0.012184896225050847,1780394386303,0b159a90989548dba96a7176e0721050,16,f
val_roc_auc_mood/theme---retro,0.5457422455107295,1780394386303,0b159a90989548dba96a7176e0721050,16,f
val_pr_auc_mood/theme---romantic,0.057579371599461096,1780394386303,0b159a90989548dba96a7176e0721050,16,f
val_roc_auc_mood/theme---romantic,0.6912369568817976,1780394386303,0b159a90989548dba96a7176e0721050,16,f
val_pr_auc_mood/theme---sad,0.0727355747355474,1780394386303,0b159a90989548dba96a7176e0721050,16,f
val_roc_auc_mood/theme---sad,0.6961035577021507,1780394386303,0b159a90989548dba96a7176e0721050,16,f
val_pr_auc_mood/theme---sexy,0.024767818607969994,1780394386303,0b159a90989548dba96a7176e0721050,16,f
val_roc_auc_mood/theme---sexy,0.7599655432324754,1780394386303,0b159a90989548dba96a7176e0721050,16,f
val_pr_auc_mood/theme---slow,0.03630390894813854,1780394386303,0b159a90989548dba96a7176e0721050,16,f
val_roc_auc_mood/theme---slow,0.7428798623029035,1780394386303,0b159a90989548dba96a7176e0721050,16,f
val_pr_auc_mood/theme---soft,0.06321204522638535,1780394386303,0b159a90989548dba96a7176e0721050,16,f
val_roc_auc_mood/theme---soft,0.693936700462711,1780394386303,0b159a90989548dba96a7176e0721050,16,f
val_pr_auc_mood/theme---soundscape,0.02853119710065177,1780394386303,0b159a90989548dba96a7176e0721050,16,f
val_roc_auc_mood/theme---soundscape,0.7472782793414763,1780394386303,0b159a90989548dba96a7176e0721050,16,f
val_pr_auc_mood/theme---space,0.052671518634277534,1780394386303,0b159a90989548dba96a7176e0721050,16,f
val_roc_auc_mood/theme---space,0.7561728663495073,1780394386303,0b159a90989548dba96a7176e0721050,16,f
val_pr_auc_mood/theme---sport,0.0776090202285882,1780394386303,0b159a90989548dba96a7176e0721050,16,f
val_roc_auc_mood/theme---sport,0.8998056378992113,1780394386303,0b159a90989548dba96a7176e0721050,16,f
val_pr_auc_mood/theme---summer,0.17328479552964343,1780394386303,0b159a90989548dba96a7176e0721050,16,f
val_roc_auc_mood/theme---summer,0.7995149555375909,1780394386303,0b159a90989548dba96a7176e0721050,16,f
val_pr_auc_mood/theme---trailer,0.14696286884450716,1780394386303,0b159a90989548dba96a7176e0721050,16,f
val_roc_auc_mood/theme---trailer,0.9030713360840465,1780394386303,0b159a90989548dba96a7176e0721050,16,f
val_pr_auc_mood/theme---travel,0.02248828337462027,1780394386303,0b159a90989548dba96a7176e0721050,16,f
val_roc_auc_mood/theme---travel,0.5768174575985469,1780394386303,0b159a90989548dba96a7176e0721050,16,f
val_pr_auc_mood/theme---upbeat,0.0445592822180614,1780394386303,0b159a90989548dba96a7176e0721050,16,f
val_roc_auc_mood/theme---upbeat,0.5858135166377674,1780394386303,0b159a90989548dba96a7176e0721050,16,f
val_roc_auc_mood/theme---hopeful,0.7367011860506284,1780395359779,0b159a90989548dba96a7176e0721050,17,f
stdev_train_loss,0.004193246883300724,1780395158490,0b159a90989548dba96a7176e0721050,17,f
train_loss,0.04247419449691264,1780395158919,0b159a90989548dba96a7176e0721050,17,f
avg_train_loss,0.04247419449691264,1780395158013,0b159a90989548dba96a7176e0721050,17,f
val_loss_avg,0.05633474082839319,1780395359779,0b159a90989548dba96a7176e0721050,17,f
val_loss_std,0.03175939355526477,1780395359779,0b159a90989548dba96a7176e0721050,17,f
val_pr_auc_mood/theme---action,0.11605516552666373,1780395359779,0b159a90989548dba96a7176e0721050,17,f
val_roc_auc_mood/theme---action,0.7298833005798577,1780395359779,0b159a90989548dba96a7176e0721050,17,f
val_pr_auc_mood/theme---adventure,0.030854755929333833,1780395359779,0b159a90989548dba96a7176e0721050,17,f
val_roc_auc_mood/theme---adventure,0.5670219504805971,1780395359779,0b159a90989548dba96a7176e0721050,17,f
val_pr_auc_mood/theme---advertising,0.1437708977992422,1780395359779,0b159a90989548dba96a7176e0721050,17,f
val_roc_auc_mood/theme---advertising,0.7645067329257285,1780395359779,0b159a90989548dba96a7176e0721050,17,f
val_pr_auc_mood/theme---background,0.010018822864660076,1780395359779,0b159a90989548dba96a7176e0721050,17,f
val_roc_auc_mood/theme---background,0.5369363395225464,1780395359779,0b159a90989548dba96a7176e0721050,17,f
val_pr_auc_mood/theme---ballad,0.08842699350412965,1780395359779,0b159a90989548dba96a7176e0721050,17,f
val_roc_auc_mood/theme---ballad,0.8004899793692898,1780395359779,0b159a90989548dba96a7176e0721050,17,f
val_pr_auc_mood/theme---calm,0.039264296961135835,1780395359779,0b159a90989548dba96a7176e0721050,17,f
val_roc_auc_mood/theme---calm,0.6049527811290927,1780395359779,0b159a90989548dba96a7176e0721050,17,f
val_pr_auc_mood/theme---children,0.10657026525951244,1780395359779,0b159a90989548dba96a7176e0721050,17,f
val_roc_auc_mood/theme---children,0.7209960823862535,1780395359779,0b159a90989548dba96a7176e0721050,17,f
val_pr_auc_mood/theme---christmas,0.08969216546805416,1780395359779,0b159a90989548dba96a7176e0721050,17,f
val_roc_auc_mood/theme---christmas,0.7545854599234427,1780395359779,0b159a90989548dba96a7176e0721050,17,f
val_pr_auc_mood/theme---commercial,0.0684079658697669,1780395359779,0b159a90989548dba96a7176e0721050,17,f
val_roc_auc_mood/theme---commercial,0.7028249885163069,1780395359779,0b159a90989548dba96a7176e0721050,17,f
val_pr_auc_mood/theme---cool,0.026989815616767533,1780395359779,0b159a90989548dba96a7176e0721050,17,f
val_roc_auc_mood/theme---cool,0.7661421256400649,1780395359779,0b159a90989548dba96a7176e0721050,17,f
val_pr_auc_mood/theme---corporate,0.13522605160590073,1780395359779,0b159a90989548dba96a7176e0721050,17,f
val_roc_auc_mood/theme---corporate,0.7987265131857414,1780395359779,0b159a90989548dba96a7176e0721050,17,f
val_pr_auc_mood/theme---dark,0.1146472427623349,1780395359779,0b159a90989548dba96a7176e0721050,17,f
val_roc_auc_mood/theme---dark,0.6593300286943523,1780395359779,0b159a90989548dba96a7176e0721050,17,f
val_pr_auc_mood/theme---deep,0.1562923371294273,1780395359779,0b159a90989548dba96a7176e0721050,17,f
val_roc_auc_mood/theme---deep,0.8142807781750699,1780395359779,0b159a90989548dba96a7176e0721050,17,f
val_pr_auc_mood/theme---documentary,0.04306360973825546,1780395359779,0b159a90989548dba96a7176e0721050,17,f
val_roc_auc_mood/theme---documentary,0.6234285120779992,1780395359779,0b159a90989548dba96a7176e0721050,17,f
val_pr_auc_mood/theme---drama,0.05164006637805122,1780395359779,0b159a90989548dba96a7176e0721050,17,f
val_roc_auc_mood/theme---drama,0.7050107758620691,1780395359779,0b159a90989548dba96a7176e0721050,17,f
val_pr_auc_mood/theme---dramatic,0.019519851483369502,1780395359779,0b159a90989548dba96a7176e0721050,17,f
val_roc_auc_mood/theme---dramatic,0.6653475084301237,1780395359779,0b159a90989548dba96a7176e0721050,17,f
val_pr_auc_mood/theme---dream,0.11619811339714722,1780395359779,0b159a90989548dba96a7176e0721050,17,f
val_roc_auc_mood/theme---dream,0.6636243306256004,1780395359779,0b159a90989548dba96a7176e0721050,17,f
val_pr_auc_mood/theme---emotional,0.1433684552380841,1780395359779,0b159a90989548dba96a7176e0721050,17,f
val_roc_auc_mood/theme---emotional,0.6514755684567005,1780395359779,0b159a90989548dba96a7176e0721050,17,f
val_pr_auc_mood/theme---energetic,0.18868188717471535,1780395359779,0b159a90989548dba96a7176e0721050,17,f
val_roc_auc_mood/theme---energetic,0.7610215289744667,1780395359779,0b159a90989548dba96a7176e0721050,17,f
val_pr_auc_mood/theme---epic,0.44244509240202945,1780395359779,0b159a90989548dba96a7176e0721050,17,f
val_roc_auc_mood/theme---epic,0.9004587798268661,1780395359779,0b159a90989548dba96a7176e0721050,17,f
val_pr_auc_mood/theme---fast,0.050005055452866945,1780395359779,0b159a90989548dba96a7176e0721050,17,f
val_roc_auc_mood/theme---fast,0.8545978650586702,1780395359779,0b159a90989548dba96a7176e0721050,17,f
val_pr_auc_mood/theme---film,0.13881934047686378,1780395359779,0b159a90989548dba96a7176e0721050,17,f
val_roc_auc_mood/theme---film,0.7079703552488518,1780395359779,0b159a90989548dba96a7176e0721050,17,f
val_pr_auc_mood/theme---fun,0.09231489350566269,1780395359779,0b159a90989548dba96a7176e0721050,17,f
val_roc_auc_mood/theme---fun,0.6328577451350211,1780395359779,0b159a90989548dba96a7176e0721050,17,f
val_pr_auc_mood/theme---funny,0.02352728008129951,1780395359779,0b159a90989548dba96a7176e0721050,17,f
val_roc_auc_mood/theme---funny,0.7682386644730029,1780395359779,0b159a90989548dba96a7176e0721050,17,f
val_pr_auc_mood/theme---game,0.01184749146127426,1780395359779,0b159a90989548dba96a7176e0721050,17,f
val_roc_auc_mood/theme---game,0.616535609517601,1780395359779,0b159a90989548dba96a7176e0721050,17,f
val_pr_auc_mood/theme---groovy,0.10550285238398709,1780395359779,0b159a90989548dba96a7176e0721050,17,f
val_roc_auc_mood/theme---groovy,0.8325890267950354,1780395359779,0b159a90989548dba96a7176e0721050,17,f
val_pr_auc_mood/theme---happy,0.2483790847605284,1780395359779,0b159a90989548dba96a7176e0721050,17,f
val_roc_auc_mood/theme---happy,0.7088496468968821,1780395359779,0b159a90989548dba96a7176e0721050,17,f
val_pr_auc_mood/theme---heavy,0.09250914264567021,1780395359779,0b159a90989548dba96a7176e0721050,17,f
val_roc_auc_mood/theme---heavy,0.924230364134848,1780395359779,0b159a90989548dba96a7176e0721050,17,f
val_pr_auc_mood/theme---holiday,0.02366160220378589,1780395359779,0b159a90989548dba96a7176e0721050,17,f
val_roc_auc_mood/theme---holiday,0.5343736963859076,1780395359779,0b159a90989548dba96a7176e0721050,17,f
val_pr_auc_mood/theme---hopeful,0.020452475600938894,1780395359779,0b159a90989548dba96a7176e0721050,17,f
val_pr_auc_mood/theme---inspiring,0.07550007716091053,1780395359779,0b159a90989548dba96a7176e0721050,17,f
val_roc_auc_mood/theme---inspiring,0.6551087497192002,1780395359779,0b159a90989548dba96a7176e0721050,17,f
val_pr_auc_mood/theme---love,0.09848777966003844,1780395359779,0b159a90989548dba96a7176e0721050,17,f
val_roc_auc_mood/theme---love,0.6799127555578914,1780395359779,0b159a90989548dba96a7176e0721050,17,f
val_pr_auc_mood/theme---meditative,0.14482825946356337,1780395359779,0b159a90989548dba96a7176e0721050,17,f
val_roc_auc_mood/theme---meditative,0.7811245630764874,1780395359779,0b159a90989548dba96a7176e0721050,17,f
val_pr_auc_mood/theme---melancholic,0.052961004158749575,1780395359779,0b159a90989548dba96a7176e0721050,17,f
val_roc_auc_mood/theme---melancholic,0.6665604916756367,1780395359779,0b159a90989548dba96a7176e0721050,17,f
val_pr_auc_mood/theme---melodic,0.12415119739875424,1780395359779,0b159a90989548dba96a7176e0721050,17,f
val_roc_auc_mood/theme---melodic,0.6098216998809856,1780395359779,0b159a90989548dba96a7176e0721050,17,f
val_pr_auc_mood/theme---motivational,0.14234201982578223,1780395359779,0b159a90989548dba96a7176e0721050,17,f
val_roc_auc_mood/theme---motivational,0.8309596637152312,1780395359779,0b159a90989548dba96a7176e0721050,17,f
val_pr_auc_mood/theme---movie,0.09317930537912623,1780395359779,0b159a90989548dba96a7176e0721050,17,f
val_roc_auc_mood/theme---movie,0.7636551623218514,1780395359779,0b159a90989548dba96a7176e0721050,17,f
val_pr_auc_mood/theme---nature,0.0362511275450617,1780395359779,0b159a90989548dba96a7176e0721050,17,f
val_roc_auc_mood/theme---nature,0.7315082027953317,1780395359779,0b159a90989548dba96a7176e0721050,17,f
val_pr_auc_mood/theme---party,0.1093614022066373,1780395359779,0b159a90989548dba96a7176e0721050,17,f
val_roc_auc_mood/theme---party,0.8270959809421348,1780395359779,0b159a90989548dba96a7176e0721050,17,f
val_pr_auc_mood/theme---positive,0.032004446371996585,1780395359779,0b159a90989548dba96a7176e0721050,17,f
val_roc_auc_mood/theme---positive,0.6675235754414126,1780395359779,0b159a90989548dba96a7176e0721050,17,f
val_pr_auc_mood/theme---powerful,0.02271058871232554,1780395359779,0b159a90989548dba96a7176e0721050,17,f
val_roc_auc_mood/theme---powerful,0.6610816783296031,1780395359779,0b159a90989548dba96a7176e0721050,17,f
val_pr_auc_mood/theme---relaxing,0.2074753535806233,1780395359779,0b159a90989548dba96a7176e0721050,17,f
val_roc_auc_mood/theme---relaxing,0.7488388971002539,1780395359779,0b159a90989548dba96a7176e0721050,17,f
val_pr_auc_mood/theme---retro,0.012260009497726567,1780395359779,0b159a90989548dba96a7176e0721050,17,f
val_roc_auc_mood/theme---retro,0.537045803853412,1780395359779,0b159a90989548dba96a7176e0721050,17,f
val_pr_auc_mood/theme---romantic,0.06840448290005427,1780395359779,0b159a90989548dba96a7176e0721050,17,f
val_roc_auc_mood/theme---romantic,0.7127868565855094,1780395359779,0b159a90989548dba96a7176e0721050,17,f
val_pr_auc_mood/theme---sad,0.08221366996485852,1780395359779,0b159a90989548dba96a7176e0721050,17,f
val_roc_auc_mood/theme---sad,0.7182891761355705,1780395359779,0b159a90989548dba96a7176e0721050,17,f
val_pr_auc_mood/theme---sexy,0.021959088914725977,1780395359779,0b159a90989548dba96a7176e0721050,17,f
val_roc_auc_mood/theme---sexy,0.751128818061089,1780395359779,0b159a90989548dba96a7176e0721050,17,f
val_pr_auc_mood/theme---slow,0.034541293220064107,1780395359779,0b159a90989548dba96a7176e0721050,17,f
val_roc_auc_mood/theme---slow,0.7664131818799478,1780395359779,0b159a90989548dba96a7176e0721050,17,f
val_pr_auc_mood/theme---soft,0.053177151940163654,1780395359779,0b159a90989548dba96a7176e0721050,17,f
val_roc_auc_mood/theme---soft,0.6867812670114317,1780395359779,0b159a90989548dba96a7176e0721050,17,f
val_pr_auc_mood/theme---soundscape,0.029721116322847033,1780395359779,0b159a90989548dba96a7176e0721050,17,f
val_roc_auc_mood/theme---soundscape,0.7535478255738479,1780395359779,0b159a90989548dba96a7176e0721050,17,f
val_pr_auc_mood/theme---space,0.05831595537485268,1780395359779,0b159a90989548dba96a7176e0721050,17,f
val_roc_auc_mood/theme---space,0.7641569330051575,1780395359779,0b159a90989548dba96a7176e0721050,17,f
val_pr_auc_mood/theme---sport,0.04793283414629303,1780395359779,0b159a90989548dba96a7176e0721050,17,f
val_roc_auc_mood/theme---sport,0.8799010011745623,1780395359779,0b159a90989548dba96a7176e0721050,17,f
val_pr_auc_mood/theme---summer,0.17805339714721513,1780395359779,0b159a90989548dba96a7176e0721050,17,f
val_roc_auc_mood/theme---summer,0.8257245314642242,1780395359779,0b159a90989548dba96a7176e0721050,17,f
val_pr_auc_mood/theme---trailer,0.17433479178588715,1780395359779,0b159a90989548dba96a7176e0721050,17,f
val_roc_auc_mood/theme---trailer,0.911851974888732,1780395359779,0b159a90989548dba96a7176e0721050,17,f
val_pr_auc_mood/theme---travel,0.024250882903881613,1780395359779,0b159a90989548dba96a7176e0721050,17,f
val_roc_auc_mood/theme---travel,0.5371213233494837,1780395359779,0b159a90989548dba96a7176e0721050,17,f
val_pr_auc_mood/theme---upbeat,0.04300070187235376,1780395359779,0b159a90989548dba96a7176e0721050,17,f
val_roc_auc_mood/theme---upbeat,0.5676110560647345,1780395359779,0b159a90989548dba96a7176e0721050,17,f
val_pr_auc_mood/theme---uplifting,0.06733274157575031,1780395359779,0b159a90989548dba96a7176e0721050,17,f
val_roc_auc_mood/theme---uplifting,0.6633955734675159,1780395359779,0b159a90989548dba96a7176e0721050,17,f
val_macro_pr_auc,0.08880185267342325,1780395359779,0b159a90989548dba96a7176e0721050,17,f
val_macro_roc_auc,0.7179809815633903,1780395359779,0b159a90989548dba96a7176e0721050,17,f
val_pr_auc_mood/theme---dark,0.11893499617733157,1780396358309,0b159a90989548dba96a7176e0721050,18,f
val_roc_auc_mood/theme---happy,0.7172799838410436,1780396358309,0b159a90989548dba96a7176e0721050,18,f
val_pr_auc_mood/theme---happy,0.2576874127194751,1780396358309,0b159a90989548dba96a7176e0721050,18,f
val_roc_auc_mood/theme---groovy,0.8280325658276301,1780396358309,0b159a90989548dba96a7176e0721050,18,f
val_pr_auc_mood/theme---groovy,0.07980701644013828,1780396358309,0b159a90989548dba96a7176e0721050,18,f
val_roc_auc_mood/theme---game,0.6256620762711864,1780396358309,0b159a90989548dba96a7176e0721050,18,f
val_pr_auc_mood/theme---game,0.014560494346221838,1780396358309,0b159a90989548dba96a7176e0721050,18,f
val_roc_auc_mood/theme---funny,0.7554678601424348,1780396358309,0b159a90989548dba96a7176e0721050,18,f
val_pr_auc_mood/theme---funny,0.024015903171317184,1780396358309,0b159a90989548dba96a7176e0721050,18,f
val_roc_auc_mood/theme---fun,0.6501445995221928,1780396358309,0b159a90989548dba96a7176e0721050,18,f
val_pr_auc_mood/theme---fun,0.09046166354312413,1780396358309,0b159a90989548dba96a7176e0721050,18,f
val_roc_auc_mood/theme---film,0.7143534441313304,1780396358309,0b159a90989548dba96a7176e0721050,18,f
val_pr_auc_mood/theme---film,0.151520042040492,1780396358309,0b159a90989548dba96a7176e0721050,18,f
val_roc_auc_mood/theme---fast,0.8527236799217731,1780396358309,0b159a90989548dba96a7176e0721050,18,f
val_pr_auc_mood/theme---fast,0.04722490577944743,1780396358309,0b159a90989548dba96a7176e0721050,18,f
val_roc_auc_mood/theme---epic,0.8999118681481604,1780396358309,0b159a90989548dba96a7176e0721050,18,f
val_pr_auc_mood/theme---epic,0.4599409817964085,1780396358309,0b159a90989548dba96a7176e0721050,18,f
val_roc_auc_mood/theme---energetic,0.7731238357963243,1780396358309,0b159a90989548dba96a7176e0721050,18,f
val_pr_auc_mood/theme---energetic,0.1934648061682382,1780396358309,0b159a90989548dba96a7176e0721050,18,f
val_roc_auc_mood/theme---emotional,0.6555536583283531,1780396358309,0b159a90989548dba96a7176e0721050,18,f
val_pr_auc_mood/theme---emotional,0.14476328385235293,1780396358309,0b159a90989548dba96a7176e0721050,18,f
val_roc_auc_mood/theme---dream,0.6774881914629148,1780396358309,0b159a90989548dba96a7176e0721050,18,f
val_pr_auc_mood/theme---dream,0.11193078920901804,1780396358309,0b159a90989548dba96a7176e0721050,18,f
val_roc_auc_mood/theme---dramatic,0.6665261646059697,1780396358309,0b159a90989548dba96a7176e0721050,18,f
val_pr_auc_mood/theme---dramatic,0.018167253928570045,1780396358309,0b159a90989548dba96a7176e0721050,18,f
val_roc_auc_mood/theme---drama,0.674221743295019,1780396358309,0b159a90989548dba96a7176e0721050,18,f
val_pr_auc_mood/theme---drama,0.04852249872699599,1780396358309,0b159a90989548dba96a7176e0721050,18,f
val_roc_auc_mood/theme---documentary,0.6491645617733698,1780396358309,0b159a90989548dba96a7176e0721050,18,f
val_pr_auc_mood/theme---documentary,0.04950175279257321,1780396358309,0b159a90989548dba96a7176e0721050,18,f
val_roc_auc_mood/theme---deep,0.8073352822651091,1780396358309,0b159a90989548dba96a7176e0721050,18,f
val_pr_auc_mood/theme---deep,0.15451247446481947,1780396358309,0b159a90989548dba96a7176e0721050,18,f
val_roc_auc_mood/theme---dark,0.6623897898050797,1780396358309,0b159a90989548dba96a7176e0721050,18,f
stdev_train_loss,0.00421329515223921,1780396161551,0b159a90989548dba96a7176e0721050,18,f
val_roc_auc_mood/theme---corporate,0.7936863946704945,1780396358309,0b159a90989548dba96a7176e0721050,18,f
val_pr_auc_mood/theme---corporate,0.12124403386890646,1780396358309,0b159a90989548dba96a7176e0721050,18,f
val_roc_auc_mood/theme---cool,0.74167135006869,1780396358309,0b159a90989548dba96a7176e0721050,18,f
val_pr_auc_mood/theme---cool,0.027964731823648708,1780396358309,0b159a90989548dba96a7176e0721050,18,f
val_roc_auc_mood/theme---commercial,0.714844587352626,1780396358309,0b159a90989548dba96a7176e0721050,18,f
val_pr_auc_mood/theme---commercial,0.08050272687209545,1780396358309,0b159a90989548dba96a7176e0721050,18,f
val_roc_auc_mood/theme---christmas,0.7570068727525809,1780396358309,0b159a90989548dba96a7176e0721050,18,f
val_pr_auc_mood/theme---christmas,0.09750064326612827,1780396358309,0b159a90989548dba96a7176e0721050,18,f
val_roc_auc_mood/theme---children,0.7380423795909893,1780396358309,0b159a90989548dba96a7176e0721050,18,f
val_pr_auc_mood/theme---children,0.09667259708541656,1780396358309,0b159a90989548dba96a7176e0721050,18,f
val_roc_auc_mood/theme---calm,0.667088758996547,1780396358309,0b159a90989548dba96a7176e0721050,18,f
val_pr_auc_mood/theme---calm,0.06540343869516928,1780396358309,0b159a90989548dba96a7176e0721050,18,f
val_roc_auc_mood/theme---ballad,0.8145032051282052,1780396358309,0b159a90989548dba96a7176e0721050,18,f
val_pr_auc_mood/theme---ballad,0.08645200231514355,1780396358309,0b159a90989548dba96a7176e0721050,18,f
val_roc_auc_mood/theme---background,0.5934267241379311,1780396358309,0b159a90989548dba96a7176e0721050,18,f
val_pr_auc_mood/theme---background,0.011663826918722035,1780396358309,0b159a90989548dba96a7176e0721050,18,f
val_roc_auc_mood/theme---advertising,0.7774458620657565,1780396358309,0b159a90989548dba96a7176e0721050,18,f
val_pr_auc_mood/theme---advertising,0.14681944001610187,1780396358309,0b159a90989548dba96a7176e0721050,18,f
val_roc_auc_mood/theme---adventure,0.5567283593599383,1780396358309,0b159a90989548dba96a7176e0721050,18,f
val_pr_auc_mood/theme---adventure,0.027174847186575615,1780396358309,0b159a90989548dba96a7176e0721050,18,f
val_roc_auc_mood/theme---action,0.7332168765315283,1780396358309,0b159a90989548dba96a7176e0721050,18,f
val_pr_auc_mood/theme---action,0.09433441555267527,1780396358309,0b159a90989548dba96a7176e0721050,18,f
val_loss_std,0.03375117939092806,1780396358309,0b159a90989548dba96a7176e0721050,18,f
val_loss_avg,0.05630473274966293,1780396358309,0b159a90989548dba96a7176e0721050,18,f
train_loss,0.04227237990306777,1780396161991,0b159a90989548dba96a7176e0721050,18,f
val_pr_auc_mood/theme---heavy,0.08803124173553144,1780396358309,0b159a90989548dba96a7176e0721050,18,f
avg_train_loss,0.04227237990306777,1780396161077,0b159a90989548dba96a7176e0721050,18,f
val_roc_auc_mood/theme---heavy,0.9216012606832453,1780396358309,0b159a90989548dba96a7176e0721050,18,f
val_pr_auc_mood/theme---holiday,0.037152928590393555,1780396358309,0b159a90989548dba96a7176e0721050,18,f
val_roc_auc_mood/theme---holiday,0.5154196215252759,1780396358309,0b159a90989548dba96a7176e0721050,18,f
val_pr_auc_mood/theme---hopeful,0.02045222519264995,1780396358309,0b159a90989548dba96a7176e0721050,18,f
val_roc_auc_mood/theme---hopeful,0.6899746267776007,1780396358309,0b159a90989548dba96a7176e0721050,18,f
val_pr_auc_mood/theme---inspiring,0.06703955861079768,1780396358309,0b159a90989548dba96a7176e0721050,18,f
val_roc_auc_mood/theme---inspiring,0.6305147058823528,1780396358309,0b159a90989548dba96a7176e0721050,18,f
val_pr_auc_mood/theme---love,0.09668541522505023,1780396358309,0b159a90989548dba96a7176e0721050,18,f
val_roc_auc_mood/theme---love,0.6776751458453777,1780396358309,0b159a90989548dba96a7176e0721050,18,f
val_pr_auc_mood/theme---meditative,0.1290344537877327,1780396358309,0b159a90989548dba96a7176e0721050,18,f
val_roc_auc_mood/theme---meditative,0.765684466590811,1780396358309,0b159a90989548dba96a7176e0721050,18,f
val_pr_auc_mood/theme---melancholic,0.06252021231813505,1780396358309,0b159a90989548dba96a7176e0721050,18,f
val_roc_auc_mood/theme---melancholic,0.6857208061488744,1780396358309,0b159a90989548dba96a7176e0721050,18,f
val_pr_auc_mood/theme---melodic,0.11701633474799225,1780396358309,0b159a90989548dba96a7176e0721050,18,f
val_roc_auc_mood/theme---melodic,0.5924593578283659,1780396358309,0b159a90989548dba96a7176e0721050,18,f
val_pr_auc_mood/theme---motivational,0.132660740904902,1780396358309,0b159a90989548dba96a7176e0721050,18,f
val_roc_auc_mood/theme---motivational,0.82517127269475,1780396358309,0b159a90989548dba96a7176e0721050,18,f
val_pr_auc_mood/theme---movie,0.11605530466431105,1780396358309,0b159a90989548dba96a7176e0721050,18,f
val_roc_auc_mood/theme---movie,0.7720681192831115,1780396358309,0b159a90989548dba96a7176e0721050,18,f
val_pr_auc_mood/theme---nature,0.03797973058992195,1780396358309,0b159a90989548dba96a7176e0721050,18,f
val_roc_auc_mood/theme---nature,0.7195446779605196,1780396358309,0b159a90989548dba96a7176e0721050,18,f
val_pr_auc_mood/theme---party,0.11384668550036106,1780396358309,0b159a90989548dba96a7176e0721050,18,f
val_roc_auc_mood/theme---party,0.8334614103844872,1780396358309,0b159a90989548dba96a7176e0721050,18,f
val_pr_auc_mood/theme---positive,0.04790326423962789,1780396358309,0b159a90989548dba96a7176e0721050,18,f
val_roc_auc_mood/theme---positive,0.6884572298020332,1780396358309,0b159a90989548dba96a7176e0721050,18,f
val_pr_auc_mood/theme---powerful,0.02424035354302589,1780396358309,0b159a90989548dba96a7176e0721050,18,f
val_roc_auc_mood/theme---powerful,0.6790322123693232,1780396358309,0b159a90989548dba96a7176e0721050,18,f
val_pr_auc_mood/theme---relaxing,0.19155280362578836,1780396358309,0b159a90989548dba96a7176e0721050,18,f
val_roc_auc_mood/theme---relaxing,0.741060783609208,1780396358309,0b159a90989548dba96a7176e0721050,18,f
val_pr_auc_mood/theme---retro,0.011890952343868319,1780396358309,0b159a90989548dba96a7176e0721050,18,f
val_roc_auc_mood/theme---retro,0.5410730150906934,1780396358309,0b159a90989548dba96a7176e0721050,18,f
val_pr_auc_mood/theme---romantic,0.07818268974573994,1780396358309,0b159a90989548dba96a7176e0721050,18,f
val_roc_auc_mood/theme---romantic,0.7254021053019011,1780396358309,0b159a90989548dba96a7176e0721050,18,f
val_pr_auc_mood/theme---sad,0.07939548268464158,1780396358309,0b159a90989548dba96a7176e0721050,18,f
val_roc_auc_mood/theme---sad,0.7186502507979936,1780396358309,0b159a90989548dba96a7176e0721050,18,f
val_pr_auc_mood/theme---sexy,0.02220815604066609,1780396358309,0b159a90989548dba96a7176e0721050,18,f
val_roc_auc_mood/theme---sexy,0.74010265245325,1780396358309,0b159a90989548dba96a7176e0721050,18,f
val_pr_auc_mood/theme---slow,0.042001935583175797,1780396358309,0b159a90989548dba96a7176e0721050,18,f
val_roc_auc_mood/theme---slow,0.772165659270145,1780396358309,0b159a90989548dba96a7176e0721050,18,f
val_pr_auc_mood/theme---soft,0.05743470081683106,1780396358309,0b159a90989548dba96a7176e0721050,18,f
val_roc_auc_mood/theme---soft,0.6961715772999455,1780396358309,0b159a90989548dba96a7176e0721050,18,f
val_pr_auc_mood/theme---soundscape,0.031316310646284505,1780396358309,0b159a90989548dba96a7176e0721050,18,f
val_roc_auc_mood/theme---soundscape,0.7363913967073819,1780396358309,0b159a90989548dba96a7176e0721050,18,f
val_pr_auc_mood/theme---space,0.06689725677697195,1780396358309,0b159a90989548dba96a7176e0721050,18,f
val_roc_auc_mood/theme---space,0.7556249402064724,1780396358309,0b159a90989548dba96a7176e0721050,18,f
val_pr_auc_mood/theme---sport,0.06572115102733853,1780396358309,0b159a90989548dba96a7176e0721050,18,f
val_roc_auc_mood/theme---sport,0.8849837798534593,1780396358309,0b159a90989548dba96a7176e0721050,18,f
val_pr_auc_mood/theme---summer,0.17278121401097196,1780396358309,0b159a90989548dba96a7176e0721050,18,f
val_roc_auc_mood/theme---summer,0.7916440875212096,1780396358309,0b159a90989548dba96a7176e0721050,18,f
val_pr_auc_mood/theme---trailer,0.17623424761794157,1780396358309,0b159a90989548dba96a7176e0721050,18,f
val_roc_auc_mood/theme---trailer,0.9091000033974956,1780396358309,0b159a90989548dba96a7176e0721050,18,f
val_pr_auc_mood/theme---travel,0.01956692580464366,1780396358309,0b159a90989548dba96a7176e0721050,18,f
val_roc_auc_mood/theme---travel,0.5927557273908763,1780396358309,0b159a90989548dba96a7176e0721050,18,f
val_pr_auc_mood/theme---upbeat,0.045594084148337,1780396358309,0b159a90989548dba96a7176e0721050,18,f
val_roc_auc_mood/theme---upbeat,0.5983558335397572,1780396358309,0b159a90989548dba96a7176e0721050,18,f
val_pr_auc_mood/theme---uplifting,0.06698702714177948,1780396358309,0b159a90989548dba96a7176e0721050,18,f
val_roc_auc_mood/theme---uplifting,0.6813428863788576,1780396358309,0b159a90989548dba96a7176e0721050,18,f
val_macro_pr_auc,0.08998450654325928,1780396358309,0b159a90989548dba96a7176e0721050,18,f
val_macro_roc_auc,0.7210473265783561,1780396358309,0b159a90989548dba96a7176e0721050,18,f
val_macro_pr_auc,0.09068783320408473,1780397332612,0b159a90989548dba96a7176e0721050,19,f
val_roc_auc_mood/theme---happy,0.699124349153151,1780397332612,0b159a90989548dba96a7176e0721050,19,f
val_pr_auc_mood/theme---heavy,0.0875336034421468,1780397332612,0b159a90989548dba96a7176e0721050,19,f
val_roc_auc_mood/theme---heavy,0.918047548984137,1780397332612,0b159a90989548dba96a7176e0721050,19,f
val_pr_auc_mood/theme---holiday,0.031365425103112056,1780397332612,0b159a90989548dba96a7176e0721050,19,f
val_roc_auc_mood/theme---holiday,0.546691190412985,1780397332612,0b159a90989548dba96a7176e0721050,19,f
val_pr_auc_mood/theme---hopeful,0.02081015931336432,1780397332612,0b159a90989548dba96a7176e0721050,19,f
val_roc_auc_mood/theme---hopeful,0.7014147046674928,1780397332612,0b159a90989548dba96a7176e0721050,19,f
val_pr_auc_mood/theme---upbeat,0.046280271077173696,1780397332612,0b159a90989548dba96a7176e0721050,19,f
val_roc_auc_mood/theme---travel,0.6027287013926275,1780397332612,0b159a90989548dba96a7176e0721050,19,f
val_pr_auc_mood/theme---travel,0.025802902682768143,1780397332612,0b159a90989548dba96a7176e0721050,19,f
val_roc_auc_mood/theme---trailer,0.902739136507601,1780397332612,0b159a90989548dba96a7176e0721050,19,f
val_pr_auc_mood/theme---trailer,0.15527394007420198,1780397332612,0b159a90989548dba96a7176e0721050,19,f
val_roc_auc_mood/theme---summer,0.7858194082931351,1780397332612,0b159a90989548dba96a7176e0721050,19,f
val_pr_auc_mood/theme---summer,0.1710805015771589,1780397332612,0b159a90989548dba96a7176e0721050,19,f
val_roc_auc_mood/theme---sport,0.8868504949941272,1780397332612,0b159a90989548dba96a7176e0721050,19,f
val_pr_auc_mood/theme---sport,0.06061252586384187,1780397332612,0b159a90989548dba96a7176e0721050,19,f
val_roc_auc_mood/theme---space,0.7499456422477148,1780397332612,0b159a90989548dba96a7176e0721050,19,f
val_pr_auc_mood/theme---space,0.055285261405305076,1780397332612,0b159a90989548dba96a7176e0721050,19,f
val_roc_auc_mood/theme---soundscape,0.7307930607187113,1780397332612,0b159a90989548dba96a7176e0721050,19,f
val_pr_auc_mood/theme---soundscape,0.03141574918446778,1780397332612,0b159a90989548dba96a7176e0721050,19,f
val_roc_auc_mood/theme---soft,0.6981810526673925,1780397332612,0b159a90989548dba96a7176e0721050,19,f
val_pr_auc_mood/theme---soft,0.059256260863825974,1780397332612,0b159a90989548dba96a7176e0721050,19,f
val_roc_auc_mood/theme---slow,0.7682199529937542,1780397332612,0b159a90989548dba96a7176e0721050,19,f
val_pr_auc_mood/theme---slow,0.03546329052713428,1780397332612,0b159a90989548dba96a7176e0721050,19,f
val_roc_auc_mood/theme---sexy,0.7510498546355121,1780397332612,0b159a90989548dba96a7176e0721050,19,f
val_pr_auc_mood/theme---sexy,0.02237870569576015,1780397332612,0b159a90989548dba96a7176e0721050,19,f
val_roc_auc_mood/theme---uplifting,0.641319867938573,1780397332612,0b159a90989548dba96a7176e0721050,19,f
val_pr_auc_mood/theme---uplifting,0.06728885702464982,1780397332612,0b159a90989548dba96a7176e0721050,19,f
val_roc_auc_mood/theme---upbeat,0.5686473041037073,1780397332612,0b159a90989548dba96a7176e0721050,19,f
stdev_train_loss,0.004273031432333604,1780397160093,0b159a90989548dba96a7176e0721050,19,f
val_loss_avg,0.057420864251894896,1780397332612,0b159a90989548dba96a7176e0721050,19,f
val_loss_std,0.03486240615603757,1780397332612,0b159a90989548dba96a7176e0721050,19,f
val_pr_auc_mood/theme---action,0.10763549998939204,1780397332612,0b159a90989548dba96a7176e0721050,19,f
val_roc_auc_mood/theme---action,0.7219302714899193,1780397332612,0b159a90989548dba96a7176e0721050,19,f
val_pr_auc_mood/theme---adventure,0.026622646734693695,1780397332612,0b159a90989548dba96a7176e0721050,19,f
val_roc_auc_mood/theme---adventure,0.570839874411303,1780397332612,0b159a90989548dba96a7176e0721050,19,f
val_pr_auc_mood/theme---advertising,0.15180248988805184,1780397332612,0b159a90989548dba96a7176e0721050,19,f
val_roc_auc_mood/theme---advertising,0.766952362340285,1780397332612,0b159a90989548dba96a7176e0721050,19,f
val_pr_auc_mood/theme---background,0.011090092251245425,1780397332612,0b159a90989548dba96a7176e0721050,19,f
val_roc_auc_mood/theme---background,0.5797165119363396,1780397332612,0b159a90989548dba96a7176e0721050,19,f
val_pr_auc_mood/theme---ballad,0.0923247398438717,1780397332612,0b159a90989548dba96a7176e0721050,19,f
val_roc_auc_mood/theme---ballad,0.8230041629826114,1780397332612,0b159a90989548dba96a7176e0721050,19,f
val_pr_auc_mood/theme---calm,0.0564099472844911,1780397332612,0b159a90989548dba96a7176e0721050,19,f
val_roc_auc_mood/theme---calm,0.6892187044972334,1780397332612,0b159a90989548dba96a7176e0721050,19,f
val_pr_auc_mood/theme---children,0.10170309915429968,1780397332612,0b159a90989548dba96a7176e0721050,19,f
val_roc_auc_mood/theme---children,0.7136559755588361,1780397332612,0b159a90989548dba96a7176e0721050,19,f
val_pr_auc_mood/theme---christmas,0.11593954547983745,1780397332612,0b159a90989548dba96a7176e0721050,19,f
val_roc_auc_mood/theme---christmas,0.7527005277809998,1780397332612,0b159a90989548dba96a7176e0721050,19,f
val_pr_auc_mood/theme---commercial,0.06594864612548619,1780397332612,0b159a90989548dba96a7176e0721050,19,f
val_roc_auc_mood/theme---commercial,0.7378540805389681,1780397332612,0b159a90989548dba96a7176e0721050,19,f
val_pr_auc_mood/theme---cool,0.03875128460964948,1780397332612,0b159a90989548dba96a7176e0721050,19,f
val_roc_auc_mood/theme---cool,0.743482265517672,1780397332612,0b159a90989548dba96a7176e0721050,19,f
val_pr_auc_mood/theme---corporate,0.13555674339771567,1780397332612,0b159a90989548dba96a7176e0721050,19,f
val_roc_auc_mood/theme---corporate,0.7853613426820516,1780397332612,0b159a90989548dba96a7176e0721050,19,f
val_pr_auc_mood/theme---dark,0.12925994195897444,1780397332612,0b159a90989548dba96a7176e0721050,19,f
val_roc_auc_mood/theme---dark,0.6928467779769936,1780397332612,0b159a90989548dba96a7176e0721050,19,f
val_pr_auc_mood/theme---deep,0.16053217187842783,1780397332612,0b159a90989548dba96a7176e0721050,19,f
val_pr_auc_mood/theme---happy,0.23965932396028206,1780397332612,0b159a90989548dba96a7176e0721050,19,f
val_roc_auc_mood/theme---deep,0.8213233324403963,1780397332612,0b159a90989548dba96a7176e0721050,19,f
val_pr_auc_mood/theme---documentary,0.05108663489153398,1780397332612,0b159a90989548dba96a7176e0721050,19,f
val_roc_auc_mood/theme---documentary,0.6603287832280333,1780397332612,0b159a90989548dba96a7176e0721050,19,f
val_pr_auc_mood/theme---drama,0.053632358739285145,1780397332612,0b159a90989548dba96a7176e0721050,19,f
val_roc_auc_mood/theme---drama,0.701867816091954,1780397332612,0b159a90989548dba96a7176e0721050,19,f
val_pr_auc_mood/theme---dramatic,0.04495508285511043,1780397332612,0b159a90989548dba96a7176e0721050,19,f
val_roc_auc_mood/theme---dramatic,0.6542946796553016,1780397332612,0b159a90989548dba96a7176e0721050,19,f
val_pr_auc_mood/theme---dream,0.11992559214604054,1780397332612,0b159a90989548dba96a7176e0721050,19,f
val_roc_auc_mood/theme---dream,0.6749900895634706,1780397332612,0b159a90989548dba96a7176e0721050,19,f
val_pr_auc_mood/theme---emotional,0.14671020388085582,1780397332612,0b159a90989548dba96a7176e0721050,19,f
val_roc_auc_mood/theme---emotional,0.6602830391953589,1780397332612,0b159a90989548dba96a7176e0721050,19,f
val_pr_auc_mood/theme---energetic,0.1967851912485057,1780397332612,0b159a90989548dba96a7176e0721050,19,f
val_roc_auc_mood/theme---energetic,0.7666000863419744,1780397332612,0b159a90989548dba96a7176e0721050,19,f
val_pr_auc_mood/theme---film,0.1424838977595925,1780397332612,0b159a90989548dba96a7176e0721050,19,f
val_roc_auc_mood/theme---film,0.7029008661178541,1780397332612,0b159a90989548dba96a7176e0721050,19,f
val_pr_auc_mood/theme---fun,0.07744264274107104,1780397332612,0b159a90989548dba96a7176e0721050,19,f
val_roc_auc_mood/theme---fun,0.6303163438140251,1780397332612,0b159a90989548dba96a7176e0721050,19,f
val_pr_auc_mood/theme---funny,0.025699159106835495,1780397332612,0b159a90989548dba96a7176e0721050,19,f
val_roc_auc_mood/theme---funny,0.7850132885396413,1780397332612,0b159a90989548dba96a7176e0721050,19,f
val_pr_auc_mood/theme---game,0.01058970063215615,1780397332612,0b159a90989548dba96a7176e0721050,19,f
val_roc_auc_mood/theme---game,0.600655964797914,1780397332612,0b159a90989548dba96a7176e0721050,19,f
val_pr_auc_mood/theme---groovy,0.08677072976644987,1780397332612,0b159a90989548dba96a7176e0721050,19,f
val_roc_auc_mood/theme---groovy,0.8271915961025402,1780397332612,0b159a90989548dba96a7176e0721050,19,f
val_roc_auc_mood/theme---inspiring,0.6358298433939861,1780397332612,0b159a90989548dba96a7176e0721050,19,f
val_pr_auc_mood/theme---inspiring,0.07205942331218432,1780397332612,0b159a90989548dba96a7176e0721050,19,f
train_loss,0.041818625789727844,1780397160546,0b159a90989548dba96a7176e0721050,19,f
val_pr_auc_mood/theme---epic,0.4366667351765785,1780397332612,0b159a90989548dba96a7176e0721050,19,f
val_roc_auc_mood/theme---sad,0.714888746196153,1780397332612,0b159a90989548dba96a7176e0721050,19,f
val_pr_auc_mood/theme---sad,0.07725820272643703,1780397332612,0b159a90989548dba96a7176e0721050,19,f
val_roc_auc_mood/theme---romantic,0.7234513885054934,1780397332612,0b159a90989548dba96a7176e0721050,19,f
val_pr_auc_mood/theme---romantic,0.0638064872095584,1780397332612,0b159a90989548dba96a7176e0721050,19,f
val_roc_auc_mood/theme---retro,0.5565592959838134,1780397332612,0b159a90989548dba96a7176e0721050,19,f
val_pr_auc_mood/theme---retro,0.012507832455366137,1780397332612,0b159a90989548dba96a7176e0721050,19,f
val_roc_auc_mood/theme---relaxing,0.7556585265272459,1780397332612,0b159a90989548dba96a7176e0721050,19,f
val_pr_auc_mood/theme---relaxing,0.2514565497998965,1780397332612,0b159a90989548dba96a7176e0721050,19,f
val_roc_auc_mood/theme---powerful,0.663784457602629,1780397332612,0b159a90989548dba96a7176e0721050,19,f
val_pr_auc_mood/theme---powerful,0.023349712339240554,1780397332612,0b159a90989548dba96a7176e0721050,19,f
val_roc_auc_mood/theme---positive,0.6590088282504013,1780397332612,0b159a90989548dba96a7176e0721050,19,f
val_pr_auc_mood/theme---positive,0.03309347415397491,1780397332612,0b159a90989548dba96a7176e0721050,19,f
val_roc_auc_mood/theme---party,0.8224980148057071,1780397332612,0b159a90989548dba96a7176e0721050,19,f
val_pr_auc_mood/theme---party,0.11780280000176978,1780397332612,0b159a90989548dba96a7176e0721050,19,f
val_roc_auc_mood/theme---nature,0.7298902863259299,1780397332612,0b159a90989548dba96a7176e0721050,19,f
val_pr_auc_mood/theme---nature,0.04051488234506742,1780397332612,0b159a90989548dba96a7176e0721050,19,f
val_roc_auc_mood/theme---movie,0.7622446066636761,1780397332612,0b159a90989548dba96a7176e0721050,19,f
val_pr_auc_mood/theme---movie,0.09747899864495661,1780397332612,0b159a90989548dba96a7176e0721050,19,f
val_roc_auc_mood/theme---motivational,0.8132438958948215,1780397332612,0b159a90989548dba96a7176e0721050,19,f
val_pr_auc_mood/theme---motivational,0.13063551937980866,1780397332612,0b159a90989548dba96a7176e0721050,19,f
val_roc_auc_mood/theme---melodic,0.593239598895951,1780397332612,0b159a90989548dba96a7176e0721050,19,f
val_pr_auc_mood/theme---melodic,0.11919060568304568,1780397332612,0b159a90989548dba96a7176e0721050,19,f
val_roc_auc_mood/theme---melancholic,0.6638194683439874,1780397332612,0b159a90989548dba96a7176e0721050,19,f
val_pr_auc_mood/theme---melancholic,0.0540531919232825,1780397332612,0b159a90989548dba96a7176e0721050,19,f
val_roc_auc_mood/theme---meditative,0.7749918543298289,1780397332612,0b159a90989548dba96a7176e0721050,19,f
val_pr_auc_mood/theme---meditative,0.13919537721005143,1780397332612,0b159a90989548dba96a7176e0721050,19,f
val_roc_auc_mood/theme---love,0.6581765386030377,1780397332612,0b159a90989548dba96a7176e0721050,19,f
val_pr_auc_mood/theme---love,0.09243054682061762,1780397332612,0b159a90989548dba96a7176e0721050,19,f
val_roc_auc_mood/theme---epic,0.8912765939922082,1780397332612,0b159a90989548dba96a7176e0721050,19,f
val_pr_auc_mood/theme---fast,0.05785350008814302,1780397332612,0b159a90989548dba96a7176e0721050,19,f
avg_train_loss,0.041818625789727844,1780397159575,0b159a90989548dba96a7176e0721050,19,f
val_roc_auc_mood/theme---fast,0.8634391297262061,1780397332612,0b159a90989548dba96a7176e0721050,19,f
val_macro_roc_auc,0.7195875372741674,1780397332612,0b159a90989548dba96a7176e0721050,19,f
val_pr_auc_mood/theme---corporate,0.13921653632239145,1780398295279,0b159a90989548dba96a7176e0721050,20,f
avg_train_loss,0.04171535033989736,1780398103259,0b159a90989548dba96a7176e0721050,20,f
train_loss,0.04171535033989736,1780398104188,0b159a90989548dba96a7176e0721050,20,f
val_loss_avg,0.05873303468708089,1780398295279,0b159a90989548dba96a7176e0721050,20,f
val_loss_std,0.038105243388432374,1780398295279,0b159a90989548dba96a7176e0721050,20,f
val_pr_auc_mood/theme---action,0.13621700463453298,1780398295279,0b159a90989548dba96a7176e0721050,20,f
val_roc_auc_mood/theme---action,0.7334983138025571,1780398295279,0b159a90989548dba96a7176e0721050,20,f
val_pr_auc_mood/theme---adventure,0.029787252028208575,1780398295279,0b159a90989548dba96a7176e0721050,20,f
stdev_train_loss,0.004355998197197937,1780398103750,0b159a90989548dba96a7176e0721050,20,f
val_roc_auc_mood/theme---adventure,0.5793914731884657,1780398295279,0b159a90989548dba96a7176e0721050,20,f
val_pr_auc_mood/theme---advertising,0.14168811288372074,1780398295279,0b159a90989548dba96a7176e0721050,20,f
val_roc_auc_mood/theme---advertising,0.7610541891175076,1780398295279,0b159a90989548dba96a7176e0721050,20,f
val_pr_auc_mood/theme---background,0.010283850262963454,1780398295279,0b159a90989548dba96a7176e0721050,20,f
val_roc_auc_mood/theme---background,0.5434681697612732,1780398295279,0b159a90989548dba96a7176e0721050,20,f
val_pr_auc_mood/theme---ballad,0.07433144204980517,1780398295279,0b159a90989548dba96a7176e0721050,20,f
val_roc_auc_mood/theme---ballad,0.8039529914529915,1780398295279,0b159a90989548dba96a7176e0721050,20,f
val_pr_auc_mood/theme---calm,0.063163627315151,1780398295279,0b159a90989548dba96a7176e0721050,20,f
val_roc_auc_mood/theme---calm,0.65527884095353,1780398295279,0b159a90989548dba96a7176e0721050,20,f
val_pr_auc_mood/theme---children,0.10080618511203907,1780398295279,0b159a90989548dba96a7176e0721050,20,f
val_roc_auc_mood/theme---children,0.7218676772908459,1780398295279,0b159a90989548dba96a7176e0721050,20,f
val_pr_auc_mood/theme---christmas,0.08940896301073484,1780398295279,0b159a90989548dba96a7176e0721050,20,f
val_roc_auc_mood/theme---christmas,0.7683962127363415,1780398295279,0b159a90989548dba96a7176e0721050,20,f
val_pr_auc_mood/theme---commercial,0.06294108066699286,1780398295279,0b159a90989548dba96a7176e0721050,20,f
val_roc_auc_mood/theme---commercial,0.712145919461032,1780398295279,0b159a90989548dba96a7176e0721050,20,f
val_pr_auc_mood/theme---cool,0.025714960822152147,1780398295279,0b159a90989548dba96a7176e0721050,20,f
val_roc_auc_mood/theme---cool,0.7442159985013114,1780398295279,0b159a90989548dba96a7176e0721050,20,f
val_roc_auc_mood/theme---corporate,0.7915401461197298,1780398295279,0b159a90989548dba96a7176e0721050,20,f
val_pr_auc_mood/theme---dark,0.10291344436897312,1780398295279,0b159a90989548dba96a7176e0721050,20,f
val_roc_auc_mood/theme---dark,0.6364400091647361,1780398295279,0b159a90989548dba96a7176e0721050,20,f
val_pr_auc_mood/theme---deep,0.14691359985756813,1780398295279,0b159a90989548dba96a7176e0721050,20,f
val_roc_auc_mood/theme---deep,0.8179845250158206,1780398295279,0b159a90989548dba96a7176e0721050,20,f
val_pr_auc_mood/theme---documentary,0.048438056822524944,1780398295279,0b159a90989548dba96a7176e0721050,20,f
val_roc_auc_mood/theme---documentary,0.6454298954514416,1780398295279,0b159a90989548dba96a7176e0721050,20,f
val_pr_auc_mood/theme---drama,0.0543435041805131,1780398295279,0b159a90989548dba96a7176e0721050,20,f
val_roc_auc_mood/theme---drama,0.6943576388888888,1780398295279,0b159a90989548dba96a7176e0721050,20,f
val_pr_auc_mood/theme---dramatic,0.019032541831056324,1780398295279,0b159a90989548dba96a7176e0721050,20,f
val_roc_auc_mood/theme---dramatic,0.6656363182215561,1780398295279,0b159a90989548dba96a7176e0721050,20,f
val_pr_auc_mood/theme---dream,0.11434049861416369,1780398295279,0b159a90989548dba96a7176e0721050,20,f
val_roc_auc_mood/theme---dream,0.6927697486444538,1780398295279,0b159a90989548dba96a7176e0721050,20,f
val_pr_auc_mood/theme---emotional,0.15778072632324802,1780398295279,0b159a90989548dba96a7176e0721050,20,f
val_roc_auc_mood/theme---emotional,0.665780390530668,1780398295279,0b159a90989548dba96a7176e0721050,20,f
val_pr_auc_mood/theme---energetic,0.18046014214978187,1780398295279,0b159a90989548dba96a7176e0721050,20,f
val_roc_auc_mood/theme---energetic,0.7585851941552014,1780398295279,0b159a90989548dba96a7176e0721050,20,f
val_pr_auc_mood/theme---epic,0.4389382409742835,1780398295279,0b159a90989548dba96a7176e0721050,20,f
val_roc_auc_mood/theme---epic,0.8951066230674826,1780398295279,0b159a90989548dba96a7176e0721050,20,f
val_pr_auc_mood/theme---fast,0.04141445140662832,1780398295279,0b159a90989548dba96a7176e0721050,20,f
val_roc_auc_mood/theme---fast,0.8539052314211213,1780398295279,0b159a90989548dba96a7176e0721050,20,f
val_pr_auc_mood/theme---film,0.14095656577193044,1780398295279,0b159a90989548dba96a7176e0721050,20,f
val_roc_auc_mood/theme---film,0.7043594352112781,1780398295279,0b159a90989548dba96a7176e0721050,20,f
val_pr_auc_mood/theme---fun,0.08756381257988491,1780398295279,0b159a90989548dba96a7176e0721050,20,f
val_roc_auc_mood/theme---fun,0.6448058816133018,1780398295279,0b159a90989548dba96a7176e0721050,20,f
val_pr_auc_mood/theme---funny,0.018226809729302844,1780398295279,0b159a90989548dba96a7176e0721050,20,f
val_roc_auc_mood/theme---funny,0.7596902792319109,1780398295279,0b159a90989548dba96a7176e0721050,20,f
val_pr_auc_mood/theme---game,0.012691835875137905,1780398295279,0b159a90989548dba96a7176e0721050,20,f
val_roc_auc_mood/theme---game,0.6039561603650587,1780398295279,0b159a90989548dba96a7176e0721050,20,f
val_pr_auc_mood/theme---groovy,0.09524539754532982,1780398295279,0b159a90989548dba96a7176e0721050,20,f
val_roc_auc_mood/theme---groovy,0.8299718710126436,1780398295279,0b159a90989548dba96a7176e0721050,20,f
val_pr_auc_mood/theme---happy,0.25806767922567186,1780398295279,0b159a90989548dba96a7176e0721050,20,f
val_roc_auc_mood/theme---happy,0.7193671823568136,1780398295279,0b159a90989548dba96a7176e0721050,20,f
val_pr_auc_mood/theme---heavy,0.10624397855538094,1780398295279,0b159a90989548dba96a7176e0721050,20,f
val_roc_auc_mood/theme---heavy,0.921360058531722,1780398295279,0b159a90989548dba96a7176e0721050,20,f
val_pr_auc_mood/theme---holiday,0.028919738110040595,1780398295279,0b159a90989548dba96a7176e0721050,20,f
val_roc_auc_mood/theme---holiday,0.5233304258788729,1780398295279,0b159a90989548dba96a7176e0721050,20,f
val_pr_auc_mood/theme---hopeful,0.026323350833725175,1780398295279,0b159a90989548dba96a7176e0721050,20,f
val_roc_auc_mood/theme---hopeful,0.7383681477547648,1780398295279,0b159a90989548dba96a7176e0721050,20,f
val_pr_auc_mood/theme---inspiring,0.07510066348224884,1780398295279,0b159a90989548dba96a7176e0721050,20,f
val_roc_auc_mood/theme---inspiring,0.6581774894900677,1780398295279,0b159a90989548dba96a7176e0721050,20,f
val_pr_auc_mood/theme---love,0.10564706465293491,1780398295279,0b159a90989548dba96a7176e0721050,20,f
val_roc_auc_mood/theme---love,0.6988095863772532,1780398295279,0b159a90989548dba96a7176e0721050,20,f
val_pr_auc_mood/theme---meditative,0.13836069925280803,1780398295279,0b159a90989548dba96a7176e0721050,20,f
val_roc_auc_mood/theme---meditative,0.7703159837666602,1780398295279,0b159a90989548dba96a7176e0721050,20,f
val_pr_auc_mood/theme---melancholic,0.05337429580913693,1780398295279,0b159a90989548dba96a7176e0721050,20,f
val_roc_auc_mood/theme---melancholic,0.6833507850847325,1780398295279,0b159a90989548dba96a7176e0721050,20,f
val_pr_auc_mood/theme---melodic,0.12514822601991293,1780398295279,0b159a90989548dba96a7176e0721050,20,f
val_roc_auc_mood/theme---melodic,0.6092242536274087,1780398295279,0b159a90989548dba96a7176e0721050,20,f
val_pr_auc_mood/theme---motivational,0.13913885939228263,1780398295279,0b159a90989548dba96a7176e0721050,20,f
val_roc_auc_mood/theme---motivational,0.8220481173419193,1780398295279,0b159a90989548dba96a7176e0721050,20,f
val_pr_auc_mood/theme---movie,0.09137769508737412,1780398295279,0b159a90989548dba96a7176e0721050,20,f
val_roc_auc_mood/theme---movie,0.7616005008911929,1780398295279,0b159a90989548dba96a7176e0721050,20,f
val_pr_auc_mood/theme---nature,0.03439711113374747,1780398295279,0b159a90989548dba96a7176e0721050,20,f
val_roc_auc_mood/theme---nature,0.7144356847327145,1780398295279,0b159a90989548dba96a7176e0721050,20,f
val_pr_auc_mood/theme---party,0.11202591743240525,1780398295279,0b159a90989548dba96a7176e0721050,20,f
val_roc_auc_mood/theme---party,0.8230423422731113,1780398295279,0b159a90989548dba96a7176e0721050,20,f
val_pr_auc_mood/theme---positive,0.036273212170384136,1780398295279,0b159a90989548dba96a7176e0721050,20,f
val_roc_auc_mood/theme---positive,0.6757331795077581,1780398295279,0b159a90989548dba96a7176e0721050,20,f
val_pr_auc_mood/theme---powerful,0.02248168537677521,1780398295279,0b159a90989548dba96a7176e0721050,20,f
val_roc_auc_mood/theme---powerful,0.6789585517182763,1780398295279,0b159a90989548dba96a7176e0721050,20,f
val_pr_auc_mood/theme---relaxing,0.21547372474453103,1780398295279,0b159a90989548dba96a7176e0721050,20,f
val_roc_auc_mood/theme---relaxing,0.7471179129341249,1780398295279,0b159a90989548dba96a7176e0721050,20,f
val_pr_auc_mood/theme---retro,0.012293727681904652,1780398295279,0b159a90989548dba96a7176e0721050,20,f
val_roc_auc_mood/theme---retro,0.5426099701039552,1780398295279,0b159a90989548dba96a7176e0721050,20,f
val_pr_auc_mood/theme---romantic,0.06820847602155704,1780398295279,0b159a90989548dba96a7176e0721050,20,f
val_roc_auc_mood/theme---romantic,0.7189587589024458,1780398295279,0b159a90989548dba96a7176e0721050,20,f
val_pr_auc_mood/theme---sad,0.08096914124348954,1780398295279,0b159a90989548dba96a7176e0721050,20,f
val_roc_auc_mood/theme---sad,0.7166233935434639,1780398295279,0b159a90989548dba96a7176e0721050,20,f
val_pr_auc_mood/theme---sexy,0.01897744201060087,1780398295279,0b159a90989548dba96a7176e0721050,20,f
val_roc_auc_mood/theme---sexy,0.7350992426689638,1780398295279,0b159a90989548dba96a7176e0721050,20,f
val_pr_auc_mood/theme---slow,0.0348974541310398,1780398295279,0b159a90989548dba96a7176e0721050,20,f
val_roc_auc_mood/theme---slow,0.7630059839856667,1780398295279,0b159a90989548dba96a7176e0721050,20,f
val_pr_auc_mood/theme---soft,0.05547675778352264,1780398295279,0b159a90989548dba96a7176e0721050,20,f
val_roc_auc_mood/theme---soft,0.6951147421066957,1780398295279,0b159a90989548dba96a7176e0721050,20,f
val_pr_auc_mood/theme---soundscape,0.02820453518131742,1780398295279,0b159a90989548dba96a7176e0721050,20,f
val_roc_auc_mood/theme---soundscape,0.7289195727857437,1780398295279,0b159a90989548dba96a7176e0721050,20,f
val_pr_auc_mood/theme---space,0.05544238983423169,1780398295279,0b159a90989548dba96a7176e0721050,20,f
val_roc_auc_mood/theme---space,0.7494354041462643,1780398295279,0b159a90989548dba96a7176e0721050,20,f
val_pr_auc_mood/theme---sport,0.04952349464151596,1780398295279,0b159a90989548dba96a7176e0721050,20,f
val_roc_auc_mood/theme---sport,0.877481962078416,1780398295279,0b159a90989548dba96a7176e0721050,20,f
val_pr_auc_mood/theme---summer,0.16489014571950422,1780398295279,0b159a90989548dba96a7176e0721050,20,f
val_roc_auc_mood/theme---summer,0.8023310561709915,1780398295279,0b159a90989548dba96a7176e0721050,20,f
val_pr_auc_mood/theme---trailer,0.16429322192961063,1780398295279,0b159a90989548dba96a7176e0721050,20,f
val_roc_auc_mood/theme---trailer,0.9138904722896477,1780398295279,0b159a90989548dba96a7176e0721050,20,f
val_pr_auc_mood/theme---travel,0.023079793155006707,1780398295279,0b159a90989548dba96a7176e0721050,20,f
val_roc_auc_mood/theme---travel,0.5738348097032577,1780398295279,0b159a90989548dba96a7176e0721050,20,f
val_pr_auc_mood/theme---upbeat,0.04242216670021873,1780398295279,0b159a90989548dba96a7176e0721050,20,f
val_roc_auc_mood/theme---upbeat,0.544875526380976,1780398295279,0b159a90989548dba96a7176e0721050,20,f
val_pr_auc_mood/theme---uplifting,0.07109800753163982,1780398295279,0b159a90989548dba96a7176e0721050,20,f
val_roc_auc_mood/theme---uplifting,0.6806849360806196,1780398295279,0b159a90989548dba96a7176e0721050,20,f
val_macro_pr_auc,0.08876695174970604,1780398295279,0b159a90989548dba96a7176e0721050,20,f
val_macro_roc_auc,0.7191374137070652,1780398295279,0b159a90989548dba96a7176e0721050,20,f
val_pr_auc_mood/theme---groovy,0.10121401266508993,1780399270684,0b159a90989548dba96a7176e0721050,21,f
val_roc_auc_mood/theme---party,0.8286617228924921,1780399270684,0b159a90989548dba96a7176e0721050,21,f
train_loss,0.04116363146968273,1780399045089,0b159a90989548dba96a7176e0721050,21,f
val_pr_auc_mood/theme---emotional,0.14038531124313822,1780399270684,0b159a90989548dba96a7176e0721050,21,f
val_roc_auc_mood/theme---emotional,0.6475507474397597,1780399270684,0b159a90989548dba96a7176e0721050,21,f
val_pr_auc_mood/theme---energetic,0.19348721503230462,1780399270684,0b159a90989548dba96a7176e0721050,21,f
val_roc_auc_mood/theme---energetic,0.7565517083805829,1780399270684,0b159a90989548dba96a7176e0721050,21,f
val_pr_auc_mood/theme---epic,0.4516861404474599,1780399270684,0b159a90989548dba96a7176e0721050,21,f
val_pr_auc_mood/theme---retro,0.012185672868037168,1780399270684,0b159a90989548dba96a7176e0721050,21,f
val_roc_auc_mood/theme---retro,0.5654697440353823,1780399270684,0b159a90989548dba96a7176e0721050,21,f
val_pr_auc_mood/theme---romantic,0.05292309422211615,1780399270684,0b159a90989548dba96a7176e0721050,21,f
val_roc_auc_mood/theme---romantic,0.6840551905629475,1780399270684,0b159a90989548dba96a7176e0721050,21,f
val_pr_auc_mood/theme---sad,0.08201448181402045,1780399270684,0b159a90989548dba96a7176e0721050,21,f
val_roc_auc_mood/theme---sad,0.7162381231562392,1780399270684,0b159a90989548dba96a7176e0721050,21,f
val_pr_auc_mood/theme---sexy,0.01956134164512622,1780399270684,0b159a90989548dba96a7176e0721050,21,f
val_roc_auc_mood/theme---sexy,0.7260543411937834,1780399270684,0b159a90989548dba96a7176e0721050,21,f
val_pr_auc_mood/theme---slow,0.03282100681084677,1780399270684,0b159a90989548dba96a7176e0721050,21,f
val_roc_auc_mood/theme---slow,0.7646970009612626,1780399270684,0b159a90989548dba96a7176e0721050,21,f
val_pr_auc_mood/theme---soft,0.052397875352553296,1780399270684,0b159a90989548dba96a7176e0721050,21,f
val_roc_auc_mood/theme---soft,0.6820095604246054,1780399270684,0b159a90989548dba96a7176e0721050,21,f
val_pr_auc_mood/theme---soundscape,0.029746550652888913,1780399270684,0b159a90989548dba96a7176e0721050,21,f
val_roc_auc_mood/theme---soundscape,0.7194488700064908,1780399270684,0b159a90989548dba96a7176e0721050,21,f
val_pr_auc_mood/theme---space,0.05306830555949455,1780399270684,0b159a90989548dba96a7176e0721050,21,f
val_roc_auc_mood/theme---space,0.7456463064269707,1780399270684,0b159a90989548dba96a7176e0721050,21,f
val_pr_auc_mood/theme---sport,0.0836787744906825,1780399270684,0b159a90989548dba96a7176e0721050,21,f
val_roc_auc_mood/theme---sport,0.9074612674086918,1780399270684,0b159a90989548dba96a7176e0721050,21,f
val_pr_auc_mood/theme---summer,0.19975825518670692,1780399270684,0b159a90989548dba96a7176e0721050,21,f
val_roc_auc_mood/theme---summer,0.812638991297035,1780399270684,0b159a90989548dba96a7176e0721050,21,f
val_pr_auc_mood/theme---trailer,0.1830071157655442,1780399270684,0b159a90989548dba96a7176e0721050,21,f
val_roc_auc_mood/theme---trailer,0.9268311557902764,1780399270684,0b159a90989548dba96a7176e0721050,21,f
val_pr_auc_mood/theme---travel,0.04427067705824915,1780399270684,0b159a90989548dba96a7176e0721050,21,f
val_roc_auc_mood/theme---travel,0.6180307454716498,1780399270684,0b159a90989548dba96a7176e0721050,21,f
val_pr_auc_mood/theme---upbeat,0.04772086943967643,1780399270684,0b159a90989548dba96a7176e0721050,21,f
val_roc_auc_mood/theme---upbeat,0.5752115845099496,1780399270684,0b159a90989548dba96a7176e0721050,21,f
val_pr_auc_mood/theme---uplifting,0.06712976125847073,1780399270684,0b159a90989548dba96a7176e0721050,21,f
val_roc_auc_mood/theme---uplifting,0.6762658669133489,1780399270684,0b159a90989548dba96a7176e0721050,21,f
val_macro_pr_auc,0.08839037937159801,1780399270684,0b159a90989548dba96a7176e0721050,21,f
val_macro_roc_auc,0.7167790600193733,1780399270684,0b159a90989548dba96a7176e0721050,21,f
val_pr_auc_mood/theme---party,0.1146249616541891,1780399270684,0b159a90989548dba96a7176e0721050,21,f
val_roc_auc_mood/theme---nature,0.7246289701735248,1780399270684,0b159a90989548dba96a7176e0721050,21,f
val_pr_auc_mood/theme---nature,0.038515788943396564,1780399270684,0b159a90989548dba96a7176e0721050,21,f
val_roc_auc_mood/theme---movie,0.7800468745876883,1780399270684,0b159a90989548dba96a7176e0721050,21,f
val_pr_auc_mood/theme---movie,0.10189532139368276,1780399270684,0b159a90989548dba96a7176e0721050,21,f
val_roc_auc_mood/theme---motivational,0.7905303640103747,1780399270684,0b159a90989548dba96a7176e0721050,21,f
val_pr_auc_mood/theme---motivational,0.14016995768842622,1780399270684,0b159a90989548dba96a7176e0721050,21,f
val_roc_auc_mood/theme---melodic,0.5913333101212934,1780399270684,0b159a90989548dba96a7176e0721050,21,f
val_pr_auc_mood/theme---melodic,0.1170471000957339,1780399270684,0b159a90989548dba96a7176e0721050,21,f
val_roc_auc_mood/theme---melancholic,0.6614811777369352,1780399270684,0b159a90989548dba96a7176e0721050,21,f
val_pr_auc_mood/theme---melancholic,0.04657601740065993,1780399270684,0b159a90989548dba96a7176e0721050,21,f
val_roc_auc_mood/theme---meditative,0.7615544838715731,1780399270684,0b159a90989548dba96a7176e0721050,21,f
val_pr_auc_mood/theme---meditative,0.13094229791955037,1780399270684,0b159a90989548dba96a7176e0721050,21,f
val_roc_auc_mood/theme---love,0.6812805486939613,1780399270684,0b159a90989548dba96a7176e0721050,21,f
val_pr_auc_mood/theme---love,0.0986801539974384,1780399270684,0b159a90989548dba96a7176e0721050,21,f
val_roc_auc_mood/theme---inspiring,0.6247021517281217,1780399270684,0b159a90989548dba96a7176e0721050,21,f
val_pr_auc_mood/theme---inspiring,0.07007869900566227,1780399270684,0b159a90989548dba96a7176e0721050,21,f
val_roc_auc_mood/theme---hopeful,0.7372027497492182,1780399270684,0b159a90989548dba96a7176e0721050,21,f
val_pr_auc_mood/theme---hopeful,0.02859926619024121,1780399270684,0b159a90989548dba96a7176e0721050,21,f
val_roc_auc_mood/theme---holiday,0.5064090409192611,1780399270684,0b159a90989548dba96a7176e0721050,21,f
val_pr_auc_mood/theme---holiday,0.03965955664765186,1780399270684,0b159a90989548dba96a7176e0721050,21,f
val_roc_auc_mood/theme---heavy,0.9232896757439076,1780399270684,0b159a90989548dba96a7176e0721050,21,f
val_pr_auc_mood/theme---heavy,0.0926630777639171,1780399270684,0b159a90989548dba96a7176e0721050,21,f
val_roc_auc_mood/theme---happy,0.7215045035609551,1780399270684,0b159a90989548dba96a7176e0721050,21,f
val_roc_auc_mood/theme---epic,0.8925087925936298,1780399270684,0b159a90989548dba96a7176e0721050,21,f
avg_train_loss,0.04116363146968273,1780399044163,0b159a90989548dba96a7176e0721050,21,f
val_loss_avg,0.05754565074094539,1780399270684,0b159a90989548dba96a7176e0721050,21,f
val_loss_std,0.03571444370086735,1780399270684,0b159a90989548dba96a7176e0721050,21,f
val_pr_auc_mood/theme---action,0.10425165422108777,1780399270684,0b159a90989548dba96a7176e0721050,21,f
val_roc_auc_mood/theme---action,0.7230851347744862,1780399270684,0b159a90989548dba96a7176e0721050,21,f
val_pr_auc_mood/theme---adventure,0.03192315512613973,1780399270684,0b159a90989548dba96a7176e0721050,21,f
val_roc_auc_mood/theme---adventure,0.593609711090914,1780399270684,0b159a90989548dba96a7176e0721050,21,f
val_pr_auc_mood/theme---advertising,0.126957163852953,1780399270684,0b159a90989548dba96a7176e0721050,21,f
val_roc_auc_mood/theme---advertising,0.7433429185627738,1780399270684,0b159a90989548dba96a7176e0721050,21,f
val_pr_auc_mood/theme---background,0.011164909937146982,1780399270684,0b159a90989548dba96a7176e0721050,21,f
val_roc_auc_mood/theme---background,0.555810676392573,1780399270684,0b159a90989548dba96a7176e0721050,21,f
val_pr_auc_mood/theme---ballad,0.08590141481900232,1780399270684,0b159a90989548dba96a7176e0721050,21,f
val_roc_auc_mood/theme---ballad,0.7962901562039493,1780399270684,0b159a90989548dba96a7176e0721050,21,f
val_pr_auc_mood/theme---calm,0.049274846286280385,1780399270684,0b159a90989548dba96a7176e0721050,21,f
val_roc_auc_mood/theme---calm,0.6450446187128178,1780399270684,0b159a90989548dba96a7176e0721050,21,f
val_pr_auc_mood/theme---children,0.08714364719646722,1780399270684,0b159a90989548dba96a7176e0721050,21,f
val_roc_auc_mood/theme---children,0.7074201931655095,1780399270684,0b159a90989548dba96a7176e0721050,21,f
val_pr_auc_mood/theme---christmas,0.08732160606424103,1780399270684,0b159a90989548dba96a7176e0721050,21,f
val_roc_auc_mood/theme---christmas,0.7523670397865677,1780399270684,0b159a90989548dba96a7176e0721050,21,f
val_pr_auc_mood/theme---commercial,0.0516956301587247,1780399270684,0b159a90989548dba96a7176e0721050,21,f
val_roc_auc_mood/theme---commercial,0.6795437145919461,1780399270684,0b159a90989548dba96a7176e0721050,21,f
val_pr_auc_mood/theme---cool,0.0318176240468348,1780399270684,0b159a90989548dba96a7176e0721050,21,f
val_roc_auc_mood/theme---cool,0.739438928437617,1780399270684,0b159a90989548dba96a7176e0721050,21,f
val_pr_auc_mood/theme---corporate,0.11321470029429448,1780399270684,0b159a90989548dba96a7176e0721050,21,f
val_roc_auc_mood/theme---corporate,0.7445573161081359,1780399270684,0b159a90989548dba96a7176e0721050,21,f
val_pr_auc_mood/theme---dark,0.11086931589525939,1780399270684,0b159a90989548dba96a7176e0721050,21,f
val_roc_auc_mood/theme---dark,0.6471909962528837,1780399270684,0b159a90989548dba96a7176e0721050,21,f
val_pr_auc_mood/theme---deep,0.15872892517836865,1780399270684,0b159a90989548dba96a7176e0721050,21,f
val_roc_auc_mood/theme---deep,0.8125298454442749,1780399270684,0b159a90989548dba96a7176e0721050,21,f
val_pr_auc_mood/theme---documentary,0.04782892581829269,1780399270684,0b159a90989548dba96a7176e0721050,21,f
val_roc_auc_mood/theme---documentary,0.653354459611462,1780399270684,0b159a90989548dba96a7176e0721050,21,f
val_pr_auc_mood/theme---drama,0.04604494856532869,1780399270684,0b159a90989548dba96a7176e0721050,21,f
val_roc_auc_mood/theme---drama,0.6722641283524904,1780399270684,0b159a90989548dba96a7176e0721050,21,f
val_pr_auc_mood/theme---dramatic,0.01862194504358496,1780399270684,0b159a90989548dba96a7176e0721050,21,f
val_roc_auc_mood/theme---dramatic,0.6671740352191833,1780399270684,0b159a90989548dba96a7176e0721050,21,f
val_pr_auc_mood/theme---dream,0.10871001698631486,1780399270684,0b159a90989548dba96a7176e0721050,21,f
val_roc_auc_mood/theme---dream,0.6857014237433903,1780399270684,0b159a90989548dba96a7176e0721050,21,f
stdev_train_loss,0.004313964706733261,1780399044647,0b159a90989548dba96a7176e0721050,21,f
val_pr_auc_mood/theme---happy,0.25638965046264245,1780399270684,0b159a90989548dba96a7176e0721050,21,f
val_pr_auc_mood/theme---fast,0.047455037305975674,1780399270684,0b159a90989548dba96a7176e0721050,21,f
val_roc_auc_mood/theme---fast,0.8783918676662321,1780399270684,0b159a90989548dba96a7176e0721050,21,f
val_pr_auc_mood/theme---film,0.1453056233543396,1780399270684,0b159a90989548dba96a7176e0721050,21,f
val_roc_auc_mood/theme---film,0.7097218215841598,1780399270684,0b159a90989548dba96a7176e0721050,21,f
val_pr_auc_mood/theme---fun,0.08269086980281104,1780399270684,0b159a90989548dba96a7176e0721050,21,f
val_roc_auc_mood/theme---fun,0.6327364442570691,1780399270684,0b159a90989548dba96a7176e0721050,21,f
val_pr_auc_mood/theme---funny,0.023017383382398775,1780399270684,0b159a90989548dba96a7176e0721050,21,f
val_roc_auc_mood/theme---funny,0.776982638609248,1780399270684,0b159a90989548dba96a7176e0721050,21,f
val_pr_auc_mood/theme---game,0.014368388429120195,1780399270684,0b159a90989548dba96a7176e0721050,21,f
val_roc_auc_mood/theme---game,0.6107908246414603,1780399270684,0b159a90989548dba96a7176e0721050,21,f
val_roc_auc_mood/theme---groovy,0.8510776737037467,1780399270684,0b159a90989548dba96a7176e0721050,21,f
val_roc_auc_mood/theme---relaxing,0.7330734164087573,1780399270684,0b159a90989548dba96a7176e0721050,21,f
val_pr_auc_mood/theme---relaxing,0.18256241031877718,1780399270684,0b159a90989548dba96a7176e0721050,21,f
val_roc_auc_mood/theme---powerful,0.6890160636881322,1780399270684,0b159a90989548dba96a7176e0721050,21,f
val_pr_auc_mood/theme---powerful,0.022131745418606297,1780399270684,0b159a90989548dba96a7176e0721050,21,f
val_roc_auc_mood/theme---positive,0.6898157437132156,1780399270684,0b159a90989548dba96a7176e0721050,21,f
val_pr_auc_mood/theme---positive,0.037961046631540235,1780399270684,0b159a90989548dba96a7176e0721050,21,f
val_pr_auc_mood/theme---dark,0.10831343383506586,1780400218999,0b159a90989548dba96a7176e0721050,22,f
val_roc_auc_mood/theme---corporate,0.7957935368703877,1780400218999,0b159a90989548dba96a7176e0721050,22,f
val_pr_auc_mood/theme---corporate,0.13113420531819056,1780400218999,0b159a90989548dba96a7176e0721050,22,f
val_roc_auc_mood/theme---cool,0.7372767578368927,1780400218999,0b159a90989548dba96a7176e0721050,22,f
val_pr_auc_mood/theme---cool,0.038465689837979634,1780400218999,0b159a90989548dba96a7176e0721050,22,f
val_roc_auc_mood/theme---commercial,0.7096195069667739,1780400218999,0b159a90989548dba96a7176e0721050,22,f
val_pr_auc_mood/theme---commercial,0.06469407809055089,1780400218999,0b159a90989548dba96a7176e0721050,22,f
val_roc_auc_mood/theme---christmas,0.7689834415961025,1780400218999,0b159a90989548dba96a7176e0721050,22,f
val_pr_auc_mood/theme---christmas,0.08874316382590591,1780400218999,0b159a90989548dba96a7176e0721050,22,f
val_roc_auc_mood/theme---children,0.7325527006892901,1780400218999,0b159a90989548dba96a7176e0721050,22,f
val_pr_auc_mood/theme---children,0.11611614198005411,1780400218999,0b159a90989548dba96a7176e0721050,22,f
val_roc_auc_mood/theme---calm,0.6117053916878146,1780400218999,0b159a90989548dba96a7176e0721050,22,f
val_pr_auc_mood/theme---calm,0.040116569153116295,1780400218999,0b159a90989548dba96a7176e0721050,22,f
val_roc_auc_mood/theme---ballad,0.7936007957559681,1780400218999,0b159a90989548dba96a7176e0721050,22,f
val_pr_auc_mood/theme---ballad,0.07320372698986542,1780400218999,0b159a90989548dba96a7176e0721050,22,f
val_roc_auc_mood/theme---background,0.5490633289124668,1780400218999,0b159a90989548dba96a7176e0721050,22,f
val_pr_auc_mood/theme---background,0.009977651303772683,1780400218999,0b159a90989548dba96a7176e0721050,22,f
val_roc_auc_mood/theme---advertising,0.7670417004010905,1780400218999,0b159a90989548dba96a7176e0721050,22,f
val_pr_auc_mood/theme---advertising,0.15385850548354726,1780400218999,0b159a90989548dba96a7176e0721050,22,f
val_roc_auc_mood/theme---adventure,0.5850374562780577,1780400218999,0b159a90989548dba96a7176e0721050,22,f
val_pr_auc_mood/theme---adventure,0.03132722070992519,1780400218999,0b159a90989548dba96a7176e0721050,22,f
val_roc_auc_mood/theme---action,0.7418637940655556,1780400218999,0b159a90989548dba96a7176e0721050,22,f
val_pr_auc_mood/theme---action,0.12561538103076442,1780400218999,0b159a90989548dba96a7176e0721050,22,f
val_loss_std,0.034964943953663556,1780400218999,0b159a90989548dba96a7176e0721050,22,f
val_loss_avg,0.05689502787455893,1780400218999,0b159a90989548dba96a7176e0721050,22,f
train_loss,0.04104951061710908,1780399994773,0b159a90989548dba96a7176e0721050,22,f
stdev_train_loss,0.004448538898089574,1780399994336,0b159a90989548dba96a7176e0721050,22,f
avg_train_loss,0.04104951061710908,1780399993861,0b159a90989548dba96a7176e0721050,22,f
val_roc_auc_mood/theme---groovy,0.8294281405869387,1780400218999,0b159a90989548dba96a7176e0721050,22,f
val_pr_auc_mood/theme---happy,0.2333481864740075,1780400218999,0b159a90989548dba96a7176e0721050,22,f
val_roc_auc_mood/theme---happy,0.6925642617750912,1780400218999,0b159a90989548dba96a7176e0721050,22,f
val_pr_auc_mood/theme---heavy,0.09920589769860963,1780400218999,0b159a90989548dba96a7176e0721050,22,f
val_roc_auc_mood/theme---heavy,0.9244152857843493,1780400218999,0b159a90989548dba96a7176e0721050,22,f
val_pr_auc_mood/theme---holiday,0.030580187168699903,1780400218999,0b159a90989548dba96a7176e0721050,22,f
val_roc_auc_mood/theme---holiday,0.5408054912965982,1780400218999,0b159a90989548dba96a7176e0721050,22,f
val_pr_auc_mood/theme---hopeful,0.027060152279289318,1780400218999,0b159a90989548dba96a7176e0721050,22,f
val_roc_auc_mood/theme---hopeful,0.7282926181625067,1780400218999,0b159a90989548dba96a7176e0721050,22,f
val_pr_auc_mood/theme---inspiring,0.06912024360392072,1780400218999,0b159a90989548dba96a7176e0721050,22,f
val_roc_auc_mood/theme---inspiring,0.6138612769166586,1780400218999,0b159a90989548dba96a7176e0721050,22,f
val_pr_auc_mood/theme---love,0.10132595660708396,1780400218999,0b159a90989548dba96a7176e0721050,22,f
val_roc_auc_mood/theme---love,0.6834616597466758,1780400218999,0b159a90989548dba96a7176e0721050,22,f
val_pr_auc_mood/theme---meditative,0.1330105684561805,1780400218999,0b159a90989548dba96a7176e0721050,22,f
val_roc_auc_mood/theme---meditative,0.7659028217283833,1780400218999,0b159a90989548dba96a7176e0721050,22,f
val_pr_auc_mood/theme---melancholic,0.05162252307353872,1780400218999,0b159a90989548dba96a7176e0721050,22,f
val_roc_auc_mood/theme---melancholic,0.6693747391390306,1780400218999,0b159a90989548dba96a7176e0721050,22,f
val_pr_auc_mood/theme---melodic,0.12575589123186814,1780400218999,0b159a90989548dba96a7176e0721050,22,f
val_roc_auc_mood/theme---melodic,0.6171706844597503,1780400218999,0b159a90989548dba96a7176e0721050,22,f
val_pr_auc_mood/theme---motivational,0.15581394904892415,1780400218999,0b159a90989548dba96a7176e0721050,22,f
val_roc_auc_mood/theme---motivational,0.8288882926392986,1780400218999,0b159a90989548dba96a7176e0721050,22,f
val_pr_auc_mood/theme---movie,0.08602633932767259,1780400218999,0b159a90989548dba96a7176e0721050,22,f
val_roc_auc_mood/theme---movie,0.7475081382824325,1780400218999,0b159a90989548dba96a7176e0721050,22,f
val_pr_auc_mood/theme---nature,0.03695221291304662,1780400218999,0b159a90989548dba96a7176e0721050,22,f
val_roc_auc_mood/theme---nature,0.7384738889689387,1780400218999,0b159a90989548dba96a7176e0721050,22,f
val_pr_auc_mood/theme---party,0.11646581069465936,1780400218999,0b159a90989548dba96a7176e0721050,22,f
val_roc_auc_mood/theme---party,0.8389655216578292,1780400218999,0b159a90989548dba96a7176e0721050,22,f
val_pr_auc_mood/theme---positive,0.033151550995571266,1780400218999,0b159a90989548dba96a7176e0721050,22,f
val_roc_auc_mood/theme---positive,0.660747726056715,1780400218999,0b159a90989548dba96a7176e0721050,22,f
val_pr_auc_mood/theme---powerful,0.02252794998101011,1780400218999,0b159a90989548dba96a7176e0721050,22,f
val_roc_auc_mood/theme---powerful,0.6907499220896961,1780400218999,0b159a90989548dba96a7176e0721050,22,f
val_pr_auc_mood/theme---relaxing,0.17863197739321368,1780400218999,0b159a90989548dba96a7176e0721050,22,f
val_roc_auc_mood/theme---relaxing,0.7391938322213966,1780400218999,0b159a90989548dba96a7176e0721050,22,f
val_pr_auc_mood/theme---retro,0.013121702554528039,1780400218999,0b159a90989548dba96a7176e0721050,22,f
val_roc_auc_mood/theme---retro,0.5761635787057153,1780400218999,0b159a90989548dba96a7176e0721050,22,f
val_pr_auc_mood/theme---romantic,0.059518922895182486,1780400218999,0b159a90989548dba96a7176e0721050,22,f
val_roc_auc_mood/theme---romantic,0.7072452566296765,1780400218999,0b159a90989548dba96a7176e0721050,22,f
val_pr_auc_mood/theme---sad,0.08208429954969619,1780400218999,0b159a90989548dba96a7176e0721050,22,f
val_roc_auc_mood/theme---sad,0.7140400346184985,1780400218999,0b159a90989548dba96a7176e0721050,22,f
val_pr_auc_mood/theme---sexy,0.019459121560640134,1780400218999,0b159a90989548dba96a7176e0721050,22,f
val_roc_auc_mood/theme---sexy,0.7271741861383296,1780400218999,0b159a90989548dba96a7176e0721050,22,f
val_pr_auc_mood/theme---slow,0.04340614155682682,1780400218999,0b159a90989548dba96a7176e0721050,22,f
val_roc_auc_mood/theme---slow,0.7880843696683896,1780400218999,0b159a90989548dba96a7176e0721050,22,f
val_pr_auc_mood/theme---soft,0.05190642458591584,1780400218999,0b159a90989548dba96a7176e0721050,22,f
val_roc_auc_mood/theme---soft,0.6877700564779532,1780400218999,0b159a90989548dba96a7176e0721050,22,f
val_pr_auc_mood/theme---soundscape,0.028401312382503,1780400218999,0b159a90989548dba96a7176e0721050,22,f
val_roc_auc_mood/theme---soundscape,0.7179220511004897,1780400218999,0b159a90989548dba96a7176e0721050,22,f
val_pr_auc_mood/theme---space,0.05516645965361999,1780400218999,0b159a90989548dba96a7176e0721050,22,f
val_roc_auc_mood/theme---space,0.754761014330153,1780400218999,0b159a90989548dba96a7176e0721050,22,f
val_pr_auc_mood/theme---sport,0.0498900750693155,1780400218999,0b159a90989548dba96a7176e0721050,22,f
val_roc_auc_mood/theme---sport,0.8757131271323899,1780400218999,0b159a90989548dba96a7176e0721050,22,f
val_pr_auc_mood/theme---summer,0.15668827027879206,1780400218999,0b159a90989548dba96a7176e0721050,22,f
val_roc_auc_mood/theme---summer,0.8028699944625571,1780400218999,0b159a90989548dba96a7176e0721050,22,f
val_pr_auc_mood/theme---trailer,0.19350814407717773,1780400218999,0b159a90989548dba96a7176e0721050,22,f
val_roc_auc_mood/theme---trailer,0.9236110848958667,1780400218999,0b159a90989548dba96a7176e0721050,22,f
val_pr_auc_mood/theme---travel,0.02707248435233893,1780400218999,0b159a90989548dba96a7176e0721050,22,f
val_roc_auc_mood/theme---travel,0.6418103612348217,1780400218999,0b159a90989548dba96a7176e0721050,22,f
val_pr_auc_mood/theme---upbeat,0.04507473082866703,1780400218999,0b159a90989548dba96a7176e0721050,22,f
val_roc_auc_mood/theme---upbeat,0.515018371728181,1780400218999,0b159a90989548dba96a7176e0721050,22,f
val_pr_auc_mood/theme---uplifting,0.06458461721998607,1780400218999,0b159a90989548dba96a7176e0721050,22,f
val_roc_auc_mood/theme---uplifting,0.6641811857639195,1780400218999,0b159a90989548dba96a7176e0721050,22,f
val_macro_pr_auc,0.08877620672419652,1780400218999,0b159a90989548dba96a7176e0721050,22,f
val_macro_roc_auc,0.718686074310447,1780400218999,0b159a90989548dba96a7176e0721050,22,f
val_pr_auc_mood/theme---documentary,0.051503886751458006,1780400218999,0b159a90989548dba96a7176e0721050,22,f
val_roc_auc_mood/theme---deep,0.805584349534314,1780400218999,0b159a90989548dba96a7176e0721050,22,f
val_pr_auc_mood/theme---groovy,0.1091814411767449,1780400218999,0b159a90989548dba96a7176e0721050,22,f
val_roc_auc_mood/theme---game,0.6495986799217731,1780400218999,0b159a90989548dba96a7176e0721050,22,f
val_pr_auc_mood/theme---game,0.013667052115814066,1780400218999,0b159a90989548dba96a7176e0721050,22,f
val_roc_auc_mood/theme---funny,0.7399933269671065,1780400218999,0b159a90989548dba96a7176e0721050,22,f
val_pr_auc_mood/theme---funny,0.018666987585474505,1780400218999,0b159a90989548dba96a7176e0721050,22,f
val_roc_auc_mood/theme---fun,0.5954526963557961,1780400218999,0b159a90989548dba96a7176e0721050,22,f
val_pr_auc_mood/theme---fun,0.08619344312648339,1780400218999,0b159a90989548dba96a7176e0721050,22,f
val_roc_auc_mood/theme---film,0.712263222905156,1780400218999,0b159a90989548dba96a7176e0721050,22,f
val_pr_auc_mood/theme---film,0.15063624450608354,1780400218999,0b159a90989548dba96a7176e0721050,22,f
val_roc_auc_mood/theme---fast,0.8617482887874837,1780400218999,0b159a90989548dba96a7176e0721050,22,f
val_pr_auc_mood/theme---fast,0.04474440799177664,1780400218999,0b159a90989548dba96a7176e0721050,22,f
val_roc_auc_mood/theme---epic,0.897366752052978,1780400218999,0b159a90989548dba96a7176e0721050,22,f
val_pr_auc_mood/theme---epic,0.4585728870575022,1780400218999,0b159a90989548dba96a7176e0721050,22,f
val_roc_auc_mood/theme---energetic,0.7578209835048348,1780400218999,0b159a90989548dba96a7176e0721050,22,f
val_pr_auc_mood/theme---energetic,0.19578986216358527,1780400218999,0b159a90989548dba96a7176e0721050,22,f
val_roc_auc_mood/theme---emotional,0.6654998719371639,1780400218999,0b159a90989548dba96a7176e0721050,22,f
val_pr_auc_mood/theme---emotional,0.15082960803508336,1780400218999,0b159a90989548dba96a7176e0721050,22,f
val_roc_auc_mood/theme---dream,0.6921556375266238,1780400218999,0b159a90989548dba96a7176e0721050,22,f
val_pr_auc_mood/theme---dream,0.1030255257945997,1780400218999,0b159a90989548dba96a7176e0721050,22,f
val_roc_auc_mood/theme---dramatic,0.6523354564755838,1780400218999,0b159a90989548dba96a7176e0721050,22,f
val_pr_auc_mood/theme---dramatic,0.016768153260600535,1780400218999,0b159a90989548dba96a7176e0721050,22,f
val_roc_auc_mood/theme---drama,0.7026400862068966,1780400218999,0b159a90989548dba96a7176e0721050,22,f
val_pr_auc_mood/theme---drama,0.05847203169943204,1780400218999,0b159a90989548dba96a7176e0721050,22,f
val_roc_auc_mood/theme---documentary,0.6663064592048475,1780400218999,0b159a90989548dba96a7176e0721050,22,f
val_pr_auc_mood/theme---deep,0.14136817421914227,1780400218999,0b159a90989548dba96a7176e0721050,22,f
val_roc_auc_mood/theme---dark,0.6489469645448362,1780400218999,0b159a90989548dba96a7176e0721050,22,f
val_pr_auc_mood/theme---groovy,0.10298541392812215,1780401170319,0b159a90989548dba96a7176e0721050,23,f
val_pr_auc_mood/theme---advertising,0.145557895892707,1780401170319,0b159a90989548dba96a7176e0721050,23,f
val_roc_auc_mood/theme---advertising,0.734515201429409,1780401170319,0b159a90989548dba96a7176e0721050,23,f
val_pr_auc_mood/theme---background,0.011886715761085952,1780401170319,0b159a90989548dba96a7176e0721050,23,f
val_roc_auc_mood/theme---background,0.5819960212201591,1780401170319,0b159a90989548dba96a7176e0721050,23,f
val_pr_auc_mood/theme---ballad,0.07323250069474216,1780401170319,0b159a90989548dba96a7176e0721050,23,f
val_roc_auc_mood/theme---ballad,0.8071350943118185,1780401170319,0b159a90989548dba96a7176e0721050,23,f
val_pr_auc_mood/theme---calm,0.07161591991798699,1780401170319,0b159a90989548dba96a7176e0721050,23,f
val_roc_auc_mood/theme---calm,0.7046688438657069,1780401170319,0b159a90989548dba96a7176e0721050,23,f
val_pr_auc_mood/theme---children,0.13246204708851633,1780401170319,0b159a90989548dba96a7176e0721050,23,f
val_roc_auc_mood/theme---children,0.7385534718910642,1780401170319,0b159a90989548dba96a7176e0721050,23,f
val_pr_auc_mood/theme---christmas,0.10745464861793899,1780401170319,0b159a90989548dba96a7176e0721050,23,f
val_roc_auc_mood/theme---christmas,0.7722095754552836,1780401170319,0b159a90989548dba96a7176e0721050,23,f
val_pr_auc_mood/theme---commercial,0.07470260990784001,1780401170319,0b159a90989548dba96a7176e0721050,23,f
val_roc_auc_mood/theme---commercial,0.7023962639718266,1780401170319,0b159a90989548dba96a7176e0721050,23,f
val_pr_auc_mood/theme---cool,0.029320724885725322,1780401170319,0b159a90989548dba96a7176e0721050,23,f
val_roc_auc_mood/theme---cool,0.7435212938678656,1780401170319,0b159a90989548dba96a7176e0721050,23,f
val_pr_auc_mood/theme---corporate,0.1357872650115347,1780401170319,0b159a90989548dba96a7176e0721050,23,f
val_roc_auc_mood/theme---corporate,0.8024416165185226,1780401170319,0b159a90989548dba96a7176e0721050,23,f
val_pr_auc_mood/theme---dark,0.1249341933930201,1780401170319,0b159a90989548dba96a7176e0721050,23,f
val_roc_auc_mood/theme---dark,0.7050785488197977,1780401170319,0b159a90989548dba96a7176e0721050,23,f
val_pr_auc_mood/theme---deep,0.12492124589690348,1780401170319,0b159a90989548dba96a7176e0721050,23,f
val_roc_auc_mood/theme---deep,0.7996987308649453,1780401170319,0b159a90989548dba96a7176e0721050,23,f
val_pr_auc_mood/theme---documentary,0.04895156562145368,1780401170319,0b159a90989548dba96a7176e0721050,23,f
val_roc_auc_mood/theme---documentary,0.6475668317433378,1780401170319,0b159a90989548dba96a7176e0721050,23,f
val_pr_auc_mood/theme---drama,0.05258629969169698,1780401170319,0b159a90989548dba96a7176e0721050,23,f
val_roc_auc_mood/theme---drama,0.669740780651341,1780401170319,0b159a90989548dba96a7176e0721050,23,f
val_pr_auc_mood/theme---dramatic,0.022677559604250205,1780401170319,0b159a90989548dba96a7176e0721050,23,f
val_roc_auc_mood/theme---dramatic,0.6652304233795429,1780401170319,0b159a90989548dba96a7176e0721050,23,f
val_pr_auc_mood/theme---dream,0.10394323333663805,1780401170319,0b159a90989548dba96a7176e0721050,23,f
val_roc_auc_mood/theme---dream,0.6737511170237784,1780401170319,0b159a90989548dba96a7176e0721050,23,f
val_pr_auc_mood/theme---emotional,0.133714581028915,1780401170319,0b159a90989548dba96a7176e0721050,23,f
val_roc_auc_mood/theme---emotional,0.6454261240054803,1780401170319,0b159a90989548dba96a7176e0721050,23,f
val_pr_auc_mood/theme---energetic,0.18779516426275097,1780401170319,0b159a90989548dba96a7176e0721050,23,f
val_roc_auc_mood/theme---energetic,0.7562462646273286,1780401170319,0b159a90989548dba96a7176e0721050,23,f
val_pr_auc_mood/theme---epic,0.4656314570787907,1780401170319,0b159a90989548dba96a7176e0721050,23,f
val_roc_auc_mood/theme---epic,0.9052837927995454,1780401170319,0b159a90989548dba96a7176e0721050,23,f
val_pr_auc_mood/theme---fast,0.04554325543423637,1780401170319,0b159a90989548dba96a7176e0721050,23,f
val_roc_auc_mood/theme---fast,0.8539561603650586,1780401170319,0b159a90989548dba96a7176e0721050,23,f
val_pr_auc_mood/theme---film,0.1439817730111822,1780401170319,0b159a90989548dba96a7176e0721050,23,f
val_roc_auc_mood/theme---film,0.6967248762952937,1780401170319,0b159a90989548dba96a7176e0721050,23,f
val_pr_auc_mood/theme---fun,0.08795610680388188,1780401170319,0b159a90989548dba96a7176e0721050,23,f
val_roc_auc_mood/theme---fun,0.6177409930399923,1780401170319,0b159a90989548dba96a7176e0721050,23,f
val_pr_auc_mood/theme---funny,0.028220359198627292,1780401170319,0b159a90989548dba96a7176e0721050,23,f
val_roc_auc_mood/theme---funny,0.744779502283788,1780401170319,0b159a90989548dba96a7176e0721050,23,f
val_pr_auc_mood/theme---game,0.015487697003845398,1780401170319,0b159a90989548dba96a7176e0721050,23,f
val_roc_auc_mood/theme---game,0.6033857561929596,1780401170319,0b159a90989548dba96a7176e0721050,23,f
val_roc_auc_mood/theme---groovy,0.8066639600974365,1780401170319,0b159a90989548dba96a7176e0721050,23,f
val_pr_auc_mood/theme---happy,0.22286945066506916,1780401170319,0b159a90989548dba96a7176e0721050,23,f
val_roc_auc_mood/theme---happy,0.6688173289843796,1780401170319,0b159a90989548dba96a7176e0721050,23,f
val_pr_auc_mood/theme---heavy,0.09647699767083122,1780401170319,0b159a90989548dba96a7176e0721050,23,f
val_roc_auc_mood/theme---heavy,0.917790266689179,1780401170319,0b159a90989548dba96a7176e0721050,23,f
val_pr_auc_mood/theme---holiday,0.025568495975205552,1780401170319,0b159a90989548dba96a7176e0721050,23,f
val_roc_auc_mood/theme---holiday,0.536027153096439,1780401170319,0b159a90989548dba96a7176e0721050,23,f
val_pr_auc_mood/theme---hopeful,0.027403425449515722,1780401170319,0b159a90989548dba96a7176e0721050,23,f
val_roc_auc_mood/theme---hopeful,0.7512907889301942,1780401170319,0b159a90989548dba96a7176e0721050,23,f
val_pr_auc_mood/theme---inspiring,0.06899676034559707,1780401170319,0b159a90989548dba96a7176e0721050,23,f
val_roc_auc_mood/theme---inspiring,0.617445484740541,1780401170319,0b159a90989548dba96a7176e0721050,23,f
val_pr_auc_mood/theme---love,0.10469394997136555,1780401170319,0b159a90989548dba96a7176e0721050,23,f
val_roc_auc_mood/theme---love,0.6930191307089923,1780401170319,0b159a90989548dba96a7176e0721050,23,f
val_pr_auc_mood/theme---meditative,0.1309356016683497,1780401170319,0b159a90989548dba96a7176e0721050,23,f
val_roc_auc_mood/theme---meditative,0.7584088051709226,1780401170319,0b159a90989548dba96a7176e0721050,23,f
val_pr_auc_mood/theme---melancholic,0.052998212243011454,1780401170319,0b159a90989548dba96a7176e0721050,23,f
val_roc_auc_mood/theme---melancholic,0.6770461873415003,1780401170319,0b159a90989548dba96a7176e0721050,23,f
val_pr_auc_mood/theme---melodic,0.11754699511823247,1780401170319,0b159a90989548dba96a7176e0721050,23,f
val_roc_auc_mood/theme---melodic,0.5942540705477197,1780401170319,0b159a90989548dba96a7176e0721050,23,f
val_pr_auc_mood/theme---motivational,0.139742765480682,1780401170319,0b159a90989548dba96a7176e0721050,23,f
val_roc_auc_mood/theme---motivational,0.8163920937304355,1780401170319,0b159a90989548dba96a7176e0721050,23,f
val_pr_auc_mood/theme---movie,0.09003209825876216,1780401170319,0b159a90989548dba96a7176e0721050,23,f
val_roc_auc_mood/theme---movie,0.7441976505132456,1780401170319,0b159a90989548dba96a7176e0721050,23,f
val_pr_auc_mood/theme---nature,0.03634352341523792,1780401170319,0b159a90989548dba96a7176e0721050,23,f
val_roc_auc_mood/theme---nature,0.718877750560919,1780401170319,0b159a90989548dba96a7176e0721050,23,f
val_pr_auc_mood/theme---party,0.13579720548949115,1780401170319,0b159a90989548dba96a7176e0721050,23,f
val_roc_auc_mood/theme---party,0.8428494582340736,1780401170319,0b159a90989548dba96a7176e0721050,23,f
val_pr_auc_mood/theme---positive,0.03981153418254038,1780401170319,0b159a90989548dba96a7176e0721050,23,f
val_roc_auc_mood/theme---positive,0.6620080089620118,1780401170319,0b159a90989548dba96a7176e0721050,23,f
val_pr_auc_mood/theme---powerful,0.023016165131104323,1780401170319,0b159a90989548dba96a7176e0721050,23,f
val_roc_auc_mood/theme---powerful,0.6775193359208999,1780401170319,0b159a90989548dba96a7176e0721050,23,f
val_pr_auc_mood/theme---relaxing,0.23742451076843196,1780401170319,0b159a90989548dba96a7176e0721050,23,f
val_roc_auc_mood/theme---relaxing,0.7507538237287583,1780401170319,0b159a90989548dba96a7176e0721050,23,f
val_pr_auc_mood/theme---retro,0.011469588120295427,1780401170319,0b159a90989548dba96a7176e0721050,23,f
val_roc_auc_mood/theme---retro,0.5347436138546442,1780401170319,0b159a90989548dba96a7176e0721050,23,f
val_pr_auc_mood/theme---romantic,0.07749214548372889,1780401170319,0b159a90989548dba96a7176e0721050,23,f
val_roc_auc_mood/theme---romantic,0.7340009017464436,1780401170319,0b159a90989548dba96a7176e0721050,23,f
val_pr_auc_mood/theme---sad,0.08359151265808559,1780401170319,0b159a90989548dba96a7176e0721050,23,f
val_roc_auc_mood/theme---sad,0.7316452162260252,1780401170319,0b159a90989548dba96a7176e0721050,23,f
val_pr_auc_mood/theme---sexy,0.023817467167861206,1780401170319,0b159a90989548dba96a7176e0721050,23,f
val_roc_auc_mood/theme---sexy,0.764416209037723,1780401170319,0b159a90989548dba96a7176e0721050,23,f
val_pr_auc_mood/theme---slow,0.04070721218792793,1780401170319,0b159a90989548dba96a7176e0721050,23,f
val_roc_auc_mood/theme---slow,0.7899314030911387,1780401170319,0b159a90989548dba96a7176e0721050,23,f
val_pr_auc_mood/theme---soft,0.053634064057364074,1780401170319,0b159a90989548dba96a7176e0721050,23,f
val_roc_auc_mood/theme---soft,0.697526112547632,1780401170319,0b159a90989548dba96a7176e0721050,23,f
val_pr_auc_mood/theme---soundscape,0.025263785062734422,1780401170319,0b159a90989548dba96a7176e0721050,23,f
val_roc_auc_mood/theme---soundscape,0.7199430577683366,1780401170319,0b159a90989548dba96a7176e0721050,23,f
val_pr_auc_mood/theme---space,0.05116430827061585,1780401170319,0b159a90989548dba96a7176e0721050,23,f
val_roc_auc_mood/theme---space,0.7428863821509435,1780401170319,0b159a90989548dba96a7176e0721050,23,f
val_pr_auc_mood/theme---sport,0.04870519229566631,1780401170319,0b159a90989548dba96a7176e0721050,23,f
val_roc_auc_mood/theme---sport,0.8490477655349852,1780401170319,0b159a90989548dba96a7176e0721050,23,f
val_pr_auc_mood/theme---summer,0.13567864198152602,1780401170319,0b159a90989548dba96a7176e0721050,23,f
val_roc_auc_mood/theme---summer,0.76417007944898,1780401170319,0b159a90989548dba96a7176e0721050,23,f
val_pr_auc_mood/theme---trailer,0.1955448556677119,1780401170319,0b159a90989548dba96a7176e0721050,23,f
val_roc_auc_mood/theme---trailer,0.9166499937712579,1780401170319,0b159a90989548dba96a7176e0721050,23,f
val_pr_auc_mood/theme---travel,0.04332872163043712,1780401170319,0b159a90989548dba96a7176e0721050,23,f
val_roc_auc_mood/theme---travel,0.5928046678303616,1780401170319,0b159a90989548dba96a7176e0721050,23,f
val_pr_auc_mood/theme---upbeat,0.04300032916267699,1780401170319,0b159a90989548dba96a7176e0721050,23,f
val_roc_auc_mood/theme---upbeat,0.5382720254314259,1780401170319,0b159a90989548dba96a7176e0721050,23,f
val_pr_auc_mood/theme---uplifting,0.063771793185802,1780401170319,0b159a90989548dba96a7176e0721050,23,f
val_roc_auc_mood/theme---uplifting,0.6296574533984606,1780401170319,0b159a90989548dba96a7176e0721050,23,f
val_macro_pr_auc,0.09059877607419188,1780401170319,0b159a90989548dba96a7176e0721050,23,f
avg_train_loss,0.040713620497169506,1780400947511,0b159a90989548dba96a7176e0721050,23,f
val_roc_auc_mood/theme---adventure,0.5544596381062546,1780401170319,0b159a90989548dba96a7176e0721050,23,f
val_pr_auc_mood/theme---adventure,0.027881985248054568,1780401170319,0b159a90989548dba96a7176e0721050,23,f
val_roc_auc_mood/theme---action,0.7322464031831526,1780401170319,0b159a90989548dba96a7176e0721050,23,f
val_pr_auc_mood/theme---action,0.12747193306843815,1780401170319,0b159a90989548dba96a7176e0721050,23,f
val_loss_std,0.036980222232601674,1780401170319,0b159a90989548dba96a7176e0721050,23,f
val_loss_avg,0.05814793798102484,1780401170319,0b159a90989548dba96a7176e0721050,23,f
val_macro_roc_auc,0.716032312601951,1780401170319,0b159a90989548dba96a7176e0721050,23,f
stdev_train_loss,0.004288258603209769,1780400947993,0b159a90989548dba96a7176e0721050,23,f
train_loss,0.040713620497169506,1780400948432,0b159a90989548dba96a7176e0721050,23,f
val_roc_auc_mood/theme---happy,0.7071275210964152,1780402117789,0b159a90989548dba96a7176e0721050,24,f
val_pr_auc_mood/theme---fast,0.050389779479487605,1780402117789,0b159a90989548dba96a7176e0721050,24,f
val_roc_auc_mood/theme---epic,0.8999958816891662,1780402117789,0b159a90989548dba96a7176e0721050,24,f
val_pr_auc_mood/theme---epic,0.4475533826324014,1780402117789,0b159a90989548dba96a7176e0721050,24,f
val_roc_auc_mood/theme---energetic,0.7493665649723356,1780402117789,0b159a90989548dba96a7176e0721050,24,f
val_pr_auc_mood/theme---energetic,0.18368558589984477,1780402117789,0b159a90989548dba96a7176e0721050,24,f
val_roc_auc_mood/theme---emotional,0.6544437804149237,1780402117789,0b159a90989548dba96a7176e0721050,24,f
val_pr_auc_mood/theme---emotional,0.14148146363901284,1780402117789,0b159a90989548dba96a7176e0721050,24,f
val_roc_auc_mood/theme---dream,0.7049619372047866,1780402117789,0b159a90989548dba96a7176e0721050,24,f
val_pr_auc_mood/theme---dream,0.1289732159841755,1780402117789,0b159a90989548dba96a7176e0721050,24,f
val_roc_auc_mood/theme---dramatic,0.6569017734482329,1780402117789,0b159a90989548dba96a7176e0721050,24,f
val_pr_auc_mood/theme---dramatic,0.02040621582370328,1780402117789,0b159a90989548dba96a7176e0721050,24,f
val_pr_auc_mood/theme---happy,0.24312330219121167,1780402117789,0b159a90989548dba96a7176e0721050,24,f
val_roc_auc_mood/theme---drama,0.6893827825670497,1780402117789,0b159a90989548dba96a7176e0721050,24,f
val_pr_auc_mood/theme---drama,0.04989083738762861,1780402117789,0b159a90989548dba96a7176e0721050,24,f
val_pr_auc_mood/theme---documentary,0.04985217751529924,1780402117789,0b159a90989548dba96a7176e0721050,24,f
val_roc_auc_mood/theme---documentary,0.6656302415157883,1780402117789,0b159a90989548dba96a7176e0721050,24,f
val_roc_auc_mood/theme---deep,0.8049204703836134,1780402117789,0b159a90989548dba96a7176e0721050,24,f
val_macro_roc_auc,0.7198214229121171,1780402117789,0b159a90989548dba96a7176e0721050,24,f
val_macro_pr_auc,0.09013103589385654,1780402117789,0b159a90989548dba96a7176e0721050,24,f
val_roc_auc_mood/theme---uplifting,0.6296495972754966,1780402117789,0b159a90989548dba96a7176e0721050,24,f
val_pr_auc_mood/theme---uplifting,0.060201907006069325,1780402117789,0b159a90989548dba96a7176e0721050,24,f
val_roc_auc_mood/theme---upbeat,0.591894765089588,1780402117789,0b159a90989548dba96a7176e0721050,24,f
val_pr_auc_mood/theme---upbeat,0.045838257388355674,1780402117789,0b159a90989548dba96a7176e0721050,24,f
val_roc_auc_mood/theme---travel,0.6249422230922745,1780402117789,0b159a90989548dba96a7176e0721050,24,f
val_pr_auc_mood/theme---travel,0.027898989971011402,1780402117789,0b159a90989548dba96a7176e0721050,24,f
val_roc_auc_mood/theme---trailer,0.9110177009524314,1780402117789,0b159a90989548dba96a7176e0721050,24,f
val_pr_auc_mood/theme---trailer,0.18161512165096627,1780402117789,0b159a90989548dba96a7176e0721050,24,f
val_roc_auc_mood/theme---summer,0.7798407466960418,1780402117789,0b159a90989548dba96a7176e0721050,24,f
val_pr_auc_mood/theme---summer,0.15292965379629767,1780402117789,0b159a90989548dba96a7176e0721050,24,f
val_roc_auc_mood/theme---sport,0.8806980256166452,1780402117789,0b159a90989548dba96a7176e0721050,24,f
val_pr_auc_mood/theme---sport,0.06482080349778362,1780402117789,0b159a90989548dba96a7176e0721050,24,f
val_roc_auc_mood/theme---space,0.7686997915561392,1780402117789,0b159a90989548dba96a7176e0721050,24,f
val_pr_auc_mood/theme---space,0.0612089992266435,1780402117789,0b159a90989548dba96a7176e0721050,24,f
val_roc_auc_mood/theme---soundscape,0.7473299108986841,1780402117789,0b159a90989548dba96a7176e0721050,24,f
val_pr_auc_mood/theme---soundscape,0.029496358642530827,1780402117789,0b159a90989548dba96a7176e0721050,24,f
val_roc_auc_mood/theme---soft,0.6918357886499727,1780402117789,0b159a90989548dba96a7176e0721050,24,f
val_pr_auc_mood/theme---soft,0.05547115366628196,1780402117789,0b159a90989548dba96a7176e0721050,24,f
val_roc_auc_mood/theme---groovy,0.8246251884932142,1780402117789,0b159a90989548dba96a7176e0721050,24,f
val_pr_auc_mood/theme---groovy,0.09076386126003573,1780402117789,0b159a90989548dba96a7176e0721050,24,f
val_roc_auc_mood/theme---game,0.6168004400260756,1780402117789,0b159a90989548dba96a7176e0721050,24,f
val_pr_auc_mood/theme---game,0.011482611212705551,1780402117789,0b159a90989548dba96a7176e0721050,24,f
val_roc_auc_mood/theme---funny,0.7492780468723035,1780402117789,0b159a90989548dba96a7176e0721050,24,f
val_pr_auc_mood/theme---funny,0.01988027928514076,1780402117789,0b159a90989548dba96a7176e0721050,24,f
val_roc_auc_mood/theme---fun,0.6445573627413999,1780402117789,0b159a90989548dba96a7176e0721050,24,f
val_loss_std,0.033263924470485755,1780402117789,0b159a90989548dba96a7176e0721050,24,f
val_loss_avg,0.05701198669143354,1780402117789,0b159a90989548dba96a7176e0721050,24,f
val_pr_auc_mood/theme---deep,0.1559674392578538,1780402117789,0b159a90989548dba96a7176e0721050,24,f
val_roc_auc_mood/theme---dark,0.6269370506278935,1780402117789,0b159a90989548dba96a7176e0721050,24,f
val_pr_auc_mood/theme---dark,0.11448608772931032,1780402117789,0b159a90989548dba96a7176e0721050,24,f
val_roc_auc_mood/theme---corporate,0.8011488065661864,1780402117789,0b159a90989548dba96a7176e0721050,24,f
val_pr_auc_mood/theme---corporate,0.12647446165845908,1780402117789,0b159a90989548dba96a7176e0721050,24,f
val_roc_auc_mood/theme---cool,0.7618646184588486,1780402117789,0b159a90989548dba96a7176e0721050,24,f
val_pr_auc_mood/theme---cool,0.035940050926115893,1780402117789,0b159a90989548dba96a7176e0721050,24,f
val_roc_auc_mood/theme---commercial,0.7058337161231052,1780402117789,0b159a90989548dba96a7176e0721050,24,f
val_pr_auc_mood/theme---commercial,0.05049937830124332,1780402117789,0b159a90989548dba96a7176e0721050,24,f
val_roc_auc_mood/theme---christmas,0.7770741503305881,1780402117789,0b159a90989548dba96a7176e0721050,24,f
val_pr_auc_mood/theme---christmas,0.0918942152504094,1780402117789,0b159a90989548dba96a7176e0721050,24,f
val_roc_auc_mood/theme---fast,0.8646716101694916,1780402117789,0b159a90989548dba96a7176e0721050,24,f
val_roc_auc_mood/theme---children,0.7133365428712892,1780402117789,0b159a90989548dba96a7176e0721050,24,f
val_pr_auc_mood/theme---children,0.09713170991565293,1780402117789,0b159a90989548dba96a7176e0721050,24,f
val_roc_auc_mood/theme---calm,0.6735735532720388,1780402117789,0b159a90989548dba96a7176e0721050,24,f
val_pr_auc_mood/theme---calm,0.05501666101297848,1780402117789,0b159a90989548dba96a7176e0721050,24,f
val_roc_auc_mood/theme---ballad,0.8026359416445624,1780402117789,0b159a90989548dba96a7176e0721050,24,f
val_pr_auc_mood/theme---ballad,0.09124164749125088,1780402117789,0b159a90989548dba96a7176e0721050,24,f
val_roc_auc_mood/theme---background,0.5557029177718833,1780402117789,0b159a90989548dba96a7176e0721050,24,f
val_pr_auc_mood/theme---background,0.010580374572735127,1780402117789,0b159a90989548dba96a7176e0721050,24,f
val_roc_auc_mood/theme---advertising,0.7513628707296872,1780402117789,0b159a90989548dba96a7176e0721050,24,f
val_pr_auc_mood/theme---advertising,0.14680316448757935,1780402117789,0b159a90989548dba96a7176e0721050,24,f
val_roc_auc_mood/theme---adventure,0.5439181745572723,1780402117789,0b159a90989548dba96a7176e0721050,24,f
val_pr_auc_mood/theme---adventure,0.02548438778784507,1780402117789,0b159a90989548dba96a7176e0721050,24,f
val_roc_auc_mood/theme---action,0.7010117184656817,1780402117789,0b159a90989548dba96a7176e0721050,24,f
train_loss,0.040534318279638784,1780401898602,0b159a90989548dba96a7176e0721050,24,f
val_pr_auc_mood/theme---action,0.15750681296061161,1780402117789,0b159a90989548dba96a7176e0721050,24,f
avg_train_loss,0.040534318279638784,1780401897668,0b159a90989548dba96a7176e0721050,24,f
val_pr_auc_mood/theme---fun,0.08341106700539845,1780402117789,0b159a90989548dba96a7176e0721050,24,f
val_roc_auc_mood/theme---film,0.7004807656748102,1780402117789,0b159a90989548dba96a7176e0721050,24,f
val_roc_auc_mood/theme---slow,0.763353246400298,1780402117789,0b159a90989548dba96a7176e0721050,24,f
val_pr_auc_mood/theme---film,0.133958658412854,1780402117789,0b159a90989548dba96a7176e0721050,24,f
stdev_train_loss,0.004283197131081368,1780401898151,0b159a90989548dba96a7176e0721050,24,f
val_pr_auc_mood/theme---slow,0.03475135439992088,1780402117789,0b159a90989548dba96a7176e0721050,24,f
val_roc_auc_mood/theme---sexy,0.7490470550231506,1780402117789,0b159a90989548dba96a7176e0721050,24,f
val_pr_auc_mood/theme---sexy,0.020241755521040728,1780402117789,0b159a90989548dba96a7176e0721050,24,f
val_roc_auc_mood/theme---sad,0.7193593716556391,1780402117789,0b159a90989548dba96a7176e0721050,24,f
val_pr_auc_mood/theme---sad,0.0823699518913755,1780402117789,0b159a90989548dba96a7176e0721050,24,f
val_roc_auc_mood/theme---romantic,0.7394159811553398,1780402117789,0b159a90989548dba96a7176e0721050,24,f
val_pr_auc_mood/theme---romantic,0.08002883734043535,1780402117789,0b159a90989548dba96a7176e0721050,24,f
val_roc_auc_mood/theme---retro,0.547992555171497,1780402117789,0b159a90989548dba96a7176e0721050,24,f
val_pr_auc_mood/theme---retro,0.011814092707308353,1780402117789,0b159a90989548dba96a7176e0721050,24,f
val_roc_auc_mood/theme---relaxing,0.7523186331751852,1780402117789,0b159a90989548dba96a7176e0721050,24,f
val_pr_auc_mood/theme---relaxing,0.2341440605472253,1780402117789,0b159a90989548dba96a7176e0721050,24,f
val_roc_auc_mood/theme---powerful,0.6646117233759243,1780402117789,0b159a90989548dba96a7176e0721050,24,f
val_pr_auc_mood/theme---powerful,0.02234790896505111,1780402117789,0b159a90989548dba96a7176e0721050,24,f
val_roc_auc_mood/theme---positive,0.6719335205992509,1780402117789,0b159a90989548dba96a7176e0721050,24,f
val_pr_auc_mood/theme---positive,0.033132547038374295,1780402117789,0b159a90989548dba96a7176e0721050,24,f
val_roc_auc_mood/theme---party,0.8368330387561157,1780402117789,0b159a90989548dba96a7176e0721050,24,f
val_pr_auc_mood/theme---party,0.09559022001288028,1780402117789,0b159a90989548dba96a7176e0721050,24,f
val_roc_auc_mood/theme---nature,0.733838331858134,1780402117789,0b159a90989548dba96a7176e0721050,24,f
val_pr_auc_mood/theme---nature,0.039182834538037975,1780402117789,0b159a90989548dba96a7176e0721050,24,f
val_roc_auc_mood/theme---movie,0.738361116641918,1780402117789,0b159a90989548dba96a7176e0721050,24,f
val_pr_auc_mood/theme---movie,0.08700510934502112,1780402117789,0b159a90989548dba96a7176e0721050,24,f
val_roc_auc_mood/theme---motivational,0.8266559341740453,1780402117789,0b159a90989548dba96a7176e0721050,24,f
val_pr_auc_mood/theme---motivational,0.15250439920710274,1780402117789,0b159a90989548dba96a7176e0721050,24,f
val_roc_auc_mood/theme---melodic,0.5913720847788104,1780402117789,0b159a90989548dba96a7176e0721050,24,f
val_pr_auc_mood/theme---melodic,0.11524924844945486,1780402117789,0b159a90989548dba96a7176e0721050,24,f
val_roc_auc_mood/theme---melancholic,0.6940073370580009,1780402117789,0b159a90989548dba96a7176e0721050,24,f
val_pr_auc_mood/theme---melancholic,0.058158623329539264,1780402117789,0b159a90989548dba96a7176e0721050,24,f
val_roc_auc_mood/theme---meditative,0.7721583552399263,1780402117789,0b159a90989548dba96a7176e0721050,24,f
val_pr_auc_mood/theme---meditative,0.13962574978169523,1780402117789,0b159a90989548dba96a7176e0721050,24,f
val_roc_auc_mood/theme---love,0.6980107216061386,1780402117789,0b159a90989548dba96a7176e0721050,24,f
val_pr_auc_mood/theme---love,0.1044075412916946,1780402117789,0b159a90989548dba96a7176e0721050,24,f
val_roc_auc_mood/theme---inspiring,0.6272875148422709,1780402117789,0b159a90989548dba96a7176e0721050,24,f
val_pr_auc_mood/theme---inspiring,0.07281840950110427,1780402117789,0b159a90989548dba96a7176e0721050,24,f
val_roc_auc_mood/theme---hopeful,0.7265666489644186,1780402117789,0b159a90989548dba96a7176e0721050,24,f
val_pr_auc_mood/theme---hopeful,0.02237322645251423,1780402117789,0b159a90989548dba96a7176e0721050,24,f
val_roc_auc_mood/theme---holiday,0.5659789904812469,1780402117789,0b159a90989548dba96a7176e0721050,24,f
val_pr_auc_mood/theme---holiday,0.04340782460752498,1780402117789,0b159a90989548dba96a7176e0721050,24,f
val_roc_auc_mood/theme---heavy,0.917444543605329,1780402117789,0b159a90989548dba96a7176e0721050,24,f
val_pr_auc_mood/theme---heavy,0.10482424120177995,1780402117789,0b159a90989548dba96a7176e0721050,24,f
